timestamp_iso,variant,ip,base_port,num_requests,trial,exit_code,wall_time_s,client_latency_s,selftest_mode_reported,result_mode,result_num_requests,result_total_time_s,result_throughput_rps,result_avg_us,result_p50_us,result_p95_us,result_p99_us,result_min_us,result_max_us,result_status,stdout_tail,stderr_tail,strace_summary,perf_stat
2026-03-17T17:32:15,tcp,128.110.216.196,26500,75,1,0,40.03114577697124,6.29748e-05,tcp,tcp,75,12.6213,5.94232,168280.0,150735.0,200393.0,222088.0,149316.0,223903.0,OK,,"E20260317 17:30:55.631582 435712 transaction_manager.cpp:91]  execute batch seq:75
E20260317 17:30:55.631629 435917 consensus_manager_pbft.cpp:208] recv impl type:5 sender id:3 seq:76 primary:1 is recovery:0
E20260317 17:30:55.631513 435813 checkpoint_manager.cpp:530]  add commited state:76
E20260317 17:30:55.631723 435790 lock_free_collector_pool.cpp:71]  update:332 seq:332 cap:256 update seq:76
E20260317 17:30:55.631554 435709 lock_free_collector_pool.cpp:71]  update:332 seq:332 cap:256 update seq:76
E20260317 17:30:55.631837 435822 consensus_manager_pbft.cpp:208] recv impl type:5 sender id:2 seq:76 primary:1 is recovery:0
E20260317 17:30:55.631893 435822 message_manager.cpp:188]  seq:76 type:5 has been committed
E20260317 17:30:55.631945 435858 consensus_manager_pbft.cpp:208] recv impl type:5 sender id:2 seq:76 primary:1 is recovery:0
E20260317 17:30:55.632001 435858 message_manager.cpp:188]  seq:76 type:5 has been committed
E20260317 17:30:55.631515 435739 transaction_manager.cpp:91]  execute batch seq:75
E20260317 17:30:55.632119 435748 commitment.cpp:363] send back to proxy:1
E20260317 17:30:55.631457 435875 consensus_manager_pbft.cpp:208] recv impl type:5 sender id:3 seq:76 primary:1 is recovery:0
E20260317 17:30:55.632248 435914 consensus_manager_pbft.cpp:208] recv impl type:5 sender id:2 seq:76 primary:1 is recovery:0
E20260317 17:30:55.632299 435763 lock_free_collector_pool.cpp:71]  update:332 seq:332 cap:256 update seq:76
E20260317 17:30:55.632015 435886 consensus_manager_pbft.cpp:208] recv impl type:5 sender id:2 seq:76 primary:1 is recovery:0
E20260317 17:30:55.631731 435791 transaction_manager.cpp:91]  execute batch seq:75
E20260317 17:30:55.632248 435875 checkpoint_manager.cpp:530]  add commited state:76
E20260317 17:30:55.632467 435802 commitment.cpp:363] send back to proxy:1
E20260317 17:30:55.631685 435721 commitment.cpp:363] send back to proxy:1
E20260317 17:30:55.632316 435764 transaction_manager.cpp:91]  execute batch seq:75
E20260317 17:30:55.631678 435917 checkpoint_manager.cpp:530]  add commited state:76
E20260317 17:30:55.632633 435775 commitment.cpp:363] send back to proxy:1
E20260317 17:30:55.632301 435914 message_manager.cpp:204]  add request fail
E20260317 17:30:55.632387 435886 message_manager.cpp:204]  add request fail
E20260317 17:30:55.656190 435817 consensus_manager_pbft.cpp:208] recv impl type:7 sender id:1 seq:76 primary:1 is recovery:0
E20260317 17:30:55.656250 435817 response_manager.cpp:187]  receive request seq:76 type:7 local id:76
E20260317 17:30:55.656283 435817 response_manager.cpp:214]  get receive count:0 seq:76
E20260317 17:30:55.677246 435817 consensus_manager_pbft.cpp:208] recv impl type:7 sender id:2 seq:76 primary:1 is recovery:0
E20260317 17:30:55.677304 435817 response_manager.cpp:187]  receive request seq:76 type:7 local id:76
E20260317 17:30:55.677336 435817 response_manager.cpp:214]  get receive count:1 seq:76
E20260317 17:30:55.677412 435817 lock_free_collector_pool.cpp:71]  update:332 seq:332 cap:256 update seq:76
E20260317 17:30:55.677448 435817 response_manager.cpp:227] SendResponseToClient local_id:76 seq:76 proxy_id:1
E20260317 17:30:55.677479 435817 lock_free_collector_pool.cpp:71]  update:332 seq:332 cap:256 update seq:76
E20260317 17:30:55.677579 435817 response_manager.cpp:259] response sent to client local_id:76 seq:76
E20260317 17:30:55.677590 435700 consensus_server.cpp:223] Selftest completed request i=74 ret=0 value=light_value
E20260317 17:30:55.678004 435816 consensus_manager_pbft.cpp:208] recv impl type:7 sender id:4 seq:76 primary:1 is recovery:0
E20260317 17:30:55.678074 435816 response_manager.cpp:187]  receive request seq:76 type:7 local id:76
E20260317 17:30:56.633188 435700 consensus_server.cpp:291] Self-test passed mode=tcp (GET verified, last_value=light_value)
E20260317 17:30:56.633633 435700 consensus_server.cpp:294] RESULT mode=tcp num_requests=75 total_time_s=12.6213 throughput_rps=5.94232 avg_us=168280 p50_us=150735 p95_us=200393 p99_us=222088 min_us=149316 max_us=223903 status=OK
E20260317 17:31:00.612900 435701 stats.cpp:474]   req client latency:9.8847e-05","E20260317 17:31:53.197782 436115 consensus_manager_pbft.cpp:208] recv impl type:4 sender id:2 seq:75 primary:1 is recovery:0
E20260317 17:31:53.197788 436112 consensus_manager_pbft.cpp:208] recv impl type:4 sender id:1 seq:75 primary:1 is recovery:0
E20260317 17:31:53.201483 436136 consensus_manager_pbft.cpp:208] recv impl type:4 sender id:2 seq:75 primary:1 is recovery:0
E20260317 17:31:53.205096 436159 consensus_manager_pbft.cpp:208] recv impl type:4 sender id:1 seq:75 primary:1 is recovery:0
E20260317 17:31:53.177198 436114 consensus_manager_pbft.cpp:208] recv impl type:4 sender id:3 seq:75 primary:1 is recovery:0
E20260317 17:31:53.205753 436090 checkpoint_manager.cpp:495] get high prepared seq:74
E20260317 17:31:53.208890 436138 checkpoint_manager.cpp:495] get high prepared seq:74
E20260317 17:31:53.213766 436161 checkpoint_manager.cpp:495] get high prepared seq:74
E20260317 17:31:53.215540 436112 checkpoint_manager.cpp:495] get high prepared seq:74
E20260317 17:31:53.219471 436090 checkpoint_manager.cpp:500] set high prepared seq:75
E20260317 17:31:53.220723 436138 checkpoint_manager.cpp:500] set high prepared seq:75
E20260317 17:31:53.221841 436161 checkpoint_manager.cpp:500] set high prepared seq:75
E20260317 17:31:53.222898 436112 checkpoint_manager.cpp:500] set high prepared seq:75
E20260317 17:31:53.238672 436091 consensus_manager_pbft.cpp:208] recv impl type:5 sender id:3 seq:75 primary:1 is recovery:0
E20260317 17:31:53.254691 436162 consensus_manager_pbft.cpp:208] recv impl type:5 sender id:3 seq:75 primary:1 is recovery:0
E20260317 17:31:53.247911 436139 consensus_manager_pbft.cpp:208] recv impl type:5 sender id:3 seq:75 primary:1 is recovery:0
E20260317 17:31:53.287689 436111 consensus_manager_pbft.cpp:208] recv impl type:5 sender id:2 seq:75 primary:1 is recovery:0
E20260317 17:31:53.261603 436091 consensus_manager_pbft.cpp:208] recv impl type:5 sender id:1 seq:75 primary:1 is recovery:0
E20260317 17:31:53.266881 436090 consensus_manager_pbft.cpp:208] recv impl type:5 sender id:2 seq:75 primary:1 is recovery:0
E20260317 17:31:53.278239 436138 consensus_manager_pbft.cpp:208] recv impl type:5 sender id:1 seq:75 primary:1 is recovery:0
E20260317 17:31:53.278349 436089 consensus_manager_pbft.cpp:208] recv impl type:5 sender id:4 seq:75 primary:1 is recovery:0
E20260317 17:31:53.280709 436137 consensus_manager_pbft.cpp:208] recv impl type:5 sender id:2 seq:75 primary:1 is recovery:0
E20260317 17:31:53.280755 436114 consensus_manager_pbft.cpp:208] recv impl type:5 sender id:4 seq:75 primary:1 is recovery:0
E20260317 17:31:53.294549 436035 transaction_manager.cpp:91]  execute batch seq:74
E20260317 17:31:53.284519 436161 consensus_manager_pbft.cpp:208] recv impl type:5 sender id:4 seq:75 primary:1 is recovery:0
E20260317 17:31:53.284528 436136 consensus_manager_pbft.cpp:208] recv impl type:5 sender id:4 seq:75 primary:1 is recovery:0
E20260317 17:31:53.286159 436163 consensus_manager_pbft.cpp:208] recv impl type:5 sender id:2 seq:75 primary:1 is recovery:0
E20260317 17:31:53.287390 436112 consensus_manager_pbft.cpp:208] recv impl type:5 sender id:1 seq:75 primary:1 is recovery:0
E20260317 17:31:53.299965 436053 lock_free_collector_pool.cpp:71]  update:331 seq:331 cap:256 update seq:75
E20260317 17:31:53.290522 436090 checkpoint_manager.cpp:530]  add commited state:75
E20260317 17:31:53.291114 435972 lock_free_collector_pool.cpp:71]  update:331 seq:331 cap:256 update seq:75
E20260317 17:31:53.291517 435982 transaction_manager.cpp:91]  execute batch seq:74
E20260317 17:31:53.292564 436089 message_manager.cpp:204]  add request fail
E20260317 17:31:53.293738 436137 checkpoint_manager.cpp:530]  add commited state:75
E20260317 17:31:53.294333 436026 lock_free_collector_pool.cpp:71]  update:331 seq:331 cap:256 update seq:75
E20260317 17:31:53.282533 436160 consensus_manager_pbft.cpp:208] recv impl type:5 sender id:1 seq:75 primary:1 is recovery:0
E20260317 17:31:53.296502 436038 commitment.cpp:363] send back to proxy:1
E20260317 17:31:53.298051 436136 message_manager.cpp:204]  add request fail
E20260317 17:31:53.299177 436163 checkpoint_manager.cpp:530]  add commited state:75
E20260317 17:31:53.245087 436115 consensus_manager_pbft.cpp:208] recv impl type:5 sender id:3 seq:75 primary:1 is recovery:0
E20260317 17:31:53.300187 436060 transaction_manager.cpp:91]  execute batch seq:74
E20260317 17:31:53.300639 436112 checkpoint_manager.cpp:530]  add commited state:75
E20260317 17:31:53.301043 435999 lock_free_collector_pool.cpp:71]  update:331 seq:331 cap:256 update seq:75
E20260317 17:31:53.301482 436007 transaction_manager.cpp:91]  execute batch seq:74
E20260317 17:31:53.304522 435984 commitment.cpp:363] send back to proxy:1
E20260317 17:31:53.308647 436160 message_manager.cpp:204]  add request fail
E20260317 17:31:53.312253 436115 message_manager.cpp:204]  add request fail
E20260317 17:31:53.313866 436065 commitment.cpp:363] send back to proxy:1
E20260317 17:31:53.316344 436011 commitment.cpp:363] send back to proxy:1
E20260317 17:31:53.326499 436091 consensus_manager_pbft.cpp:208] recv impl type:7 sender id:1 seq:75 primary:1 is recovery:0
E20260317 17:31:53.327422 436091 response_manager.cpp:187]  receive request seq:75 type:7 local id:75
E20260317 17:31:53.328959 436091 response_manager.cpp:214]  get receive count:0 seq:75
E20260317 17:31:53.357740 436091 consensus_manager_pbft.cpp:208] recv impl type:7 sender id:2 seq:75 primary:1 is recovery:0
E20260317 17:31:53.362197 436091 response_manager.cpp:187]  receive request seq:75 type:7 local id:75
E20260317 17:31:53.364415 436090 consensus_manager_pbft.cpp:208] recv impl type:7 sender id:4 seq:75 primary:1 is recovery:0
E20260317 17:31:53.364594 436089 consensus_manager_pbft.cpp:208] recv impl type:7 sender id:3 seq:75 primary:1 is recovery:0
E20260317 17:31:53.365072 436091 response_manager.cpp:214]  get receive count:1 seq:75
E20260317 17:31:53.366297 436090 response_manager.cpp:187]  receive request seq:75 type:7 local id:75
E20260317 17:31:53.367148 436089 response_manager.cpp:187]  receive request seq:75 type:7 local id:75
E20260317 17:31:53.367954 436091 lock_free_collector_pool.cpp:71]  update:331 seq:331 cap:256 update seq:75
E20260317 17:31:53.370332 436091 response_manager.cpp:227] SendResponseToClient local_id:75 seq:75 proxy_id:1
E20260317 17:31:53.372120 436091 lock_free_collector_pool.cpp:71]  update:331 seq:331 cap:256 update seq:75
E20260317 17:31:53.373251 435963 consensus_server.cpp:223] Selftest completed request i=73 ret=0 value=light_value
E20260317 17:31:53.373401 436091 response_manager.cpp:259] response sent to client local_id:75 seq:75
E20260317 17:31:53.374197 435963 consensus_server.cpp:221] Selftest sending request i=74
E20260317 17:31:53.379743 436091 consensus_manager_pbft.cpp:208] recv impl type:2 sender id:0 seq:0 primary:1 is recovery:0
E20260317 17:31:53.481187 435986 response_manager.cpp:327] add context list:0 list size:1 local_id:76
E20260317 17:31:53.527390 436091 consensus_manager_pbft.cpp:208] recv impl type:14 sender id:1 seq:0 primary:1 is recovery:0
E20260317 17:31:53.543848 436091 consensus_manager_pbft.cpp:208] recv impl type:3 sender id:1 seq:76 primary:1 is recovery:0
E20260317 17:31:53.549333 436115 consensus_manager_pbft.cpp:208] recv impl type:3 sender id:1 seq:76 primary:1 is recovery:0
E20260317 17:31:53.550730 436139 consensus_manager_pbft.cpp:208] recv impl type:3 sender id:1 seq:76 primary:1 is recovery:0
E20260317 17:31:53.552114 436163 consensus_manager_pbft.cpp:208] recv impl type:3 sender id:1 seq:76 primary:1 is recovery:0
E20260317 17:31:53.570222 436091 consensus_manager_pbft.cpp:208] recv impl type:4 sender id:3 seq:76 primary:1 is recovery:0
E20260317 17:31:53.592573 436089 consensus_manager_pbft.cpp:208] recv impl type:4 sender id:2 seq:76 primary:1 is recovery:0
E20260317 17:31:53.608575 436159 consensus_manager_pbft.cpp:208] recv impl type:4 sender id:1 seq:76 primary:1 is recovery:0
E20260317 17:31:53.589619 436139 consensus_manager_pbft.cpp:208] recv impl type:4 sender id:4 seq:76 primary:1 is recovery:0
E20260317 17:31:53.586635 436115 consensus_manager_pbft.cpp:208] recv impl type:4 sender id:4 seq:76 primary:1 is recovery:0
E20260317 17:31:53.592502 436138 consensus_manager_pbft.cpp:208] recv impl type:4 sender id:3 seq:76 primary:1 is recovery:0
E20260317 17:31:53.586637 436114 consensus_manager_pbft.cpp:208] recv impl type:4 sender id:3 seq:76 primary:1 is recovery:0
E20260317 17:31:53.592581 436088 consensus_manager_pbft.cpp:208] recv impl type:4 sender id:1 seq:76 primary:1 is recovery:0
E20260317 17:31:53.582357 436090 consensus_manager_pbft.cpp:208] recv impl type:4 sender id:4 seq:76 primary:1 is recovery:0
E20260317 17:31:53.601173 436161 consensus_manager_pbft.cpp:208] recv impl type:4 sender id:3 seq:76 primary:1 is recovery:0
E20260317 17:31:53.601240 436112 consensus_manager_pbft.cpp:208] recv impl type:4 sender id:1 seq:76 primary:1 is recovery:0
E20260317 17:31:53.603365 436162 consensus_manager_pbft.cpp:208] recv impl type:4 sender id:4 seq:76 primary:1 is recovery:0
E20260317 17:31:53.605392 436163 consensus_manager_pbft.cpp:208] recv impl type:4 sender id:2 seq:76 primary:1 is recovery:0
E20260317 17:31:53.605444 436137 consensus_manager_pbft.cpp:208] recv impl type:4 sender id:2 seq:76 primary:1 is recovery:0
E20260317 17:31:53.586643 436113 consensus_manager_pbft.cpp:208] recv impl type:4 sender id:2 seq:76 primary:1 is recovery:0
E20260317 17:31:53.609230 436136 consensus_manager_pbft.cpp:208] recv impl type:4 sender id:1 seq:76 primary:1 is recovery:0
E20260317 17:31:53.609243 436089 checkpoint_manager.cpp:495] get high prepared seq:75
E20260317 17:31:53.614534 436114 checkpoint_manager.cpp:495] get high prepared seq:75
E20260317 17:31:53.617077 436161 checkpoint_manager.cpp:495] get high prepared seq:75
E20260317 17:31:53.620589 436137 checkpoint_manager.cpp:495] get high prepared seq:75
E20260317 17:31:53.624161 436089 checkpoint_manager.cpp:500] set high prepared seq:76
E20260317 17:31:53.625300 436114 checkpoint_manager.cpp:500] set high prepared seq:76
E20260317 17:31:53.626541 436161 checkpoint_manager.cpp:500] set high prepared seq:76
E20260317 17:31:53.627566 436137 checkpoint_manager.cpp:500] set high prepared seq:76
E20260317 17:31:53.643689 436091 consensus_manager_pbft.cpp:208] recv impl type:5 sender id:2 seq:76 primary:1 is recovery:0
E20260317 17:31:53.663986 436163 consensus_manager_pbft.cpp:208] recv impl type:5 sender id:2 seq:76 primary:1 is recovery:0
E20260317 17:31:53.692946 436161 consensus_manager_pbft.cpp:208] recv impl type:5 sender id:3 seq:76 primary:1 is recovery:0
E20260317 17:31:53.702368 436136 consensus_manager_pbft.cpp:208] recv impl type:5 sender id:4 seq:76 primary:1 is recovery:0
E20260317 17:31:53.672740 436114 consensus_manager_pbft.cpp:208] recv impl type:5 sender id:3 seq:76 primary:1 is recovery:0
E20260317 17:31:53.672794 436090 consensus_manager_pbft.cpp:208] recv impl type:5 sender id:3 seq:76 primary:1 is recovery:0
E20260317 17:31:53.676719 436139 consensus_manager_pbft.cpp:208] recv impl type:5 sender id:3 seq:76 primary:1 is recovery:0
E20260317 17:31:53.676787 436091 consensus_manager_pbft.cpp:208] recv impl type:5 sender id:4 seq:76 primary:1 is recovery:0
E20260317 17:31:53.684657 436113 consensus_manager_pbft.cpp:208] recv impl type:5 sender id:4 seq:76 primary:1 is recovery:0
E20260317 17:31:53.710716 435979 transaction_manager.cpp:91]  execute batch seq:75
E20260317 17:31:53.653831 436115 consensus_manager_pbft.cpp:208] recv impl type:5 sender id:2 seq:76 primary:1 is recovery:0
E20260317 17:31:53.695266 436112 consensus_manager_pbft.cpp:208] recv impl type:5 sender id:1 seq:76 primary:1 is recovery:0
E20260317 17:31:53.695273 436089 consensus_manager_pbft.cpp:208] recv impl type:5 sender id:1 seq:76 primary:1 is recovery:0
E20260317 17:31:53.697638 436163 consensus_manager_pbft.cpp:208] recv impl type:5 sender id:4 seq:76 primary:1 is recovery:0
E20260317 17:31:53.653820 436138 consensus_manager_pbft.cpp:208] recv impl type:5 sender id:2 seq:76 primary:1 is recovery:0
E20260317 17:31:53.704450 436162 consensus_manager_pbft.cpp:208] recv impl type:5 sender id:1 seq:76 primary:1 is recovery:0
E20260317 17:31:53.719655 436036 transaction_manager.cpp:91]  execute batch seq:75
E20260317 17:31:53.710280 435972 lock_free_collector_pool.cpp:71]  update:332 seq:332 cap:256 update seq:76
E20260317 17:31:53.695251 436137 consensus_manager_pbft.cpp:208] recv impl type:5 sender id:1 seq:76 primary:1 is recovery:0
E20260317 17:31:53.712352 435984 commitment.cpp:363] send back to proxy:1
E20260317 17:31:53.713245 436115 checkpoint_manager.cpp:530]  add commited state:76
E20260317 17:31:53.713848 435999 lock_free_collector_pool.cpp:71]  update:332 seq:332 cap:256 update seq:76
E20260317 17:31:53.714356 436006 transaction_manager.cpp:91]  execute batch seq:75
E20260317 17:31:53.714803 436112 message_manager.cpp:204]  add request fail
E20260317 17:31:53.716346 436089 message_manager.cpp:204]  add request fail
E20260317 17:31:53.717419 436163 checkpoint_manager.cpp:530]  add commited state:76
E20260317 17:31:53.717983 436053 lock_free_collector_pool.cpp:71]  update:332 seq:332 cap:256 update seq:76
E20260317 17:31:53.718353 436062 transaction_manager.cpp:91]  execute batch seq:75
E20260317 17:31:53.718719 436138 checkpoint_manager.cpp:530]  add commited state:76
E20260317 17:31:53.719274 436026 lock_free_collector_pool.cpp:71]  update:332 seq:332 cap:256 update seq:76
E20260317 17:31:53.709434 436091 checkpoint_manager.cpp:530]  add commited state:76
E20260317 17:31:53.719847 436162 message_manager.cpp:204]  add request fail
E20260317 17:31:53.721167 436038 commitment.cpp:363] send back to proxy:1
E20260317 17:31:53.722975 436137 message_manager.cpp:204]  add request fail
E20260317 17:31:53.727819 436011 commitment.cpp:363] send back to proxy:1
E20260317 17:31:53.732465 436065 commitment.cpp:363] send back to proxy:1
E20260317 17:31:53.738390 436090 consensus_manager_pbft.cpp:208] recv impl type:7 sender id:1 seq:76 primary:1 is recovery:0
E20260317 17:31:53.745609 436090 response_manager.cpp:187]  receive request seq:76 type:7 local id:76
E20260317 17:31:53.746376 436090 response_manager.cpp:214]  get receive count:0 seq:76
E20260317 17:31:53.766774 436091 consensus_manager_pbft.cpp:208] recv impl type:7 sender id:2 seq:76 primary:1 is recovery:0
E20260317 17:31:53.769157 436091 response_manager.cpp:187]  receive request seq:76 type:7 local id:76
E20260317 17:31:53.774252 436090 consensus_manager_pbft.cpp:208] recv impl type:7 sender id:4 seq:76 primary:1 is recovery:0
E20260317 17:31:53.774462 436091 response_manager.cpp:214]  get receive count:1 seq:76
E20260317 17:31:53.777501 436089 consensus_manager_pbft.cpp:208] recv impl type:7 sender id:3 seq:76 primary:1 is recovery:0
E20260317 17:31:53.778246 436090 response_manager.cpp:187]  receive request seq:76 type:7 local id:76
E20260317 17:31:53.779088 436091 lock_free_collector_pool.cpp:71]  update:332 seq:332 cap:256 update seq:76
E20260317 17:31:53.780058 436089 response_manager.cpp:187]  receive request seq:76 type:7 local id:76
E20260317 17:31:53.782233 436091 response_manager.cpp:227] SendResponseToClient local_id:76 seq:76 proxy_id:1
E20260317 17:31:53.783891 436091 lock_free_collector_pool.cpp:71]  update:332 seq:332 cap:256 update seq:76
E20260317 17:31:53.785111 435963 consensus_server.cpp:223] Selftest completed request i=74 ret=0 value=light_value
E20260317 17:31:53.785113 436091 response_manager.cpp:259] response sent to client local_id:76 seq:76
E20260317 17:31:54.784698 435963 consensus_server.cpp:291] Self-test passed mode=tcp (GET verified, last_value=light_value)
E20260317 17:31:54.785228 435963 consensus_server.cpp:294] RESULT mode=tcp num_requests=75 total_time_s=30.1764 throughput_rps=2.48539 avg_us=402348 p50_us=409449 p95_us=418928 p99_us=434850 min_us=341578 max_us=435089 status=OK
E20260317 17:31:55.733989 435964 stats.cpp:474]   req client latency:0.000293239
% time     seconds  usecs/call     calls    errors syscall
------ ----------- ----------- --------- --------- ------------------
 90.53 1125.646500        3904    288319     96454 futex
  3.55   44.094986        9133      4828           epoll_pwait
  2.64   32.768233      668739        49           clock_nanosleep
  1.99   24.698288      118173       209       117 accept
  0.78    9.692049         910     10646      4104 recvfrom
  0.18    2.239073         231      9665           gettid
  0.17    2.071574         316      6536           sendto
  0.08    0.948245          49     19288           write
  0.07    0.826460          43     19111           getpid
  0.01    0.148622          38      3893           mprotect
  0.01    0.095456         328       291           epoll_ctl
  0.00    0.015604          18       847           rt_sigprocmask
  0.00    0.013850          66       209           clone
  0.00    0.011895          52       227           close
  0.00    0.010602         115        92        16 connect
  0.00    0.010378          49       209           madvise
  0.00    0.009736         106        91           setsockopt
  0.00    0.009503          34       274           munmap
  0.00    0.009369          30       312           mmap
  0.00    0.004545          11       397           brk
  0.00    0.004208          37       112           ioctl
  0.00    0.003518          34       101           socket
  0.00    0.003330          15       210           rseq
  0.00    0.003128          14       210           set_robust_list
  0.00    0.001569          98        16           ppoll
  0.00    0.001493          93        16           getsockopt
  0.00    0.000360          25        14         1 openat
  0.00    0.000214          26         8           epoll_create1
  0.00    0.000187          23         8           timerfd_create
  0.00    0.000185          23         8           eventfd2
  0.00    0.000126           7        16         1 newfstatat
  0.00    0.000102           6        15           rt_sigaction
  0.00    0.000063          21         3         3 unlinkat
  0.00    0.000062           6        10           read
  0.00    0.000049           8         6           fcntl
  0.00    0.000042          10         4           uname
  0.00    0.000039           4         8           bind
  0.00    0.000036           9         4           lseek
  0.00    0.000026           8         3         3 symlinkat
  0.00    0.000023           2         8           listen
  0.00    0.000010          10         1           getrandom
  0.00    0.000009           9         1           sched_getaffinity
  0.00    0.000009           9         1           prlimit64
  0.00    0.000006           6         1           set_tid_address
  0.00    0.000000           0         1         1 faccessat
  0.00    0.000000           0         1           execve
------ ----------- ----------- --------- --------- ------------------
100.00 1243.343762        3394    366279    100700 total",
2026-03-17T17:33:50,tcp,128.110.216.196,26500,75,2,0,40.03157294099219,0.000104087,tcp,tcp,75,15.0233,4.99225,200306.0,200304.0,200487.0,200628.0,199998.0,200676.0,OK,,"E20260317 17:32:33.194514 436381 consensus_manager_pbft.cpp:208] recv impl type:5 sender id:2 seq:76 primary:1 is recovery:0
E20260317 17:32:33.194767 436224 commitment.cpp:363] send back to proxy:1
E20260317 17:32:33.194790 436381 checkpoint_manager.cpp:530]  add commited state:76
E20260317 17:32:33.194578 436189 transaction_manager.cpp:91]  execute batch seq:75
E20260317 17:32:33.194304 436355 consensus_manager_pbft.cpp:208] recv impl type:5 sender id:2 seq:76 primary:1 is recovery:0
E20260317 17:32:33.194916 436197 commitment.cpp:363] send back to proxy:1
E20260317 17:32:33.194968 436239 lock_free_collector_pool.cpp:71]  update:332 seq:332 cap:256 update seq:76
E20260317 17:32:33.195057 436246 transaction_manager.cpp:91]  execute batch seq:75
E20260317 17:32:33.194931 436355 checkpoint_manager.cpp:530]  add commited state:76
E20260317 17:32:33.194857 436269 transaction_manager.cpp:91]  execute batch seq:75
E20260317 17:32:33.194808 436266 lock_free_collector_pool.cpp:71]  update:332 seq:332 cap:256 update seq:76
E20260317 17:32:33.195091 436348 consensus_manager_pbft.cpp:208] recv impl type:5 sender id:4 seq:76 primary:1 is recovery:0
E20260317 17:32:33.195149 436251 commitment.cpp:363] send back to proxy:1
E20260317 17:32:33.195179 436324 consensus_manager_pbft.cpp:208] recv impl type:5 sender id:4 seq:76 primary:1 is recovery:0
E20260317 17:32:33.195179 436295 consensus_manager_pbft.cpp:208] recv impl type:5 sender id:4 seq:76 primary:1 is recovery:0
E20260317 17:32:33.195219 436278 commitment.cpp:363] send back to proxy:1
E20260317 17:32:33.194365 436327 checkpoint_manager.cpp:530]  add commited state:76
E20260317 17:32:33.195269 436348 message_manager.cpp:188]  seq:76 type:5 has been committed
E20260317 17:32:33.195273 436377 consensus_manager_pbft.cpp:208] recv impl type:5 sender id:4 seq:76 primary:1 is recovery:0
E20260317 17:32:33.195369 436324 message_manager.cpp:204]  add request fail
E20260317 17:32:33.195405 436295 message_manager.cpp:188]  seq:76 type:5 has been committed
E20260317 17:32:33.195573 436377 message_manager.cpp:188]  seq:76 type:5 has been committed
E20260317 17:32:33.221441 436289 consensus_manager_pbft.cpp:208] recv impl type:7 sender id:1 seq:76 primary:1 is recovery:0
E20260317 17:32:33.221501 436289 response_manager.cpp:187]  receive request seq:76 type:7 local id:76
E20260317 17:32:33.221531 436289 response_manager.cpp:214]  get receive count:0 seq:76
E20260317 17:32:33.222836 436301 consensus_manager_pbft.cpp:208] recv impl type:7 sender id:2 seq:76 primary:1 is recovery:0
E20260317 17:32:33.222851 436296 consensus_manager_pbft.cpp:208] recv impl type:7 sender id:3 seq:76 primary:1 is recovery:0
E20260317 17:32:33.222898 436301 response_manager.cpp:187]  receive request seq:76 type:7 local id:76
E20260317 17:32:33.222951 436296 response_manager.cpp:187]  receive request seq:76 type:7 local id:76
E20260317 17:32:33.222990 436301 response_manager.cpp:214]  get receive count:1 seq:76
E20260317 17:32:33.223001 436303 consensus_manager_pbft.cpp:208] recv impl type:7 sender id:4 seq:76 primary:1 is recovery:0
E20260317 17:32:33.223064 436301 lock_free_collector_pool.cpp:71]  update:332 seq:332 cap:256 update seq:76
E20260317 17:32:33.223109 436303 response_manager.cpp:187]  receive request seq:76 type:7 local id:76
E20260317 17:32:33.223150 436301 response_manager.cpp:227] SendResponseToClient local_id:76 seq:76 proxy_id:1
E20260317 17:32:33.223203 436301 lock_free_collector_pool.cpp:71]  update:332 seq:332 cap:256 update seq:76
E20260317 17:32:33.223313 436301 response_manager.cpp:259] response sent to client local_id:76 seq:76
E20260317 17:32:33.223320 436176 consensus_server.cpp:223] Selftest completed request i=74 ret=0 value=light_value
E20260317 17:32:34.355262 436176 consensus_server.cpp:291] Self-test passed mode=tcp (GET verified, last_value=light_value)
E20260317 17:32:34.355360 436176 consensus_server.cpp:294] RESULT mode=tcp num_requests=75 total_time_s=15.0233 throughput_rps=4.99225 avg_us=200306 p50_us=200304 p95_us=200487 p99_us=200628 min_us=199998 max_us=200676 status=OK
E20260317 17:32:35.775842 436177 stats.cpp:474]   req client latency:9.95307e-05","E20260317 17:33:28.502749 436564 consensus_manager_pbft.cpp:208] recv impl type:4 sender id:1 seq:75 primary:1 is recovery:0
E20260317 17:33:28.503719 436614 consensus_manager_pbft.cpp:208] recv impl type:4 sender id:4 seq:75 primary:1 is recovery:0
E20260317 17:33:28.504864 436613 consensus_manager_pbft.cpp:208] recv impl type:4 sender id:2 seq:75 primary:1 is recovery:0
E20260317 17:33:28.483606 436565 consensus_manager_pbft.cpp:208] recv impl type:4 sender id:2 seq:75 primary:1 is recovery:0
E20260317 17:33:28.510696 436612 consensus_manager_pbft.cpp:208] recv impl type:4 sender id:1 seq:75 primary:1 is recovery:0
E20260317 17:33:28.512923 436541 checkpoint_manager.cpp:495] get high prepared seq:74
E20260317 17:33:28.515478 436591 checkpoint_manager.cpp:495] get high prepared seq:74
E20260317 17:33:28.516314 436567 checkpoint_manager.cpp:495] get high prepared seq:74
E20260317 17:33:28.522100 436613 checkpoint_manager.cpp:495] get high prepared seq:74
E20260317 17:33:28.524868 436541 checkpoint_manager.cpp:500] set high prepared seq:75
E20260317 17:33:28.525877 436591 checkpoint_manager.cpp:500] set high prepared seq:75
E20260317 17:33:28.526966 436567 checkpoint_manager.cpp:500] set high prepared seq:75
E20260317 17:33:28.527949 436613 checkpoint_manager.cpp:500] set high prepared seq:75
E20260317 17:33:28.543351 436542 consensus_manager_pbft.cpp:208] recv impl type:5 sender id:3 seq:75 primary:1 is recovery:0
E20260317 17:33:28.541417 436543 consensus_manager_pbft.cpp:208] recv impl type:5 sender id:1 seq:75 primary:1 is recovery:0
E20260317 17:33:28.581856 436589 consensus_manager_pbft.cpp:208] recv impl type:5 sender id:2 seq:75 primary:1 is recovery:0
E20260317 17:33:28.557066 436567 consensus_manager_pbft.cpp:208] recv impl type:5 sender id:1 seq:75 primary:1 is recovery:0
E20260317 17:33:28.557068 436566 consensus_manager_pbft.cpp:208] recv impl type:5 sender id:3 seq:75 primary:1 is recovery:0
E20260317 17:33:28.559332 436591 consensus_manager_pbft.cpp:208] recv impl type:5 sender id:1 seq:75 primary:1 is recovery:0
E20260317 17:33:28.565928 436590 consensus_manager_pbft.cpp:208] recv impl type:5 sender id:3 seq:75 primary:1 is recovery:0
E20260317 17:33:28.571105 436541 consensus_manager_pbft.cpp:208] recv impl type:5 sender id:2 seq:75 primary:1 is recovery:0
E20260317 17:33:28.599938 436486 transaction_manager.cpp:91]  execute batch seq:74
E20260317 17:33:28.601603 436433 transaction_manager.cpp:91]  execute batch seq:74
E20260317 17:33:28.557006 436615 consensus_manager_pbft.cpp:208] recv impl type:5 sender id:1 seq:75 primary:1 is recovery:0
E20260317 17:33:28.584429 436542 consensus_manager_pbft.cpp:208] recv impl type:5 sender id:4 seq:75 primary:1 is recovery:0
E20260317 17:33:28.589174 436613 consensus_manager_pbft.cpp:208] recv impl type:5 sender id:2 seq:75 primary:1 is recovery:0
E20260317 17:33:28.589176 436612 consensus_manager_pbft.cpp:208] recv impl type:5 sender id:4 seq:75 primary:1 is recovery:0
E20260317 17:33:28.594900 436588 consensus_manager_pbft.cpp:208] recv impl type:5 sender id:4 seq:75 primary:1 is recovery:0
E20260317 17:33:28.594906 436564 consensus_manager_pbft.cpp:208] recv impl type:5 sender id:4 seq:75 primary:1 is recovery:0
E20260317 17:33:28.599149 436590 checkpoint_manager.cpp:530]  add commited state:75
E20260317 17:33:28.599507 436478 lock_free_collector_pool.cpp:71]  update:331 seq:331 cap:256 update seq:75
E20260317 17:33:28.573758 436614 consensus_manager_pbft.cpp:208] recv impl type:5 sender id:3 seq:75 primary:1 is recovery:0
E20260317 17:33:28.600700 436541 checkpoint_manager.cpp:530]  add commited state:75
E20260317 17:33:28.601138 436424 lock_free_collector_pool.cpp:71]  update:331 seq:331 cap:256 update seq:75
E20260317 17:33:28.579841 436565 consensus_manager_pbft.cpp:208] recv impl type:5 sender id:2 seq:75 primary:1 is recovery:0
E20260317 17:33:28.602434 436490 commitment.cpp:363] send back to proxy:1
E20260317 17:33:28.606182 436436 commitment.cpp:363] send back to proxy:1
E20260317 17:33:28.607677 436542 message_manager.cpp:204]  add request fail
E20260317 17:33:28.610374 436612 checkpoint_manager.cpp:530]  add commited state:75
E20260317 17:33:28.610988 436505 lock_free_collector_pool.cpp:71]  update:331 seq:331 cap:256 update seq:75
E20260317 17:33:28.611447 436514 transaction_manager.cpp:91]  execute batch seq:74
E20260317 17:33:28.611615 436588 message_manager.cpp:204]  add request fail
E20260317 17:33:28.612723 436564 checkpoint_manager.cpp:530]  add commited state:75
E20260317 17:33:28.613293 436451 lock_free_collector_pool.cpp:71]  update:331 seq:331 cap:256 update seq:75
E20260317 17:33:28.613687 436461 transaction_manager.cpp:91]  execute batch seq:74
E20260317 17:33:28.615736 436614 message_manager.cpp:204]  add request fail
E20260317 17:33:28.618423 436565 message_manager.cpp:204]  add request fail
E20260317 17:33:28.624755 436517 commitment.cpp:363] send back to proxy:1
E20260317 17:33:28.628531 436463 commitment.cpp:363] send back to proxy:1
E20260317 17:33:28.635622 436543 consensus_manager_pbft.cpp:208] recv impl type:7 sender id:1 seq:75 primary:1 is recovery:0
E20260317 17:33:28.637217 436543 response_manager.cpp:187]  receive request seq:75 type:7 local id:75
E20260317 17:33:28.638058 436543 response_manager.cpp:214]  get receive count:0 seq:75
E20260317 17:33:28.665998 436542 consensus_manager_pbft.cpp:208] recv impl type:7 sender id:3 seq:75 primary:1 is recovery:0
E20260317 17:33:28.666213 436543 consensus_manager_pbft.cpp:208] recv impl type:7 sender id:2 seq:75 primary:1 is recovery:0
E20260317 17:33:28.666443 436541 consensus_manager_pbft.cpp:208] recv impl type:7 sender id:4 seq:75 primary:1 is recovery:0
E20260317 17:33:28.667301 436542 response_manager.cpp:187]  receive request seq:75 type:7 local id:75
E20260317 17:33:28.668555 436543 response_manager.cpp:187]  receive request seq:75 type:7 local id:75
E20260317 17:33:28.669428 436541 response_manager.cpp:187]  receive request seq:75 type:7 local id:75
E20260317 17:33:28.670229 436542 response_manager.cpp:214]  get receive count:1 seq:75
E20260317 17:33:28.673000 436542 lock_free_collector_pool.cpp:71]  update:331 seq:331 cap:256 update seq:75
E20260317 17:33:28.673719 436542 response_manager.cpp:227] SendResponseToClient local_id:75 seq:75 proxy_id:1
E20260317 17:33:28.674564 436542 lock_free_collector_pool.cpp:71]  update:331 seq:331 cap:256 update seq:75
E20260317 17:33:28.675704 436415 consensus_server.cpp:223] Selftest completed request i=73 ret=0 value=light_value
E20260317 17:33:28.675856 436542 response_manager.cpp:259] response sent to client local_id:75 seq:75
E20260317 17:33:28.676647 436415 consensus_server.cpp:221] Selftest sending request i=74
E20260317 17:33:28.682598 436543 consensus_manager_pbft.cpp:208] recv impl type:2 sender id:0 seq:0 primary:1 is recovery:0
E20260317 17:33:28.784353 436438 response_manager.cpp:327] add context list:0 list size:1 local_id:76
E20260317 17:33:28.837816 436543 consensus_manager_pbft.cpp:208] recv impl type:14 sender id:1 seq:0 primary:1 is recovery:0
E20260317 17:33:28.849592 436543 consensus_manager_pbft.cpp:208] recv impl type:3 sender id:1 seq:76 primary:1 is recovery:0
E20260317 17:33:28.859889 436567 consensus_manager_pbft.cpp:208] recv impl type:3 sender id:1 seq:76 primary:1 is recovery:0
E20260317 17:33:28.859169 436615 consensus_manager_pbft.cpp:208] recv impl type:3 sender id:1 seq:76 primary:1 is recovery:0
E20260317 17:33:28.855487 436591 consensus_manager_pbft.cpp:208] recv impl type:3 sender id:1 seq:76 primary:1 is recovery:0
E20260317 17:33:28.884919 436542 consensus_manager_pbft.cpp:208] recv impl type:4 sender id:2 seq:76 primary:1 is recovery:0
E20260317 17:33:28.914930 436590 consensus_manager_pbft.cpp:208] recv impl type:4 sender id:3 seq:76 primary:1 is recovery:0
E20260317 17:33:28.894172 436567 consensus_manager_pbft.cpp:208] recv impl type:4 sender id:3 seq:76 primary:1 is recovery:0
E20260317 17:33:28.894176 436566 consensus_manager_pbft.cpp:208] recv impl type:4 sender id:4 seq:76 primary:1 is recovery:0
E20260317 17:33:28.899017 436591 consensus_manager_pbft.cpp:208] recv impl type:4 sender id:4 seq:76 primary:1 is recovery:0
E20260317 17:33:28.903227 436541 consensus_manager_pbft.cpp:208] recv impl type:4 sender id:3 seq:76 primary:1 is recovery:0
E20260317 17:33:28.903230 436540 consensus_manager_pbft.cpp:208] recv impl type:4 sender id:1 seq:76 primary:1 is recovery:0
E20260317 17:33:28.906739 436615 consensus_manager_pbft.cpp:208] recv impl type:4 sender id:4 seq:76 primary:1 is recovery:0
E20260317 17:33:28.906854 436565 consensus_manager_pbft.cpp:208] recv impl type:4 sender id:2 seq:76 primary:1 is recovery:0
E20260317 17:33:28.910885 436588 consensus_manager_pbft.cpp:208] recv impl type:4 sender id:1 seq:76 primary:1 is recovery:0
E20260317 17:33:28.889178 436543 consensus_manager_pbft.cpp:208] recv impl type:4 sender id:4 seq:76 primary:1 is recovery:0
E20260317 17:33:28.917471 436614 consensus_manager_pbft.cpp:208] recv impl type:4 sender id:3 seq:76 primary:1 is recovery:0
E20260317 17:33:28.917474 436613 consensus_manager_pbft.cpp:208] recv impl type:4 sender id:2 seq:76 primary:1 is recovery:0
E20260317 17:33:28.917480 436589 consensus_manager_pbft.cpp:208] recv impl type:4 sender id:2 seq:76 primary:1 is recovery:0
E20260317 17:33:28.917490 436564 consensus_manager_pbft.cpp:208] recv impl type:4 sender id:1 seq:76 primary:1 is recovery:0
E20260317 17:33:28.921371 436612 consensus_manager_pbft.cpp:208] recv impl type:4 sender id:1 seq:76 primary:1 is recovery:0
E20260317 17:33:28.923923 436566 checkpoint_manager.cpp:495] get high prepared seq:75
E20260317 17:33:28.925545 436541 checkpoint_manager.cpp:495] get high prepared seq:75
E20260317 17:33:28.928980 436588 checkpoint_manager.cpp:495] get high prepared seq:75
E20260317 17:33:28.931831 436613 checkpoint_manager.cpp:495] get high prepared seq:75
E20260317 17:33:28.935726 436566 checkpoint_manager.cpp:500] set high prepared seq:76
E20260317 17:33:28.936779 436541 checkpoint_manager.cpp:500] set high prepared seq:76
E20260317 17:33:28.937785 436588 checkpoint_manager.cpp:500] set high prepared seq:76
E20260317 17:33:28.938804 436613 checkpoint_manager.cpp:500] set high prepared seq:76
E20260317 17:33:28.958781 436543 consensus_manager_pbft.cpp:208] recv impl type:5 sender id:4 seq:76 primary:1 is recovery:0
E20260317 17:33:28.979668 436540 consensus_manager_pbft.cpp:208] recv impl type:5 sender id:1 seq:76 primary:1 is recovery:0
E20260317 17:33:28.969429 436567 consensus_manager_pbft.cpp:208] recv impl type:5 sender id:2 seq:76 primary:1 is recovery:0
E20260317 17:33:28.976248 436541 consensus_manager_pbft.cpp:208] recv impl type:5 sender id:2 seq:76 primary:1 is recovery:0
E20260317 17:33:28.977862 436591 consensus_manager_pbft.cpp:208] recv impl type:5 sender id:4 seq:76 primary:1 is recovery:0
E20260317 17:33:29.001081 436434 transaction_manager.cpp:91]  execute batch seq:75
E20260317 17:33:28.984858 436590 consensus_manager_pbft.cpp:208] recv impl type:5 sender id:3 seq:76 primary:1 is recovery:0
E20260317 17:33:28.981354 436589 consensus_manager_pbft.cpp:208] recv impl type:5 sender id:2 seq:76 primary:1 is recovery:0
E20260317 17:33:28.981356 436566 consensus_manager_pbft.cpp:208] recv impl type:5 sender id:4 seq:76 primary:1 is recovery:0
E20260317 17:33:28.961261 436542 consensus_manager_pbft.cpp:208] recv impl type:5 sender id:3 seq:76 primary:1 is recovery:0
E20260317 17:33:28.987814 436615 consensus_manager_pbft.cpp:208] recv impl type:5 sender id:4 seq:76 primary:1 is recovery:0
E20260317 17:33:28.989723 436614 consensus_manager_pbft.cpp:208] recv impl type:5 sender id:2 seq:76 primary:1 is recovery:0
E20260317 17:33:28.989776 436565 consensus_manager_pbft.cpp:208] recv impl type:5 sender id:3 seq:76 primary:1 is recovery:0
E20260317 17:33:28.993413 436588 consensus_manager_pbft.cpp:208] recv impl type:5 sender id:1 seq:76 primary:1 is recovery:0
E20260317 17:33:29.010591 436460 transaction_manager.cpp:91]  execute batch seq:75
E20260317 17:33:28.997804 436564 consensus_manager_pbft.cpp:208] recv impl type:5 sender id:1 seq:76 primary:1 is recovery:0
E20260317 17:33:29.000097 436541 checkpoint_manager.cpp:530]  add commited state:76
E20260317 17:33:29.000684 436424 lock_free_collector_pool.cpp:71]  update:332 seq:332 cap:256 update seq:76
E20260317 17:33:28.984845 436613 consensus_manager_pbft.cpp:208] recv impl type:5 sender id:3 seq:76 primary:1 is recovery:0
E20260317 17:33:29.002581 436436 commitment.cpp:363] send back to proxy:1
E20260317 17:33:29.004199 436589 checkpoint_manager.cpp:530]  add commited state:76
E20260317 17:33:29.004813 436478 lock_free_collector_pool.cpp:71]  update:332 seq:332 cap:256 update seq:76
E20260317 17:33:29.005439 436488 transaction_manager.cpp:91]  execute batch seq:75
E20260317 17:33:29.006336 436542 message_manager.cpp:204]  add request fail
E20260317 17:33:29.009730 436565 checkpoint_manager.cpp:530]  add commited state:76
E20260317 17:33:29.010365 436451 lock_free_collector_pool.cpp:71]  update:332 seq:332 cap:256 update seq:76
E20260317 17:33:28.997786 436612 consensus_manager_pbft.cpp:208] recv impl type:5 sender id:1 seq:76 primary:1 is recovery:0
E20260317 17:33:29.010959 436588 message_manager.cpp:204]  add request fail
E20260317 17:33:29.012425 436463 commitment.cpp:363] send back to proxy:1
E20260317 17:33:29.012940 436564 message_manager.cpp:204]  add request fail
E20260317 17:33:29.018090 436613 checkpoint_manager.cpp:530]  add commited state:76
E20260317 17:33:29.018656 436505 lock_free_collector_pool.cpp:71]  update:332 seq:332 cap:256 update seq:76
E20260317 17:33:29.018784 436515 transaction_manager.cpp:91]  execute batch seq:75
E20260317 17:33:29.023748 436490 commitment.cpp:363] send back to proxy:1
E20260317 17:33:29.026567 436612 message_manager.cpp:204]  add request fail
E20260317 17:33:29.033267 436517 commitment.cpp:363] send back to proxy:1
E20260317 17:33:29.046142 436543 consensus_manager_pbft.cpp:208] recv impl type:7 sender id:1 seq:76 primary:1 is recovery:0
E20260317 17:33:29.047017 436543 response_manager.cpp:187]  receive request seq:76 type:7 local id:76
E20260317 17:33:29.047803 436543 response_manager.cpp:214]  get receive count:0 seq:76
E20260317 17:33:29.079725 436543 consensus_manager_pbft.cpp:208] recv impl type:7 sender id:3 seq:76 primary:1 is recovery:0
E20260317 17:33:29.079733 436542 consensus_manager_pbft.cpp:208] recv impl type:7 sender id:2 seq:76 primary:1 is recovery:0
E20260317 17:33:29.082612 436541 consensus_manager_pbft.cpp:208] recv impl type:7 sender id:4 seq:76 primary:1 is recovery:0
E20260317 17:33:29.083134 436543 response_manager.cpp:187]  receive request seq:76 type:7 local id:76
E20260317 17:33:29.084851 436542 response_manager.cpp:187]  receive request seq:76 type:7 local id:76
E20260317 17:33:29.085768 436541 response_manager.cpp:187]  receive request seq:76 type:7 local id:76
E20260317 17:33:29.086720 436543 response_manager.cpp:214]  get receive count:1 seq:76
E20260317 17:33:29.089037 436543 lock_free_collector_pool.cpp:71]  update:332 seq:332 cap:256 update seq:76
E20260317 17:33:29.090276 436543 response_manager.cpp:227] SendResponseToClient local_id:76 seq:76 proxy_id:1
E20260317 17:33:29.091056 436543 lock_free_collector_pool.cpp:71]  update:332 seq:332 cap:256 update seq:76
E20260317 17:33:29.092206 436415 consensus_server.cpp:223] Selftest completed request i=74 ret=0 value=light_value
E20260317 17:33:29.092213 436543 response_manager.cpp:259] response sent to client local_id:76 seq:76
E20260317 17:33:30.090054 436415 consensus_server.cpp:291] Self-test passed mode=tcp (GET verified, last_value=light_value)
E20260317 17:33:30.090597 436415 consensus_server.cpp:294] RESULT mode=tcp num_requests=75 total_time_s=30.2733 throughput_rps=2.47743 avg_us=403639 p50_us=410361 p95_us=420874 p99_us=431584 min_us=357727 max_us=432298 status=OK
E20260317 17:33:30.867259 436416 stats.cpp:474]   req client latency:0.000298457
% time     seconds  usecs/call     calls    errors syscall
------ ----------- ----------- --------- --------- ------------------
 90.54 1129.541958        3894    290000     96218 futex
  3.54   44.216471        8885      4976           epoll_pwait
  2.63   32.813895      669671        49           clock_nanosleep
  1.99   24.841841      118860       209       117 accept
  0.78    9.698730         905     10708      4166 recvfrom
  0.18    2.192896         227      9652           gettid
  0.16    2.045646         312      6536           sendto
  0.08    0.996952          51     19260           write
  0.07    0.856857          44     19084           getpid
  0.01    0.127110          32      3858           mprotect
  0.01    0.093294         315       296           epoll_ctl
  0.00    0.012425          14       847           rt_sigprocmask
  0.00    0.012288          58       209           clone
  0.00    0.011757          51       227           close
  0.00    0.010809         117        92        16 connect
  0.00    0.008554          94        91           setsockopt
  0.00    0.007231          23       312           mmap
  0.00    0.006295          30       209           madvise
  0.00    0.005395          19       275           munmap
  0.00    0.003258          15       210           set_robust_list
  0.00    0.003032          14       210           rseq
  0.00    0.002928          28       101           socket
  0.00    0.002599           6       397           brk
  0.00    0.002525          22       112           ioctl
  0.00    0.000910          56        16           getsockopt
  0.00    0.000833          52        16           ppoll
  0.00    0.000276          34         8           eventfd2
  0.00    0.000188          23         8           epoll_create1
  0.00    0.000144          18         8           timerfd_create
  0.00    0.000084          10         8           bind
  0.00    0.000064           4        15           rt_sigaction
  0.00    0.000049           6         8           listen
  0.00    0.000019           1        16         1 newfstatat
  0.00    0.000017           1        14         1 openat
  0.00    0.000015          15         1           sched_getaffinity
  0.00    0.000010          10         1           getrandom
  0.00    0.000009           9         1           prlimit64
  0.00    0.000000           0         6           fcntl
  0.00    0.000000           0         3         3 unlinkat
  0.00    0.000000           0         3         3 symlinkat
  0.00    0.000000           0         1         1 faccessat
  0.00    0.000000           0         4           lseek
  0.00    0.000000           0        10           read
  0.00    0.000000           0         1           set_tid_address
  0.00    0.000000           0         4           uname
  0.00    0.000000           0         1           execve
------ ----------- ----------- --------- --------- ------------------
100.00 1247.517364        3389    368073    100526 total",
2026-03-17T17:35:26,tcp,128.110.216.196,26500,75,3,0,40.032770697027445,7.63979e-05,tcp,tcp,75,13.422,5.58785,178956.0,199716.0,200490.0,224844.0,150052.0,226147.0,OK,,"E20260317 17:34:06.727927 436725 lock_free_collector_pool.cpp:71]  update:332 seq:332 cap:256 update seq:76
E20260317 17:34:06.727968 436683 commitment.cpp:363] send back to proxy:1
E20260317 17:34:06.727761 436815 checkpoint_manager.cpp:530]  add commited state:76
E20260317 17:34:06.727588 436671 lock_free_collector_pool.cpp:71]  update:332 seq:332 cap:256 update seq:76
E20260317 17:34:06.727808 436698 lock_free_collector_pool.cpp:71]  update:332 seq:332 cap:256 update seq:76
E20260317 17:34:06.727574 436785 checkpoint_manager.cpp:530]  add commited state:76
E20260317 17:34:06.727849 436702 transaction_manager.cpp:91]  execute batch seq:75
E20260317 17:34:06.727890 436834 checkpoint_manager.cpp:530]  add commited state:76
E20260317 17:34:06.728271 436710 commitment.cpp:363] send back to proxy:1
E20260317 17:34:06.727933 436731 transaction_manager.cpp:91]  execute batch seq:75
E20260317 17:34:06.727764 436651 transaction_manager.cpp:91]  execute batch seq:75
E20260317 17:34:06.727705 436762 checkpoint_manager.cpp:530]  add commited state:76
E20260317 17:34:06.728379 436737 commitment.cpp:363] send back to proxy:1
E20260317 17:34:06.728415 436656 commitment.cpp:363] send back to proxy:1
E20260317 17:34:06.728674 436759 consensus_manager_pbft.cpp:208] recv impl type:5 sender id:3 seq:76 primary:1 is recovery:0
E20260317 17:34:06.728726 436759 message_manager.cpp:188]  seq:76 type:5 has been committed
E20260317 17:34:06.728791 436819 consensus_manager_pbft.cpp:208] recv impl type:5 sender id:3 seq:76 primary:1 is recovery:0
E20260317 17:34:06.728793 436840 consensus_manager_pbft.cpp:208] recv impl type:5 sender id:3 seq:76 primary:1 is recovery:0
E20260317 17:34:06.728897 436840 message_manager.cpp:188]  seq:76 type:5 has been committed
E20260317 17:34:06.728845 436819 message_manager.cpp:188]  seq:76 type:5 has been committed
E20260317 17:34:06.728734 436778 consensus_manager_pbft.cpp:208] recv impl type:5 sender id:3 seq:76 primary:1 is recovery:0
E20260317 17:34:06.729025 436778 message_manager.cpp:188]  seq:76 type:5 has been committed
E20260317 17:34:06.751549 436752 consensus_manager_pbft.cpp:208] recv impl type:7 sender id:1 seq:76 primary:1 is recovery:0
E20260317 17:34:06.751605 436752 response_manager.cpp:187]  receive request seq:76 type:7 local id:76
E20260317 17:34:06.751633 436752 response_manager.cpp:214]  get receive count:0 seq:76
E20260317 17:34:06.773272 436756 consensus_manager_pbft.cpp:208] recv impl type:7 sender id:3 seq:76 primary:1 is recovery:0
E20260317 17:34:06.773272 436763 consensus_manager_pbft.cpp:208] recv impl type:7 sender id:4 seq:76 primary:1 is recovery:0
E20260317 17:34:06.773334 436756 response_manager.cpp:187]  receive request seq:76 type:7 local id:76
E20260317 17:34:06.773386 436763 response_manager.cpp:187]  receive request seq:76 type:7 local id:76
E20260317 17:34:06.773418 436756 response_manager.cpp:214]  get receive count:1 seq:76
E20260317 17:34:06.773521 436756 lock_free_collector_pool.cpp:71]  update:332 seq:332 cap:256 update seq:76
E20260317 17:34:06.773487 436763 consensus_manager_pbft.cpp:208] recv impl type:7 sender id:2 seq:76 primary:1 is recovery:0
E20260317 17:34:06.773579 436756 response_manager.cpp:227] SendResponseToClient local_id:76 seq:76 proxy_id:1
E20260317 17:34:06.773610 436763 response_manager.cpp:187]  receive request seq:76 type:7 local id:76
E20260317 17:34:06.773644 436756 lock_free_collector_pool.cpp:71]  update:332 seq:332 cap:256 update seq:76
E20260317 17:34:06.773789 436756 response_manager.cpp:259] response sent to client local_id:76 seq:76
E20260317 17:34:06.773801 436635 consensus_server.cpp:223] Selftest completed request i=74 ret=0 value=light_value
E20260317 17:34:07.923238 436635 consensus_server.cpp:291] Self-test passed mode=tcp (GET verified, last_value=light_value)
E20260317 17:34:07.923336 436635 consensus_server.cpp:294] RESULT mode=tcp num_requests=75 total_time_s=13.422 throughput_rps=5.58785 avg_us=178956 p50_us=199716 p95_us=200490 p99_us=224844 min_us=150052 max_us=226147 status=OK
E20260317 17:34:10.908634 436636 stats.cpp:474]   req client latency:8.9498e-05","E20260317 17:35:02.821550 437019 consensus_manager_pbft.cpp:208] recv impl type:4 sender id:2 seq:75 primary:1 is recovery:0
E20260317 17:35:02.827064 437045 consensus_manager_pbft.cpp:208] recv impl type:4 sender id:1 seq:75 primary:1 is recovery:0
E20260317 17:35:02.825517 437043 consensus_manager_pbft.cpp:208] recv impl type:4 sender id:4 seq:75 primary:1 is recovery:0
E20260317 17:35:02.794823 436997 consensus_manager_pbft.cpp:208] recv impl type:4 sender id:4 seq:75 primary:1 is recovery:0
E20260317 17:35:02.827548 437044 consensus_manager_pbft.cpp:208] recv impl type:4 sender id:3 seq:75 primary:1 is recovery:0
E20260317 17:35:02.829672 436996 checkpoint_manager.cpp:495] get high prepared seq:74
E20260317 17:35:02.831274 437021 checkpoint_manager.cpp:495] get high prepared seq:74
E20260317 17:35:02.833331 437069 checkpoint_manager.cpp:495] get high prepared seq:74
E20260317 17:35:02.838366 437045 checkpoint_manager.cpp:495] get high prepared seq:74
E20260317 17:35:02.841913 436996 checkpoint_manager.cpp:500] set high prepared seq:75
E20260317 17:35:02.842958 437021 checkpoint_manager.cpp:500] set high prepared seq:75
E20260317 17:35:02.844063 437069 checkpoint_manager.cpp:500] set high prepared seq:75
E20260317 17:35:02.845147 437045 checkpoint_manager.cpp:500] set high prepared seq:75
E20260317 17:35:02.864457 436998 consensus_manager_pbft.cpp:208] recv impl type:5 sender id:1 seq:75 primary:1 is recovery:0
E20260317 17:35:02.882809 437070 consensus_manager_pbft.cpp:208] recv impl type:5 sender id:1 seq:75 primary:1 is recovery:0
E20260317 17:35:02.903216 437045 consensus_manager_pbft.cpp:208] recv impl type:5 sender id:2 seq:75 primary:1 is recovery:0
E20260317 17:35:02.869552 437022 consensus_manager_pbft.cpp:208] recv impl type:5 sender id:1 seq:75 primary:1 is recovery:0
E20260317 17:35:02.886852 436997 consensus_manager_pbft.cpp:208] recv impl type:5 sender id:4 seq:75 primary:1 is recovery:0
E20260317 17:35:02.886858 436996 consensus_manager_pbft.cpp:208] recv impl type:5 sender id:2 seq:75 primary:1 is recovery:0
E20260317 17:35:02.888002 436998 consensus_manager_pbft.cpp:208] recv impl type:5 sender id:3 seq:75 primary:1 is recovery:0
E20260317 17:35:02.901834 437021 consensus_manager_pbft.cpp:208] recv impl type:5 sender id:3 seq:75 primary:1 is recovery:0
E20260317 17:35:02.901837 437020 consensus_manager_pbft.cpp:208] recv impl type:5 sender id:4 seq:75 primary:1 is recovery:0
E20260317 17:35:02.903224 437044 consensus_manager_pbft.cpp:208] recv impl type:5 sender id:4 seq:75 primary:1 is recovery:0
E20260317 17:35:02.920771 436906 lock_free_collector_pool.cpp:71]  update:331 seq:331 cap:256 update seq:75
E20260317 17:35:02.905781 437069 consensus_manager_pbft.cpp:208] recv impl type:5 sender id:2 seq:75 primary:1 is recovery:0
E20260317 17:35:02.871488 437046 consensus_manager_pbft.cpp:208] recv impl type:5 sender id:1 seq:75 primary:1 is recovery:0
E20260317 17:35:02.908524 437019 consensus_manager_pbft.cpp:208] recv impl type:5 sender id:2 seq:75 primary:1 is recovery:0
E20260317 17:35:02.925652 436942 transaction_manager.cpp:91]  execute batch seq:74
E20260317 17:35:02.912935 437070 consensus_manager_pbft.cpp:208] recv impl type:5 sender id:4 seq:75 primary:1 is recovery:0
E20260317 17:35:02.915937 436996 checkpoint_manager.cpp:530]  add commited state:75
E20260317 17:35:02.930698 436969 transaction_manager.cpp:91]  execute batch seq:74
E20260317 17:35:02.917331 436885 transaction_manager.cpp:91]  execute batch seq:74
E20260317 17:35:02.917538 436998 message_manager.cpp:204]  add request fail
E20260317 17:35:02.919713 437020 checkpoint_manager.cpp:530]  add commited state:75
E20260317 17:35:02.903227 437043 consensus_manager_pbft.cpp:208] recv impl type:5 sender id:3 seq:75 primary:1 is recovery:0
E20260317 17:35:02.921097 436915 transaction_manager.cpp:91]  execute batch seq:74
E20260317 17:35:02.924597 437046 checkpoint_manager.cpp:530]  add commited state:75
E20260317 17:35:02.925189 436933 lock_free_collector_pool.cpp:71]  update:331 seq:331 cap:256 update seq:75
E20260317 17:35:02.909839 437068 consensus_manager_pbft.cpp:208] recv impl type:5 sender id:3 seq:75 primary:1 is recovery:0
E20260317 17:35:02.926020 437019 message_manager.cpp:204]  add request fail
E20260317 17:35:02.928757 436945 commitment.cpp:363] send back to proxy:1
E20260317 17:35:02.929430 437070 checkpoint_manager.cpp:530]  add commited state:75
E20260317 17:35:02.930040 436960 lock_free_collector_pool.cpp:71]  update:331 seq:331 cap:256 update seq:75
E20260317 17:35:02.916708 436879 lock_free_collector_pool.cpp:71]  update:331 seq:331 cap:256 update seq:75
E20260317 17:35:02.932235 436972 commitment.cpp:363] send back to proxy:1
E20260317 17:35:02.933863 436891 commitment.cpp:363] send back to proxy:1
E20260317 17:35:02.936249 437043 message_manager.cpp:204]  add request fail
E20260317 17:35:02.937705 436918 commitment.cpp:363] send back to proxy:1
E20260317 17:35:02.939744 437068 message_manager.cpp:204]  add request fail
E20260317 17:35:02.976589 436998 consensus_manager_pbft.cpp:208] recv impl type:7 sender id:2 seq:75 primary:1 is recovery:0
E20260317 17:35:02.978366 436998 response_manager.cpp:187]  receive request seq:75 type:7 local id:75
E20260317 17:35:02.981559 436997 consensus_manager_pbft.cpp:208] recv impl type:7 sender id:4 seq:75 primary:1 is recovery:0
E20260317 17:35:02.982498 436998 response_manager.cpp:214]  get receive count:0 seq:75
E20260317 17:35:02.983353 436997 response_manager.cpp:187]  receive request seq:75 type:7 local id:75
E20260317 17:35:02.984905 436997 response_manager.cpp:214]  get receive count:1 seq:75
E20260317 17:35:02.985641 436997 lock_free_collector_pool.cpp:71]  update:331 seq:331 cap:256 update seq:75
E20260317 17:35:02.987708 436997 response_manager.cpp:227] SendResponseToClient local_id:75 seq:75 proxy_id:1
E20260317 17:35:02.991376 436998 consensus_manager_pbft.cpp:208] recv impl type:7 sender id:3 seq:75 primary:1 is recovery:0
E20260317 17:35:02.991525 436997 lock_free_collector_pool.cpp:71]  update:331 seq:331 cap:256 update seq:75
E20260317 17:35:02.992399 436998 response_manager.cpp:187]  receive request seq:75 type:7 local id:75
E20260317 17:35:02.994016 436870 consensus_server.cpp:223] Selftest completed request i=73 ret=0 value=light_value
E20260317 17:35:02.994035 436997 response_manager.cpp:259] response sent to client local_id:75 seq:75
E20260317 17:35:02.999672 436998 consensus_manager_pbft.cpp:208] recv impl type:7 sender id:1 seq:75 primary:1 is recovery:0
E20260317 17:35:02.999766 436870 consensus_server.cpp:221] Selftest sending request i=74
E20260317 17:35:03.001525 436998 response_manager.cpp:187]  receive request seq:75 type:7 local id:75
E20260317 17:35:03.007864 436998 consensus_manager_pbft.cpp:208] recv impl type:2 sender id:0 seq:0 primary:1 is recovery:0
E20260317 17:35:03.109665 436893 response_manager.cpp:327] add context list:0 list size:1 local_id:76
E20260317 17:35:03.151049 436997 consensus_manager_pbft.cpp:208] recv impl type:14 sender id:1 seq:0 primary:1 is recovery:0
E20260317 17:35:03.164460 436998 consensus_manager_pbft.cpp:208] recv impl type:3 sender id:1 seq:76 primary:1 is recovery:0
E20260317 17:35:03.170459 437022 consensus_manager_pbft.cpp:208] recv impl type:3 sender id:1 seq:76 primary:1 is recovery:0
E20260317 17:35:03.171819 437046 consensus_manager_pbft.cpp:208] recv impl type:3 sender id:1 seq:76 primary:1 is recovery:0
E20260317 17:35:03.174367 437070 consensus_manager_pbft.cpp:208] recv impl type:3 sender id:1 seq:76 primary:1 is recovery:0
E20260317 17:35:03.191287 436998 consensus_manager_pbft.cpp:208] recv impl type:4 sender id:4 seq:76 primary:1 is recovery:0
E20260317 17:35:03.212761 436997 consensus_manager_pbft.cpp:208] recv impl type:4 sender id:3 seq:76 primary:1 is recovery:0
E20260317 17:35:03.210198 437070 consensus_manager_pbft.cpp:208] recv impl type:4 sender id:4 seq:76 primary:1 is recovery:0
E20260317 17:35:03.236325 437068 consensus_manager_pbft.cpp:208] recv impl type:4 sender id:1 seq:76 primary:1 is recovery:0
E20260317 17:35:03.212765 436996 consensus_manager_pbft.cpp:208] recv impl type:4 sender id:2 seq:76 primary:1 is recovery:0
E20260317 17:35:03.197389 437022 consensus_manager_pbft.cpp:208] recv impl type:4 sender id:4 seq:76 primary:1 is recovery:0
E20260317 17:35:03.214965 436995 consensus_manager_pbft.cpp:208] recv impl type:4 sender id:1 seq:76 primary:1 is recovery:0
E20260317 17:35:03.222412 437020 consensus_manager_pbft.cpp:208] recv impl type:4 sender id:3 seq:76 primary:1 is recovery:0
E20260317 17:35:03.224109 437045 consensus_manager_pbft.cpp:208] recv impl type:4 sender id:2 seq:76 primary:1 is recovery:0
E20260317 17:35:03.224113 437043 consensus_manager_pbft.cpp:208] recv impl type:4 sender id:3 seq:76 primary:1 is recovery:0
E20260317 17:35:03.224133 437019 consensus_manager_pbft.cpp:208] recv impl type:4 sender id:1 seq:76 primary:1 is recovery:0
E20260317 17:35:03.225672 437021 consensus_manager_pbft.cpp:208] recv impl type:4 sender id:2 seq:76 primary:1 is recovery:0
E20260317 17:35:03.229463 436997 checkpoint_manager.cpp:495] get high prepared seq:75
E20260317 17:35:03.231623 437069 consensus_manager_pbft.cpp:208] recv impl type:4 sender id:3 seq:76 primary:1 is recovery:0
E20260317 17:35:03.231621 437067 consensus_manager_pbft.cpp:208] recv impl type:4 sender id:2 seq:76 primary:1 is recovery:0
E20260317 17:35:03.233389 437044 consensus_manager_pbft.cpp:208] recv impl type:4 sender id:1 seq:76 primary:1 is recovery:0
E20260317 17:35:03.210223 437046 consensus_manager_pbft.cpp:208] recv impl type:4 sender id:4 seq:76 primary:1 is recovery:0
E20260317 17:35:03.240690 437020 checkpoint_manager.cpp:495] get high prepared seq:75
E20260317 17:35:03.244948 436997 checkpoint_manager.cpp:500] set high prepared seq:76
E20260317 17:35:03.246798 437069 checkpoint_manager.cpp:495] get high prepared seq:75
E20260317 17:35:03.248554 437044 checkpoint_manager.cpp:495] get high prepared seq:75
E20260317 17:35:03.250769 437020 checkpoint_manager.cpp:500] set high prepared seq:76
E20260317 17:35:03.253125 437069 checkpoint_manager.cpp:500] set high prepared seq:76
E20260317 17:35:03.254060 437044 checkpoint_manager.cpp:500] set high prepared seq:76
E20260317 17:35:03.277170 436998 consensus_manager_pbft.cpp:208] recv impl type:5 sender id:4 seq:76 primary:1 is recovery:0
E20260317 17:35:03.304030 437068 consensus_manager_pbft.cpp:208] recv impl type:5 sender id:2 seq:76 primary:1 is recovery:0
E20260317 17:35:03.321650 437067 consensus_manager_pbft.cpp:208] recv impl type:5 sender id:3 seq:76 primary:1 is recovery:0
E20260317 17:35:03.291631 437070 consensus_manager_pbft.cpp:208] recv impl type:5 sender id:4 seq:76 primary:1 is recovery:0
E20260317 17:35:03.296686 437021 consensus_manager_pbft.cpp:208] recv impl type:5 sender id:2 seq:76 primary:1 is recovery:0
E20260317 17:35:03.324779 436960 lock_free_collector_pool.cpp:71]  update:332 seq:332 cap:256 update seq:76
E20260317 17:35:03.300526 437045 consensus_manager_pbft.cpp:208] recv impl type:5 sender id:2 seq:76 primary:1 is recovery:0
E20260317 17:35:03.281150 437046 consensus_manager_pbft.cpp:208] recv impl type:5 sender id:4 seq:76 primary:1 is recovery:0
E20260317 17:35:03.307029 437020 consensus_manager_pbft.cpp:208] recv impl type:5 sender id:1 seq:76 primary:1 is recovery:0
E20260317 17:35:03.313220 436996 consensus_manager_pbft.cpp:208] recv impl type:5 sender id:1 seq:76 primary:1 is recovery:0
E20260317 17:35:03.313223 436995 consensus_manager_pbft.cpp:208] recv impl type:5 sender id:3 seq:76 primary:1 is recovery:0
E20260317 17:35:03.319614 437044 consensus_manager_pbft.cpp:208] recv impl type:5 sender id:1 seq:76 primary:1 is recovery:0
E20260317 17:35:03.319620 437042 consensus_manager_pbft.cpp:208] recv impl type:5 sender id:3 seq:76 primary:1 is recovery:0
E20260317 17:35:03.319623 437019 consensus_manager_pbft.cpp:208] recv impl type:5 sender id:3 seq:76 primary:1 is recovery:0
E20260317 17:35:03.321642 437069 consensus_manager_pbft.cpp:208] recv impl type:5 sender id:1 seq:76 primary:1 is recovery:0
E20260317 17:35:03.281153 437022 consensus_manager_pbft.cpp:208] recv impl type:5 sender id:4 seq:76 primary:1 is recovery:0
E20260317 17:35:03.323956 437070 checkpoint_manager.cpp:530]  add commited state:76
E20260317 17:35:03.296741 436997 consensus_manager_pbft.cpp:208] recv impl type:5 sender id:2 seq:76 primary:1 is recovery:0
E20260317 17:35:03.324978 436970 transaction_manager.cpp:91]  execute batch seq:75
E20260317 17:35:03.331468 436995 checkpoint_manager.cpp:530]  add commited state:76
E20260317 17:35:03.332186 436879 lock_free_collector_pool.cpp:71]  update:332 seq:332 cap:256 update seq:76
E20260317 17:35:03.333081 436886 transaction_manager.cpp:91]  execute batch seq:75
E20260317 17:35:03.334514 437044 checkpoint_manager.cpp:530]  add commited state:76
E20260317 17:35:03.335101 436933 lock_free_collector_pool.cpp:71]  update:332 seq:332 cap:256 update seq:76
E20260317 17:35:03.335477 436943 transaction_manager.cpp:91]  execute batch seq:75
E20260317 17:35:03.335666 437042 message_manager.cpp:204]  add request fail
E20260317 17:35:03.336884 437019 checkpoint_manager.cpp:530]  add commited state:76
E20260317 17:35:03.337445 436906 lock_free_collector_pool.cpp:71]  update:332 seq:332 cap:256 update seq:76
E20260317 17:35:03.337821 436914 transaction_manager.cpp:91]  execute batch seq:75
E20260317 17:35:03.338052 437069 message_manager.cpp:204]  add request fail
E20260317 17:35:03.338896 437022 message_manager.cpp:204]  add request fail
E20260317 17:35:03.341183 436997 message_manager.cpp:204]  add request fail
E20260317 17:35:03.342548 436972 commitment.cpp:363] send back to proxy:1
E20260317 17:35:03.345383 436891 commitment.cpp:363] send back to proxy:1
E20260317 17:35:03.348145 436945 commitment.cpp:363] send back to proxy:1
E20260317 17:35:03.352562 436918 commitment.cpp:363] send back to proxy:1
E20260317 17:35:03.386931 436997 consensus_manager_pbft.cpp:208] recv impl type:7 sender id:2 seq:76 primary:1 is recovery:0
E20260317 17:35:03.388764 436997 response_manager.cpp:187]  receive request seq:76 type:7 local id:76
E20260317 17:35:03.391939 436998 consensus_manager_pbft.cpp:208] recv impl type:7 sender id:4 seq:76 primary:1 is recovery:0
E20260317 17:35:03.392537 436997 response_manager.cpp:214]  get receive count:0 seq:76
E20260317 17:35:03.393533 436998 response_manager.cpp:187]  receive request seq:76 type:7 local id:76
E20260317 17:35:03.396082 436998 response_manager.cpp:214]  get receive count:1 seq:76
E20260317 17:35:03.396930 436998 lock_free_collector_pool.cpp:71]  update:332 seq:332 cap:256 update seq:76
E20260317 17:35:03.398715 436998 response_manager.cpp:227] SendResponseToClient local_id:76 seq:76 proxy_id:1
E20260317 17:35:03.401779 436997 consensus_manager_pbft.cpp:208] recv impl type:7 sender id:3 seq:76 primary:1 is recovery:0
E20260317 17:35:03.402283 436998 lock_free_collector_pool.cpp:71]  update:332 seq:332 cap:256 update seq:76
E20260317 17:35:03.403122 436997 response_manager.cpp:187]  receive request seq:76 type:7 local id:76
E20260317 17:35:03.404716 436870 consensus_server.cpp:223] Selftest completed request i=74 ret=0 value=light_value
E20260317 17:35:03.405397 436998 response_manager.cpp:259] response sent to client local_id:76 seq:76
E20260317 17:35:03.411803 436997 consensus_manager_pbft.cpp:208] recv impl type:7 sender id:1 seq:76 primary:1 is recovery:0
E20260317 17:35:03.414963 436997 response_manager.cpp:187]  receive request seq:76 type:7 local id:76
E20260317 17:35:04.468055 436870 consensus_server.cpp:291] Self-test passed mode=tcp (GET verified, last_value=light_value)
E20260317 17:35:04.469012 436870 consensus_server.cpp:294] RESULT mode=tcp num_requests=75 total_time_s=29.4865 throughput_rps=2.54354 avg_us=393148 p50_us=400347 p95_us=416610 p99_us=428728 min_us=340363 max_us=435469 status=OK
E20260317 17:35:06.029968 436871 stats.cpp:474]   req client latency:0.000293688
% time     seconds  usecs/call     calls    errors syscall
------ ----------- ----------- --------- --------- ------------------
 90.53 1115.257595        3856    289171     96175 futex
  3.54   43.656759        8968      4868           epoll_pwait
  2.64   32.523978      663754        49           clock_nanosleep
  1.99   24.456210      118145       207       115 accept
  0.78    9.616906         898     10705      4163 recvfrom
  0.18    2.175604         225      9665           gettid
  0.17    2.085534         319      6536           sendto
  0.08    0.964531          50     19288           write
  0.07    0.834017          43     19111           getpid
  0.01    0.127029          32      3871           mprotect
  0.01    0.068656         271       253           epoll_ctl
  0.00    0.019858          23       847           rt_sigprocmask
  0.00    0.016709          79       209           madvise
  0.00    0.013024          62       209           clone
  0.00    0.012870          56       227           close
  0.00    0.010712         116        92        16 connect
  0.00    0.009405          30       312           mmap
  0.00    0.008793          96        91           setsockopt
  0.00    0.008348          30       275           munmap
  0.00    0.003471          30       112           ioctl
  0.00    0.003403          33       101           socket
  0.00    0.003115          14       210           rseq
  0.00    0.003059          14       210           set_robust_list
  0.00    0.002840           7       397           brk
  0.00    0.001198          74        16           getsockopt
  0.00    0.000769          48        16           ppoll
  0.00    0.000699          49        14         1 openat
  0.00    0.000458         458         1           execve
  0.00    0.000302          18        16         1 newfstatat
  0.00    0.000123          12        10           read
  0.00    0.000120          20         6           fcntl
  0.00    0.000093          11         8           eventfd2
  0.00    0.000082          20         4           uname
  0.00    0.000080          10         8           timerfd_create
  0.00    0.000073          18         4           lseek
  0.00    0.000073           4        15           rt_sigaction
  0.00    0.000065          21         3         3 unlinkat
  0.00    0.000060           7         8           epoll_create1
  0.00    0.000051          17         3         3 symlinkat
  0.00    0.000021          21         1         1 faccessat
  0.00    0.000017          17         1           sched_getaffinity
  0.00    0.000009           9         1           getrandom
  0.00    0.000008           8         1           prlimit64
  0.00    0.000006           6         1           set_tid_address
  0.00    0.000000           0         8           bind
  0.00    0.000000           0         8           listen
------ ----------- ----------- --------- --------- ------------------
100.00 1231.886733        3355    367169    100478 total",
2026-03-17T17:37:01,tcp,128.110.216.196,26500,75,4,0,40.032818051986396,0.000104109,tcp,tcp,75,15.0231,4.99232,200304.0,200314.0,200472.0,200514.0,200120.0,200546.0,OK,,"E20260317 17:35:43.491616 437187 commitment.cpp:363] send back to proxy:1
E20260317 17:35:43.491708 437281 consensus_manager_pbft.cpp:208] recv impl type:5 sender id:4 seq:76 primary:1 is recovery:0
E20260317 17:35:43.491758 437281 message_manager.cpp:188]  seq:76 type:5 has been committed
E20260317 17:35:43.491808 437262 consensus_manager_pbft.cpp:208] recv impl type:5 sender id:4 seq:76 primary:1 is recovery:0
E20260317 17:35:43.491429 437259 consensus_manager_pbft.cpp:208] recv impl type:5 sender id:3 seq:76 primary:1 is recovery:0
E20260317 17:35:43.491918 437259 message_manager.cpp:204]  add request fail
E20260317 17:35:43.491479 437206 transaction_manager.cpp:91]  execute batch seq:75
E20260317 17:35:43.491539 437350 checkpoint_manager.cpp:530]  add commited state:76
E20260317 17:35:43.491394 437312 checkpoint_manager.cpp:530]  add commited state:76
E20260317 17:35:43.491592 437238 transaction_manager.cpp:91]  execute batch seq:75
E20260317 17:35:43.491811 437326 consensus_manager_pbft.cpp:208] recv impl type:5 sender id:4 seq:76 primary:1 is recovery:0
E20260317 17:35:43.491319 437175 lock_free_collector_pool.cpp:71]  update:332 seq:332 cap:256 update seq:76
E20260317 17:35:43.491875 437262 checkpoint_manager.cpp:530]  add commited state:76
E20260317 17:35:43.491894 437148 lock_free_collector_pool.cpp:71]  update:332 seq:332 cap:256 update seq:76
E20260317 17:35:43.491438 437202 lock_free_collector_pool.cpp:71]  update:332 seq:332 cap:256 update seq:76
E20260317 17:35:43.491932 437153 transaction_manager.cpp:91]  execute batch seq:75
E20260317 17:35:43.491953 437343 consensus_manager_pbft.cpp:208] recv impl type:5 sender id:4 seq:76 primary:1 is recovery:0
E20260317 17:35:43.492026 437214 commitment.cpp:363] send back to proxy:1
E20260317 17:35:43.492174 437241 commitment.cpp:363] send back to proxy:1
E20260317 17:35:43.492175 437326 message_manager.cpp:188]  seq:76 type:5 has been committed
E20260317 17:35:43.492434 437343 message_manager.cpp:188]  seq:76 type:5 has been committed
E20260317 17:35:43.492434 437160 commitment.cpp:363] send back to proxy:1
E20260317 17:35:43.516745 437260 consensus_manager_pbft.cpp:208] recv impl type:7 sender id:1 seq:76 primary:1 is recovery:0
E20260317 17:35:43.516801 437260 response_manager.cpp:187]  receive request seq:76 type:7 local id:76
E20260317 17:35:43.516831 437260 response_manager.cpp:214]  get receive count:0 seq:76
E20260317 17:35:43.517848 437261 consensus_manager_pbft.cpp:208] recv impl type:7 sender id:4 seq:76 primary:1 is recovery:0
E20260317 17:35:43.517851 437255 consensus_manager_pbft.cpp:208] recv impl type:7 sender id:3 seq:76 primary:1 is recovery:0
E20260317 17:35:43.517915 437261 response_manager.cpp:187]  receive request seq:76 type:7 local id:76
E20260317 17:35:43.517964 437255 response_manager.cpp:187]  receive request seq:76 type:7 local id:76
E20260317 17:35:43.518003 437261 response_manager.cpp:214]  get receive count:1 seq:76
E20260317 17:35:43.518080 437261 lock_free_collector_pool.cpp:71]  update:332 seq:332 cap:256 update seq:76
E20260317 17:35:43.518131 437261 response_manager.cpp:227] SendResponseToClient local_id:76 seq:76 proxy_id:1
E20260317 17:35:43.518165 437261 lock_free_collector_pool.cpp:71]  update:332 seq:332 cap:256 update seq:76
E20260317 17:35:43.518209 437257 consensus_manager_pbft.cpp:208] recv impl type:7 sender id:2 seq:76 primary:1 is recovery:0
E20260317 17:35:43.518251 437257 response_manager.cpp:187]  receive request seq:76 type:7 local id:76
E20260317 17:35:43.518288 437261 response_manager.cpp:259] response sent to client local_id:76 seq:76
E20260317 17:35:43.518296 437139 consensus_server.cpp:223] Selftest completed request i=74 ret=0 value=light_value
E20260317 17:35:44.627269 437139 consensus_server.cpp:291] Self-test passed mode=tcp (GET verified, last_value=light_value)
E20260317 17:35:44.627487 437139 consensus_server.cpp:294] RESULT mode=tcp num_requests=75 total_time_s=15.0231 throughput_rps=4.99232 avg_us=200304 p50_us=200314 p95_us=200472 p99_us=200514 min_us=200120 max_us=200546 status=OK
E20260317 17:35:46.071575 437140 stats.cpp:474]   req client latency:9.95175e-05","E20260317 17:36:38.296809 437573 consensus_manager_pbft.cpp:208] recv impl type:4 sender id:3 seq:75 primary:1 is recovery:0
E20260317 17:36:38.296867 437548 consensus_manager_pbft.cpp:208] recv impl type:4 sender id:2 seq:75 primary:1 is recovery:0
E20260317 17:36:38.296868 437547 consensus_manager_pbft.cpp:208] recv impl type:4 sender id:1 seq:75 primary:1 is recovery:0
E20260317 17:36:38.299890 437571 consensus_manager_pbft.cpp:208] recv impl type:4 sender id:1 seq:75 primary:1 is recovery:0
E20260317 17:36:38.273651 437526 consensus_manager_pbft.cpp:208] recv impl type:4 sender id:3 seq:75 primary:1 is recovery:0
E20260317 17:36:38.303790 437500 checkpoint_manager.cpp:495] get high prepared seq:74
E20260317 17:36:38.306727 437524 checkpoint_manager.cpp:495] get high prepared seq:74
E20260317 17:36:38.309659 437573 checkpoint_manager.cpp:495] get high prepared seq:74
E20260317 17:36:38.310470 437548 checkpoint_manager.cpp:495] get high prepared seq:74
E20260317 17:36:38.314100 437500 checkpoint_manager.cpp:500] set high prepared seq:75
E20260317 17:36:38.315109 437524 checkpoint_manager.cpp:500] set high prepared seq:75
E20260317 17:36:38.316126 437573 checkpoint_manager.cpp:500] set high prepared seq:75
E20260317 17:36:38.317026 437548 checkpoint_manager.cpp:500] set high prepared seq:75
E20260317 17:36:38.336342 437502 consensus_manager_pbft.cpp:208] recv impl type:5 sender id:4 seq:75 primary:1 is recovery:0
E20260317 17:36:38.360335 437549 consensus_manager_pbft.cpp:208] recv impl type:5 sender id:2 seq:75 primary:1 is recovery:0
E20260317 17:36:38.343654 437550 consensus_manager_pbft.cpp:208] recv impl type:5 sender id:4 seq:75 primary:1 is recovery:0
E20260317 17:36:38.343660 437526 consensus_manager_pbft.cpp:208] recv impl type:5 sender id:4 seq:75 primary:1 is recovery:0
E20260317 17:36:38.350216 437574 consensus_manager_pbft.cpp:208] recv impl type:5 sender id:2 seq:75 primary:1 is recovery:0
E20260317 17:36:38.353289 437525 consensus_manager_pbft.cpp:208] recv impl type:5 sender id:2 seq:75 primary:1 is recovery:0
E20260317 17:36:38.340056 437501 consensus_manager_pbft.cpp:208] recv impl type:5 sender id:2 seq:75 primary:1 is recovery:0
E20260317 17:36:38.365057 437573 consensus_manager_pbft.cpp:208] recv impl type:5 sender id:4 seq:75 primary:1 is recovery:0
E20260317 17:36:38.371997 437500 consensus_manager_pbft.cpp:208] recv impl type:5 sender id:1 seq:75 primary:1 is recovery:0
E20260317 17:36:38.372004 437499 consensus_manager_pbft.cpp:208] recv impl type:5 sender id:3 seq:75 primary:1 is recovery:0
E20260317 17:36:38.371996 437524 consensus_manager_pbft.cpp:208] recv impl type:5 sender id:1 seq:75 primary:1 is recovery:0
E20260317 17:36:38.371996 437548 consensus_manager_pbft.cpp:208] recv impl type:5 sender id:1 seq:75 primary:1 is recovery:0
E20260317 17:36:38.382594 437572 consensus_manager_pbft.cpp:208] recv impl type:5 sender id:1 seq:75 primary:1 is recovery:0
E20260317 17:36:38.401410 437437 lock_free_collector_pool.cpp:71]  update:331 seq:331 cap:256 update seq:75
E20260317 17:36:38.385314 437523 consensus_manager_pbft.cpp:208] recv impl type:5 sender id:3 seq:75 primary:1 is recovery:0
E20260317 17:36:38.388193 437571 consensus_manager_pbft.cpp:208] recv impl type:5 sender id:3 seq:75 primary:1 is recovery:0
E20260317 17:36:38.395869 437500 checkpoint_manager.cpp:530]  add commited state:75
E20260317 17:36:38.396904 437383 lock_free_collector_pool.cpp:71]  update:331 seq:331 cap:256 update seq:75
E20260317 17:36:38.397392 437390 transaction_manager.cpp:91]  execute batch seq:74
E20260317 17:36:38.397581 437499 message_manager.cpp:204]  add request fail
E20260317 17:36:38.399369 437524 checkpoint_manager.cpp:530]  add commited state:75
E20260317 17:36:38.399714 437410 lock_free_collector_pool.cpp:71]  update:331 seq:331 cap:256 update seq:75
E20260317 17:36:38.400120 437418 transaction_manager.cpp:91]  execute batch seq:74
E20260317 17:36:38.400497 437548 checkpoint_manager.cpp:530]  add commited state:75
E20260317 17:36:38.385311 437547 consensus_manager_pbft.cpp:208] recv impl type:5 sender id:3 seq:75 primary:1 is recovery:0
E20260317 17:36:38.401628 437445 transaction_manager.cpp:91]  execute batch seq:74
E20260317 17:36:38.402103 437572 checkpoint_manager.cpp:530]  add commited state:75
E20260317 17:36:38.402467 437464 lock_free_collector_pool.cpp:71]  update:331 seq:331 cap:256 update seq:75
E20260317 17:36:38.402868 437471 transaction_manager.cpp:91]  execute batch seq:74
E20260317 17:36:38.403975 437523 message_manager.cpp:204]  add request fail
E20260317 17:36:38.404742 437571 message_manager.cpp:204]  add request fail
E20260317 17:36:38.408474 437395 commitment.cpp:363] send back to proxy:1
E20260317 17:36:38.412305 437422 commitment.cpp:363] send back to proxy:1
E20260317 17:36:38.413949 437547 message_manager.cpp:188]  seq:75 type:5 has been committed
E20260317 17:36:38.415335 437449 commitment.cpp:363] send back to proxy:1
E20260317 17:36:38.427434 437502 consensus_manager_pbft.cpp:208] recv impl type:7 sender id:1 seq:75 primary:1 is recovery:0
E20260317 17:36:38.418330 437476 commitment.cpp:363] send back to proxy:1
E20260317 17:36:38.428900 437502 response_manager.cpp:187]  receive request seq:75 type:7 local id:75
E20260317 17:36:38.431102 437502 response_manager.cpp:214]  get receive count:0 seq:75
E20260317 17:36:38.470810 437501 consensus_manager_pbft.cpp:208] recv impl type:7 sender id:4 seq:75 primary:1 is recovery:0
E20260317 17:36:38.471000 437500 consensus_manager_pbft.cpp:208] recv impl type:7 sender id:3 seq:75 primary:1 is recovery:0
E20260317 17:36:38.471002 437499 consensus_manager_pbft.cpp:208] recv impl type:7 sender id:2 seq:75 primary:1 is recovery:0
E20260317 17:36:38.472316 437501 response_manager.cpp:187]  receive request seq:75 type:7 local id:75
E20260317 17:36:38.473368 437500 response_manager.cpp:187]  receive request seq:75 type:7 local id:75
E20260317 17:36:38.474246 437499 response_manager.cpp:187]  receive request seq:75 type:7 local id:75
E20260317 17:36:38.475039 437501 response_manager.cpp:214]  get receive count:1 seq:75
E20260317 17:36:38.477510 437501 lock_free_collector_pool.cpp:71]  update:331 seq:331 cap:256 update seq:75
E20260317 17:36:38.478288 437501 response_manager.cpp:227] SendResponseToClient local_id:75 seq:75 proxy_id:1
E20260317 17:36:38.479024 437501 lock_free_collector_pool.cpp:71]  update:331 seq:331 cap:256 update seq:75
E20260317 17:36:38.480284 437374 consensus_server.cpp:223] Selftest completed request i=73 ret=0 value=light_value
E20260317 17:36:38.480432 437501 response_manager.cpp:259] response sent to client local_id:75 seq:75
E20260317 17:36:38.481514 437374 consensus_server.cpp:221] Selftest sending request i=74
E20260317 17:36:38.488181 437502 consensus_manager_pbft.cpp:208] recv impl type:2 sender id:0 seq:0 primary:1 is recovery:0
E20260317 17:36:38.589496 437397 response_manager.cpp:327] add context list:0 list size:1 local_id:76
E20260317 17:36:38.628350 437502 consensus_manager_pbft.cpp:208] recv impl type:14 sender id:1 seq:0 primary:1 is recovery:0
E20260317 17:36:38.648610 437502 consensus_manager_pbft.cpp:208] recv impl type:3 sender id:1 seq:76 primary:1 is recovery:0
E20260317 17:36:38.656771 437573 consensus_manager_pbft.cpp:208] recv impl type:3 sender id:1 seq:76 primary:1 is recovery:0
E20260317 17:36:38.654273 437549 consensus_manager_pbft.cpp:208] recv impl type:3 sender id:1 seq:76 primary:1 is recovery:0
E20260317 17:36:38.652865 437526 consensus_manager_pbft.cpp:208] recv impl type:3 sender id:1 seq:76 primary:1 is recovery:0
E20260317 17:36:38.676069 437501 consensus_manager_pbft.cpp:208] recv impl type:4 sender id:4 seq:76 primary:1 is recovery:0
E20260317 17:36:38.699781 437550 consensus_manager_pbft.cpp:208] recv impl type:4 sender id:2 seq:76 primary:1 is recovery:0
E20260317 17:36:38.714808 437548 consensus_manager_pbft.cpp:208] recv impl type:4 sender id:3 seq:76 primary:1 is recovery:0
E20260317 17:36:38.691766 437574 consensus_manager_pbft.cpp:208] recv impl type:4 sender id:2 seq:76 primary:1 is recovery:0
E20260317 17:36:38.691893 437525 consensus_manager_pbft.cpp:208] recv impl type:4 sender id:4 seq:76 primary:1 is recovery:0
E20260317 17:36:38.696300 437502 consensus_manager_pbft.cpp:208] recv impl type:4 sender id:3 seq:76 primary:1 is recovery:0
E20260317 17:36:38.696305 437499 consensus_manager_pbft.cpp:208] recv impl type:4 sender id:1 seq:76 primary:1 is recovery:0
E20260317 17:36:38.702342 437573 consensus_manager_pbft.cpp:208] recv impl type:4 sender id:4 seq:76 primary:1 is recovery:0
E20260317 17:36:38.699785 437549 consensus_manager_pbft.cpp:208] recv impl type:4 sender id:4 seq:76 primary:1 is recovery:0
E20260317 17:36:38.679500 437500 consensus_manager_pbft.cpp:208] recv impl type:4 sender id:2 seq:76 primary:1 is recovery:0
E20260317 17:36:38.712317 437524 consensus_manager_pbft.cpp:208] recv impl type:4 sender id:3 seq:76 primary:1 is recovery:0
E20260317 17:36:38.712319 437523 consensus_manager_pbft.cpp:208] recv impl type:4 sender id:1 seq:76 primary:1 is recovery:0
E20260317 17:36:38.715425 437547 consensus_manager_pbft.cpp:208] recv impl type:4 sender id:1 seq:76 primary:1 is recovery:0
E20260317 17:36:38.687028 437526 consensus_manager_pbft.cpp:208] recv impl type:4 sender id:2 seq:76 primary:1 is recovery:0
E20260317 17:36:38.715704 437571 consensus_manager_pbft.cpp:208] recv impl type:4 sender id:1 seq:76 primary:1 is recovery:0
E20260317 17:36:38.715934 437572 consensus_manager_pbft.cpp:208] recv impl type:4 sender id:3 seq:76 primary:1 is recovery:0
E20260317 17:36:38.719406 437502 checkpoint_manager.cpp:495] get high prepared seq:75
E20260317 17:36:38.722384 437549 checkpoint_manager.cpp:495] get high prepared seq:75
E20260317 17:36:38.724351 437524 checkpoint_manager.cpp:495] get high prepared seq:75
E20260317 17:36:38.727700 437571 checkpoint_manager.cpp:495] get high prepared seq:75
E20260317 17:36:38.729576 437502 checkpoint_manager.cpp:500] set high prepared seq:76
E20260317 17:36:38.730757 437549 checkpoint_manager.cpp:500] set high prepared seq:76
E20260317 17:36:38.732344 437524 checkpoint_manager.cpp:500] set high prepared seq:76
E20260317 17:36:38.733466 437571 checkpoint_manager.cpp:500] set high prepared seq:76
E20260317 17:36:38.753533 437502 consensus_manager_pbft.cpp:208] recv impl type:5 sender id:1 seq:76 primary:1 is recovery:0
E20260317 17:36:38.772593 437526 consensus_manager_pbft.cpp:208] recv impl type:5 sender id:1 seq:76 primary:1 is recovery:0
E20260317 17:36:38.791646 437524 consensus_manager_pbft.cpp:208] recv impl type:5 sender id:3 seq:76 primary:1 is recovery:0
E20260317 17:36:38.756356 437550 consensus_manager_pbft.cpp:208] recv impl type:5 sender id:1 seq:76 primary:1 is recovery:0
E20260317 17:36:38.772593 437525 consensus_manager_pbft.cpp:208] recv impl type:5 sender id:2 seq:76 primary:1 is recovery:0
E20260317 17:36:38.777501 437501 consensus_manager_pbft.cpp:208] recv impl type:5 sender id:3 seq:76 primary:1 is recovery:0
E20260317 17:36:38.777503 437500 consensus_manager_pbft.cpp:208] recv impl type:5 sender id:2 seq:76 primary:1 is recovery:0
E20260317 17:36:38.780236 437502 consensus_manager_pbft.cpp:208] recv impl type:5 sender id:4 seq:76 primary:1 is recovery:0
E20260317 17:36:38.783143 437548 consensus_manager_pbft.cpp:208] recv impl type:5 sender id:3 seq:76 primary:1 is recovery:0
E20260317 17:36:38.786777 437549 consensus_manager_pbft.cpp:208] recv impl type:5 sender id:2 seq:76 primary:1 is recovery:0
E20260317 17:36:38.789278 437547 consensus_manager_pbft.cpp:208] recv impl type:5 sender id:4 seq:76 primary:1 is recovery:0
E20260317 17:36:38.805855 437446 transaction_manager.cpp:91]  execute batch seq:75
E20260317 17:36:38.791020 437572 consensus_manager_pbft.cpp:208] recv impl type:5 sender id:3 seq:76 primary:1 is recovery:0
E20260317 17:36:38.791651 437523 consensus_manager_pbft.cpp:208] recv impl type:5 sender id:4 seq:76 primary:1 is recovery:0
E20260317 17:36:38.760759 437574 consensus_manager_pbft.cpp:208] recv impl type:5 sender id:1 seq:76 primary:1 is recovery:0
E20260317 17:36:38.794093 437571 consensus_manager_pbft.cpp:208] recv impl type:5 sender id:4 seq:76 primary:1 is recovery:0
E20260317 17:36:38.796888 437525 checkpoint_manager.cpp:530]  add commited state:76
E20260317 17:36:38.812048 437472 transaction_manager.cpp:91]  execute batch seq:75
E20260317 17:36:38.798595 437419 transaction_manager.cpp:91]  execute batch seq:75
E20260317 17:36:38.799996 437500 checkpoint_manager.cpp:530]  add commited state:76
E20260317 17:36:38.800625 437383 lock_free_collector_pool.cpp:71]  update:332 seq:332 cap:256 update seq:76
E20260317 17:36:38.801059 437391 transaction_manager.cpp:91]  execute batch seq:75
E20260317 17:36:38.801291 437502 message_manager.cpp:204]  add request fail
E20260317 17:36:38.804900 437549 checkpoint_manager.cpp:530]  add commited state:76
E20260317 17:36:38.805472 437437 lock_free_collector_pool.cpp:71]  update:332 seq:332 cap:256 update seq:76
E20260317 17:36:38.791018 437573 consensus_manager_pbft.cpp:208] recv impl type:5 sender id:2 seq:76 primary:1 is recovery:0
E20260317 17:36:38.806041 437547 message_manager.cpp:204]  add request fail
E20260317 17:36:38.807358 437449 commitment.cpp:363] send back to proxy:1
E20260317 17:36:38.809407 437523 message_manager.cpp:204]  add request fail
E20260317 17:36:38.811300 437571 checkpoint_manager.cpp:530]  add commited state:76
E20260317 17:36:38.811650 437464 lock_free_collector_pool.cpp:71]  update:332 seq:332 cap:256 update seq:76
E20260317 17:36:38.798115 437410 lock_free_collector_pool.cpp:71]  update:332 seq:332 cap:256 update seq:76
E20260317 17:36:38.813712 437476 commitment.cpp:363] send back to proxy:1
E20260317 17:36:38.814791 437422 commitment.cpp:363] send back to proxy:1
E20260317 17:36:38.817449 437395 commitment.cpp:363] send back to proxy:1
E20260317 17:36:38.821098 437573 message_manager.cpp:204]  add request fail
E20260317 17:36:38.829856 437502 consensus_manager_pbft.cpp:208] recv impl type:7 sender id:3 seq:76 primary:1 is recovery:0
E20260317 17:36:38.835598 437502 response_manager.cpp:187]  receive request seq:76 type:7 local id:76
E20260317 17:36:38.836352 437502 response_manager.cpp:214]  get receive count:0 seq:76
E20260317 17:36:38.881016 437501 consensus_manager_pbft.cpp:208] recv impl type:7 sender id:4 seq:76 primary:1 is recovery:0
E20260317 17:36:38.881145 437502 consensus_manager_pbft.cpp:208] recv impl type:7 sender id:2 seq:76 primary:1 is recovery:0
E20260317 17:36:38.882139 437501 response_manager.cpp:187]  receive request seq:76 type:7 local id:76
E20260317 17:36:38.884994 437502 response_manager.cpp:187]  receive request seq:76 type:7 local id:76
E20260317 17:36:38.887907 437500 consensus_manager_pbft.cpp:208] recv impl type:7 sender id:1 seq:76 primary:1 is recovery:0
E20260317 17:36:38.888581 437501 response_manager.cpp:214]  get receive count:1 seq:76
E20260317 17:36:38.890257 437500 response_manager.cpp:187]  receive request seq:76 type:7 local id:76
E20260317 17:36:38.891028 437501 lock_free_collector_pool.cpp:71]  update:332 seq:332 cap:256 update seq:76
E20260317 17:36:38.892587 437501 response_manager.cpp:227] SendResponseToClient local_id:76 seq:76 proxy_id:1
E20260317 17:36:38.893343 437501 lock_free_collector_pool.cpp:71]  update:332 seq:332 cap:256 update seq:76
E20260317 17:36:38.896310 437374 consensus_server.cpp:223] Selftest completed request i=74 ret=0 value=light_value
E20260317 17:36:38.896466 437501 response_manager.cpp:259] response sent to client local_id:76 seq:76
E20260317 17:36:39.893597 437374 consensus_server.cpp:291] Self-test passed mode=tcp (GET verified, last_value=light_value)
E20260317 17:36:39.894155 437374 consensus_server.cpp:294] RESULT mode=tcp num_requests=75 total_time_s=29.8034 throughput_rps=2.51649 avg_us=397375 p50_us=407656 p95_us=418858 p99_us=420451 min_us=355182 max_us=421839 status=OK
E20260317 17:36:41.180192 437375 stats.cpp:474]   req client latency:0.000292247
% time     seconds  usecs/call     calls    errors syscall
------ ----------- ----------- --------- --------- ------------------
 90.52 1122.998226        3937    285223     95229 futex
  3.55   44.054498        9482      4646           epoll_pwait
  2.64   32.745425      668273        49           clock_nanosleep
  1.99   24.629959      118413       208       116 accept
  0.78    9.727922         917     10599      4057 recvfrom
  0.18    2.219200         229      9665           gettid
  0.17    2.124723         325      6536           sendto
  0.08    0.944690          48     19288           write
  0.07    0.821652          42     19111           getpid
  0.01    0.148779          38      3861           mprotect
  0.01    0.098513         329       299           epoll_ctl
  0.00    0.013472          15       847           rt_sigprocmask
  0.00    0.012927          56       227           close
  0.00    0.012445          59       209           clone
  0.00    0.009813         106        92        16 connect
  0.00    0.008543          27       312           mmap
  0.00    0.007801          85        91           setsockopt
  0.00    0.007617          27       279           munmap
  0.00    0.007004          33       209           madvise
  0.00    0.003459          30       112           ioctl
  0.00    0.003033          14       210           set_robust_list
  0.00    0.002847          28       101           socket
  0.00    0.002788          13       210           rseq
  0.00    0.002305           5       397           brk
  0.00    0.001227          76        16           getsockopt
  0.00    0.001043          65        16           ppoll
  0.00    0.000327          23        14         1 openat
  0.00    0.000189          23         8           eventfd2
  0.00    0.000163          10        16         1 newfstatat
  0.00    0.000136          17         8           epoll_create1
  0.00    0.000091          11         8           timerfd_create
  0.00    0.000073           4        15           rt_sigaction
  0.00    0.000069          11         6           fcntl
  0.00    0.000059          19         3         3 unlinkat
  0.00    0.000056          14         4           lseek
  0.00    0.000054           5        10           read
  0.00    0.000030          10         3         3 symlinkat
  0.00    0.000025           6         4           uname
  0.00    0.000018          18         1           sched_getaffinity
  0.00    0.000011           1         8           bind
  0.00    0.000010          10         1           getrandom
  0.00    0.000008           1         8           listen
  0.00    0.000000           0         1         1 faccessat
  0.00    0.000000           0         1           set_tid_address
  0.00    0.000000           0         1           execve
  0.00    0.000000           0         1           prlimit64
------ ----------- ----------- --------- --------- ------------------
100.00 1240.611230        3418    362934     99427 total",
2026-03-17T17:38:36,tcp,128.110.216.196,26500,75,5,0,40.03252258698922,0.000104912,tcp,tcp,75,15.0232,4.99228,200305.0,200285.0,200537.0,200565.0,200026.0,200585.0,OK,,"E20260317 17:37:18.641481 437797 consensus_manager_pbft.cpp:208] recv impl type:5 sender id:2 seq:76 primary:1 is recovery:0
E20260317 17:37:18.641542 437702 consensus_manager_pbft.cpp:208] recv impl type:5 sender id:2 seq:76 primary:1 is recovery:0
E20260317 17:37:18.641549 437631 transaction_manager.cpp:91]  execute batch seq:75
E20260317 17:37:18.641554 437652 transaction_manager.cpp:91]  execute batch seq:75
E20260317 17:37:18.641819 437797 checkpoint_manager.cpp:530]  add commited state:76
E20260317 17:37:18.641832 437678 lock_free_collector_pool.cpp:71]  update:332 seq:332 cap:256 update seq:76
E20260317 17:37:18.641860 437685 transaction_manager.cpp:91]  execute batch seq:75
E20260317 17:37:18.641863 437702 checkpoint_manager.cpp:530]  add commited state:76
E20260317 17:37:18.642095 437690 commitment.cpp:363] send back to proxy:1
E20260317 17:37:18.641916 437603 transaction_manager.cpp:91]  execute batch seq:75
E20260317 17:37:18.641939 437636 commitment.cpp:363] send back to proxy:1
E20260317 17:37:18.641963 437663 commitment.cpp:363] send back to proxy:1
E20260317 17:37:18.641882 437597 lock_free_collector_pool.cpp:71]  update:332 seq:332 cap:256 update seq:76
E20260317 17:37:18.642205 437609 commitment.cpp:363] send back to proxy:1
E20260317 17:37:18.642755 437737 consensus_manager_pbft.cpp:208] recv impl type:5 sender id:4 seq:76 primary:1 is recovery:0
E20260317 17:37:18.642817 437737 message_manager.cpp:188]  seq:76 type:5 has been committed
E20260317 17:37:18.642773 437764 consensus_manager_pbft.cpp:208] recv impl type:5 sender id:4 seq:76 primary:1 is recovery:0
E20260317 17:37:18.642760 437708 consensus_manager_pbft.cpp:208] recv impl type:5 sender id:4 seq:76 primary:1 is recovery:0
E20260317 17:37:18.642952 437708 message_manager.cpp:188]  seq:76 type:5 has been committed
E20260317 17:37:18.642963 437794 consensus_manager_pbft.cpp:208] recv impl type:5 sender id:4 seq:76 primary:1 is recovery:0
E20260317 17:37:18.642899 437764 message_manager.cpp:188]  seq:76 type:5 has been committed
E20260317 17:37:18.643039 437794 message_manager.cpp:188]  seq:76 type:5 has been committed
E20260317 17:37:18.666780 437703 consensus_manager_pbft.cpp:208] recv impl type:7 sender id:1 seq:76 primary:1 is recovery:0
E20260317 17:37:18.666832 437703 response_manager.cpp:187]  receive request seq:76 type:7 local id:76
E20260317 17:37:18.666867 437703 response_manager.cpp:214]  get receive count:0 seq:76
E20260317 17:37:18.678861 437705 consensus_manager_pbft.cpp:208] recv impl type:7 sender id:2 seq:76 primary:1 is recovery:0
E20260317 17:37:18.678872 437706 consensus_manager_pbft.cpp:208] recv impl type:7 sender id:4 seq:76 primary:1 is recovery:0
E20260317 17:37:18.678918 437705 response_manager.cpp:187]  receive request seq:76 type:7 local id:76
E20260317 17:37:18.678962 437706 response_manager.cpp:187]  receive request seq:76 type:7 local id:76
E20260317 17:37:18.678999 437705 response_manager.cpp:214]  get receive count:1 seq:76
E20260317 17:37:18.679057 437705 lock_free_collector_pool.cpp:71]  update:332 seq:332 cap:256 update seq:76
E20260317 17:37:18.679090 437705 response_manager.cpp:227] SendResponseToClient local_id:76 seq:76 proxy_id:1
E20260317 17:37:18.679119 437705 lock_free_collector_pool.cpp:71]  update:332 seq:332 cap:256 update seq:76
E20260317 17:37:18.679230 437705 response_manager.cpp:259] response sent to client local_id:76 seq:76
E20260317 17:37:18.679230 437588 consensus_server.cpp:223] Selftest completed request i=74 ret=0 value=light_value
E20260317 17:37:18.679425 437704 consensus_manager_pbft.cpp:208] recv impl type:7 sender id:3 seq:76 primary:1 is recovery:0
E20260317 17:37:18.679481 437704 response_manager.cpp:187]  receive request seq:76 type:7 local id:76
E20260317 17:37:19.795239 437588 consensus_server.cpp:291] Self-test passed mode=tcp (GET verified, last_value=light_value)
E20260317 17:37:19.795400 437588 consensus_server.cpp:294] RESULT mode=tcp num_requests=75 total_time_s=15.0232 throughput_rps=4.99228 avg_us=200305 p50_us=200285 p95_us=200537 p99_us=200565 min_us=200026 max_us=200585 status=OK
E20260317 17:37:21.222023 437589 stats.cpp:474]   req client latency:9.94751e-05","E20260317 17:38:12.703263 437999 consensus_manager_pbft.cpp:208] recv impl type:4 sender id:4 seq:75 primary:1 is recovery:0
E20260317 17:38:12.706233 438023 consensus_manager_pbft.cpp:208] recv impl type:4 sender id:4 seq:75 primary:1 is recovery:0
E20260317 17:38:12.706236 438022 consensus_manager_pbft.cpp:208] recv impl type:4 sender id:2 seq:75 primary:1 is recovery:0
E20260317 17:38:12.682755 437951 consensus_manager_pbft.cpp:208] recv impl type:4 sender id:4 seq:75 primary:1 is recovery:0
E20260317 17:38:12.711057 438021 consensus_manager_pbft.cpp:208] recv impl type:4 sender id:1 seq:75 primary:1 is recovery:0
E20260317 17:38:12.711730 437997 checkpoint_manager.cpp:495] get high prepared seq:74
E20260317 17:38:12.713676 437975 checkpoint_manager.cpp:495] get high prepared seq:74
E20260317 17:38:12.715551 437950 checkpoint_manager.cpp:495] get high prepared seq:74
E20260317 17:38:12.721093 438022 checkpoint_manager.cpp:495] get high prepared seq:74
E20260317 17:38:12.724020 437997 checkpoint_manager.cpp:500] set high prepared seq:75
E20260317 17:38:12.725029 437975 checkpoint_manager.cpp:500] set high prepared seq:75
E20260317 17:38:12.726095 437950 checkpoint_manager.cpp:500] set high prepared seq:75
E20260317 17:38:12.727653 438022 checkpoint_manager.cpp:500] set high prepared seq:75
E20260317 17:38:12.751634 437976 consensus_manager_pbft.cpp:208] recv impl type:5 sender id:4 seq:75 primary:1 is recovery:0
E20260317 17:38:12.776124 437974 consensus_manager_pbft.cpp:208] recv impl type:5 sender id:3 seq:75 primary:1 is recovery:0
E20260317 17:38:12.793517 438022 consensus_manager_pbft.cpp:208] recv impl type:5 sender id:3 seq:75 primary:1 is recovery:0
E20260317 17:38:12.764760 437975 consensus_manager_pbft.cpp:208] recv impl type:5 sender id:1 seq:75 primary:1 is recovery:0
E20260317 17:38:12.756958 437951 consensus_manager_pbft.cpp:208] recv impl type:5 sender id:1 seq:75 primary:1 is recovery:0
E20260317 17:38:12.803176 437868 transaction_manager.cpp:91]  execute batch seq:74
E20260317 17:38:12.776142 437950 consensus_manager_pbft.cpp:208] recv impl type:5 sender id:3 seq:75 primary:1 is recovery:0
E20260317 17:38:12.761068 438000 consensus_manager_pbft.cpp:208] recv impl type:5 sender id:4 seq:75 primary:1 is recovery:0
E20260317 17:38:12.786402 438023 consensus_manager_pbft.cpp:208] recv impl type:5 sender id:1 seq:75 primary:1 is recovery:0
E20260317 17:38:12.786514 437949 consensus_manager_pbft.cpp:208] recv impl type:5 sender id:2 seq:75 primary:1 is recovery:0
E20260317 17:38:12.786481 437999 consensus_manager_pbft.cpp:208] recv impl type:5 sender id:1 seq:75 primary:1 is recovery:0
E20260317 17:38:12.786481 437998 consensus_manager_pbft.cpp:208] recv impl type:5 sender id:3 seq:75 primary:1 is recovery:0
E20260317 17:38:12.795401 437976 consensus_manager_pbft.cpp:208] recv impl type:5 sender id:2 seq:75 primary:1 is recovery:0
E20260317 17:38:12.812026 437897 transaction_manager.cpp:91]  execute batch seq:74
E20260317 17:38:12.798906 438021 consensus_manager_pbft.cpp:208] recv impl type:5 sender id:2 seq:75 primary:1 is recovery:0
E20260317 17:38:12.800046 437997 consensus_manager_pbft.cpp:208] recv impl type:5 sender id:2 seq:75 primary:1 is recovery:0
E20260317 17:38:12.815773 437924 transaction_manager.cpp:91]  execute batch seq:74
E20260317 17:38:12.802745 437860 lock_free_collector_pool.cpp:71]  update:331 seq:331 cap:256 update seq:75
E20260317 17:38:12.768487 438024 consensus_manager_pbft.cpp:208] recv impl type:5 sender id:4 seq:75 primary:1 is recovery:0
E20260317 17:38:12.805027 437872 commitment.cpp:363] send back to proxy:1
E20260317 17:38:12.808282 437949 checkpoint_manager.cpp:530]  add commited state:75
E20260317 17:38:12.808852 437833 lock_free_collector_pool.cpp:71]  update:331 seq:331 cap:256 update seq:75
E20260317 17:38:12.809533 437841 transaction_manager.cpp:91]  execute batch seq:74
E20260317 17:38:12.811249 437998 checkpoint_manager.cpp:530]  add commited state:75
E20260317 17:38:12.811612 437887 lock_free_collector_pool.cpp:71]  update:331 seq:331 cap:256 update seq:75
E20260317 17:38:12.756958 437952 consensus_manager_pbft.cpp:208] recv impl type:5 sender id:4 seq:75 primary:1 is recovery:0
E20260317 17:38:12.812376 437976 message_manager.cpp:204]  add request fail
E20260317 17:38:12.813782 437899 commitment.cpp:363] send back to proxy:1
E20260317 17:38:12.814502 438021 checkpoint_manager.cpp:530]  add commited state:75
E20260317 17:38:12.815182 437914 lock_free_collector_pool.cpp:71]  update:331 seq:331 cap:256 update seq:75
E20260317 17:38:12.802359 437975 checkpoint_manager.cpp:530]  add commited state:75
E20260317 17:38:12.815953 437997 message_manager.cpp:204]  add request fail
E20260317 17:38:12.817322 437926 commitment.cpp:363] send back to proxy:1
E20260317 17:38:12.818661 438024 message_manager.cpp:204]  add request fail
E20260317 17:38:12.823282 437845 commitment.cpp:363] send back to proxy:1
E20260317 17:38:12.825454 437952 message_manager.cpp:188]  seq:75 type:5 has been committed
E20260317 17:38:12.856675 437952 consensus_manager_pbft.cpp:208] recv impl type:7 sender id:3 seq:75 primary:1 is recovery:0
E20260317 17:38:12.859180 437952 response_manager.cpp:187]  receive request seq:75 type:7 local id:75
E20260317 17:38:12.864667 437952 response_manager.cpp:214]  get receive count:0 seq:75
E20260317 17:38:12.865005 437950 consensus_manager_pbft.cpp:208] recv impl type:7 sender id:2 seq:75 primary:1 is recovery:0
E20260317 17:38:12.865191 437951 consensus_manager_pbft.cpp:208] recv impl type:7 sender id:4 seq:75 primary:1 is recovery:0
E20260317 17:38:12.866789 437950 response_manager.cpp:187]  receive request seq:75 type:7 local id:75
E20260317 17:38:12.867981 437951 response_manager.cpp:187]  receive request seq:75 type:7 local id:75
E20260317 17:38:12.868973 437950 response_manager.cpp:214]  get receive count:1 seq:75
E20260317 17:38:12.870738 437950 lock_free_collector_pool.cpp:71]  update:331 seq:331 cap:256 update seq:75
E20260317 17:38:12.871667 437950 response_manager.cpp:227] SendResponseToClient local_id:75 seq:75 proxy_id:1
E20260317 17:38:12.872593 437950 lock_free_collector_pool.cpp:71]  update:331 seq:331 cap:256 update seq:75
E20260317 17:38:12.874253 437824 consensus_server.cpp:223] Selftest completed request i=73 ret=0 value=light_value
E20260317 17:38:12.874279 437950 response_manager.cpp:259] response sent to client local_id:75 seq:75
E20260317 17:38:12.875561 437824 consensus_server.cpp:221] Selftest sending request i=74
E20260317 17:38:12.883890 437952 consensus_manager_pbft.cpp:208] recv impl type:2 sender id:0 seq:0 primary:1 is recovery:0
E20260317 17:38:12.883559 437951 consensus_manager_pbft.cpp:208] recv impl type:7 sender id:1 seq:75 primary:1 is recovery:0
E20260317 17:38:12.886417 437951 response_manager.cpp:187]  receive request seq:75 type:7 local id:75
E20260317 17:38:12.986102 437847 response_manager.cpp:327] add context list:0 list size:1 local_id:76
E20260317 17:38:13.035936 437952 consensus_manager_pbft.cpp:208] recv impl type:14 sender id:1 seq:0 primary:1 is recovery:0
E20260317 17:38:13.054467 437952 consensus_manager_pbft.cpp:208] recv impl type:3 sender id:1 seq:76 primary:1 is recovery:0
E20260317 17:38:13.064301 438024 consensus_manager_pbft.cpp:208] recv impl type:3 sender id:1 seq:76 primary:1 is recovery:0
E20260317 17:38:13.062815 438000 consensus_manager_pbft.cpp:208] recv impl type:3 sender id:1 seq:76 primary:1 is recovery:0
E20260317 17:38:13.059055 437976 consensus_manager_pbft.cpp:208] recv impl type:3 sender id:1 seq:76 primary:1 is recovery:0
E20260317 17:38:13.082548 437952 consensus_manager_pbft.cpp:208] recv impl type:4 sender id:4 seq:76 primary:1 is recovery:0
E20260317 17:38:13.103775 437999 consensus_manager_pbft.cpp:208] recv impl type:4 sender id:2 seq:76 primary:1 is recovery:0
E20260317 17:38:13.125572 437952 consensus_manager_pbft.cpp:208] recv impl type:4 sender id:1 seq:76 primary:1 is recovery:0
E20260317 17:38:13.096773 437976 consensus_manager_pbft.cpp:208] recv impl type:4 sender id:2 seq:76 primary:1 is recovery:0
E20260317 17:38:13.100432 437975 consensus_manager_pbft.cpp:208] recv impl type:4 sender id:4 seq:76 primary:1 is recovery:0
E20260317 17:38:13.103777 437998 consensus_manager_pbft.cpp:208] recv impl type:4 sender id:3 seq:76 primary:1 is recovery:0
E20260317 17:38:13.103780 437974 consensus_manager_pbft.cpp:208] recv impl type:4 sender id:3 seq:76 primary:1 is recovery:0
E20260317 17:38:13.082551 437951 consensus_manager_pbft.cpp:208] recv impl type:4 sender id:2 seq:76 primary:1 is recovery:0
E20260317 17:38:13.109575 438024 consensus_manager_pbft.cpp:208] recv impl type:4 sender id:4 seq:76 primary:1 is recovery:0
E20260317 17:38:13.109647 437950 consensus_manager_pbft.cpp:208] recv impl type:4 sender id:3 seq:76 primary:1 is recovery:0
E20260317 17:38:13.119022 438023 consensus_manager_pbft.cpp:208] recv impl type:4 sender id:2 seq:76 primary:1 is recovery:0
E20260317 17:38:13.122771 437997 consensus_manager_pbft.cpp:208] recv impl type:4 sender id:1 seq:76 primary:1 is recovery:0
E20260317 17:38:13.126277 437973 consensus_manager_pbft.cpp:208] recv impl type:4 sender id:1 seq:76 primary:1 is recovery:0
E20260317 17:38:13.126469 438022 consensus_manager_pbft.cpp:208] recv impl type:4 sender id:3 seq:76 primary:1 is recovery:0
E20260317 17:38:13.126466 438021 consensus_manager_pbft.cpp:208] recv impl type:4 sender id:1 seq:76 primary:1 is recovery:0
E20260317 17:38:13.092556 438000 consensus_manager_pbft.cpp:208] recv impl type:4 sender id:4 seq:76 primary:1 is recovery:0
E20260317 17:38:13.131255 437974 checkpoint_manager.cpp:495] get high prepared seq:75
E20260317 17:38:13.132228 437951 checkpoint_manager.cpp:495] get high prepared seq:75
E20260317 17:38:13.136549 437997 checkpoint_manager.cpp:495] get high prepared seq:75
E20260317 17:38:13.138187 438022 checkpoint_manager.cpp:495] get high prepared seq:75
E20260317 17:38:13.140694 437974 checkpoint_manager.cpp:500] set high prepared seq:76
E20260317 17:38:13.141677 437951 checkpoint_manager.cpp:500] set high prepared seq:76
E20260317 17:38:13.142719 437997 checkpoint_manager.cpp:500] set high prepared seq:76
E20260317 17:38:13.143739 438022 checkpoint_manager.cpp:500] set high prepared seq:76
E20260317 17:38:13.163594 437952 consensus_manager_pbft.cpp:208] recv impl type:5 sender id:1 seq:76 primary:1 is recovery:0
E20260317 17:38:13.170316 437976 consensus_manager_pbft.cpp:208] recv impl type:5 sender id:1 seq:76 primary:1 is recovery:0
E20260317 17:38:13.208014 437974 consensus_manager_pbft.cpp:208] recv impl type:5 sender id:4 seq:76 primary:1 is recovery:0
E20260317 17:38:13.180717 438024 consensus_manager_pbft.cpp:208] recv impl type:5 sender id:1 seq:76 primary:1 is recovery:0
E20260317 17:38:13.185953 437951 consensus_manager_pbft.cpp:208] recv impl type:5 sender id:4 seq:76 primary:1 is recovery:0
E20260317 17:38:13.185954 437950 consensus_manager_pbft.cpp:208] recv impl type:5 sender id:3 seq:76 primary:1 is recovery:0
E20260317 17:38:13.196028 437997 consensus_manager_pbft.cpp:208] recv impl type:5 sender id:2 seq:76 primary:1 is recovery:0
E20260317 17:38:13.213982 437843 transaction_manager.cpp:91]  execute batch seq:75
E20260317 17:38:13.197953 437975 consensus_manager_pbft.cpp:208] recv impl type:5 sender id:3 seq:76 primary:1 is recovery:0
E20260317 17:38:13.199769 437999 consensus_manager_pbft.cpp:208] recv impl type:5 sender id:4 seq:76 primary:1 is recovery:0
E20260317 17:38:13.217720 437870 transaction_manager.cpp:91]  execute batch seq:75
E20260317 17:38:13.208019 437973 consensus_manager_pbft.cpp:208] recv impl type:5 sender id:2 seq:76 primary:1 is recovery:0
E20260317 17:38:13.207453 438023 consensus_manager_pbft.cpp:208] recv impl type:5 sender id:3 seq:76 primary:1 is recovery:0
E20260317 17:38:13.208449 438022 consensus_manager_pbft.cpp:208] recv impl type:5 sender id:4 seq:76 primary:1 is recovery:0
E20260317 17:38:13.177696 438000 consensus_manager_pbft.cpp:208] recv impl type:5 sender id:1 seq:76 primary:1 is recovery:0
E20260317 17:38:13.209244 438021 consensus_manager_pbft.cpp:208] recv impl type:5 sender id:2 seq:76 primary:1 is recovery:0
E20260317 17:38:13.224713 437893 transaction_manager.cpp:91]  execute batch seq:75
E20260317 17:38:13.213462 437833 lock_free_collector_pool.cpp:71]  update:332 seq:332 cap:256 update seq:76
E20260317 17:38:13.196106 437952 consensus_manager_pbft.cpp:208] recv impl type:5 sender id:2 seq:76 primary:1 is recovery:0
E20260317 17:38:13.216289 437845 commitment.cpp:363] send back to proxy:1
E20260317 17:38:13.216933 437975 checkpoint_manager.cpp:530]  add commited state:76
E20260317 17:38:13.217506 437860 lock_free_collector_pool.cpp:71]  update:332 seq:332 cap:256 update seq:76
E20260317 17:38:13.203486 437998 consensus_manager_pbft.cpp:208] recv impl type:5 sender id:3 seq:76 primary:1 is recovery:0
E20260317 17:38:13.219594 437872 commitment.cpp:363] send back to proxy:1
E20260317 17:38:13.220189 437973 message_manager.cpp:204]  add request fail
E20260317 17:38:13.222344 438022 checkpoint_manager.cpp:530]  add commited state:76
E20260317 17:38:13.223093 437914 lock_free_collector_pool.cpp:71]  update:332 seq:332 cap:256 update seq:76
E20260317 17:38:13.223302 437923 transaction_manager.cpp:91]  execute batch seq:75
E20260317 17:38:13.223811 438000 checkpoint_manager.cpp:530]  add commited state:76
E20260317 17:38:13.224340 437887 lock_free_collector_pool.cpp:71]  update:332 seq:332 cap:256 update seq:76
E20260317 17:38:13.213092 437950 checkpoint_manager.cpp:530]  add commited state:76
E20260317 17:38:13.224895 438021 message_manager.cpp:204]  add request fail
E20260317 17:38:13.226691 437899 commitment.cpp:363] send back to proxy:1
E20260317 17:38:13.228148 437952 message_manager.cpp:204]  add request fail
E20260317 17:38:13.231943 437998 message_manager.cpp:204]  add request fail
E20260317 17:38:13.237262 437926 commitment.cpp:363] send back to proxy:1
E20260317 17:38:13.247490 437952 consensus_manager_pbft.cpp:208] recv impl type:7 sender id:1 seq:76 primary:1 is recovery:0
E20260317 17:38:13.249228 437952 response_manager.cpp:187]  receive request seq:76 type:7 local id:76
E20260317 17:38:13.249993 437952 response_manager.cpp:214]  get receive count:0 seq:76
E20260317 17:38:13.269358 437952 consensus_manager_pbft.cpp:208] recv impl type:7 sender id:3 seq:76 primary:1 is recovery:0
E20260317 17:38:13.270340 437952 response_manager.cpp:187]  receive request seq:76 type:7 local id:76
E20260317 17:38:13.272161 437952 response_manager.cpp:214]  get receive count:1 seq:76
E20260317 17:38:13.275307 437952 lock_free_collector_pool.cpp:71]  update:332 seq:332 cap:256 update seq:76
E20260317 17:38:13.278451 437949 consensus_manager_pbft.cpp:208] recv impl type:7 sender id:4 seq:76 primary:1 is recovery:0
E20260317 17:38:13.278616 437951 consensus_manager_pbft.cpp:208] recv impl type:7 sender id:2 seq:76 primary:1 is recovery:0
E20260317 17:38:13.279078 437952 response_manager.cpp:227] SendResponseToClient local_id:76 seq:76 proxy_id:1
E20260317 17:38:13.280469 437949 response_manager.cpp:187]  receive request seq:76 type:7 local id:76
E20260317 17:38:13.281267 437951 response_manager.cpp:187]  receive request seq:76 type:7 local id:76
E20260317 17:38:13.282346 437952 lock_free_collector_pool.cpp:71]  update:332 seq:332 cap:256 update seq:76
E20260317 17:38:13.285230 437824 consensus_server.cpp:223] Selftest completed request i=74 ret=0 value=light_value
E20260317 17:38:13.285379 437952 response_manager.cpp:259] response sent to client local_id:76 seq:76
E20260317 17:38:14.296041 437824 consensus_server.cpp:291] Self-test passed mode=tcp (GET verified, last_value=light_value)
E20260317 17:38:14.296845 437824 consensus_server.cpp:294] RESULT mode=tcp num_requests=75 total_time_s=29.0331 throughput_rps=2.58326 avg_us=387104 p50_us=386865 p95_us=423349 p99_us=426454 min_us=337047 max_us=436868 status=OK
E20260317 17:38:16.309823 437825 stats.cpp:474]   req client latency:0.000299072
% time     seconds  usecs/call     calls    errors syscall
------ ----------- ----------- --------- --------- ------------------
 90.51 1139.095933        3952    288192     96190 futex
  3.55   44.640617        9329      4785           epoll_pwait
  2.65   33.308721      679769        49           clock_nanosleep
  1.98   24.973230      121229       206       114 accept
  0.79    9.902197         927     10679      4129 recvfrom
  0.18    2.232904         231      9665           gettid
  0.17    2.187976         334      6544           sendto
  0.08    0.970579          50     19287           write
  0.07    0.841723          44     19111           getpid
  0.01    0.140689          36      3854           mprotect
  0.01    0.095889         340       282           epoll_ctl
  0.00    0.016281          19       847           rt_sigprocmask
  0.00    0.014446          69       209           clone
  0.00    0.011907          52       227           close
  0.00    0.010108         109        92        16 connect
  0.00    0.009963          47       209           madvise
  0.00    0.008670          95        91           setsockopt
  0.00    0.008481          27       312           mmap
  0.00    0.006328          22       277           munmap
  0.00    0.003616           9       397           brk
  0.00    0.003438          16       210           set_robust_list
  0.00    0.003363          33       101           socket
  0.00    0.003305          15       210           rseq
  0.00    0.003012          26       112           ioctl
  0.00    0.001385          86        16           getsockopt
  0.00    0.001198          74        16           ppoll
  0.00    0.000278          34         8           timerfd_create
  0.00    0.000175          21         8           eventfd2
  0.00    0.000145          18         8           epoll_create1
  0.00    0.000061           7         8           bind
  0.00    0.000052           6         8           listen
  0.00    0.000015          15         1           sched_getaffinity
  0.00    0.000000           0         6           fcntl
  0.00    0.000000           0         3         3 unlinkat
  0.00    0.000000           0         3         3 symlinkat
  0.00    0.000000           0         1         1 faccessat
  0.00    0.000000           0        14         1 openat
  0.00    0.000000           0         4           lseek
  0.00    0.000000           0        10           read
  0.00    0.000000           0        16         1 newfstatat
  0.00    0.000000           0         1           set_tid_address
  0.00    0.000000           0        15           rt_sigaction
  0.00    0.000000           0         4           uname
  0.00    0.000000           0         1           execve
  0.00    0.000000           0         1           prlimit64
  0.00    0.000000           0         1           getrandom
------ ----------- ----------- --------- --------- ------------------
100.00 1258.496685        3437    366101    100458 total",
2026-03-17T17:40:01,rdma,128.110.216.196,26500,75,1,0,35.088139900006354,6.17576e-06,rdma,rdma,75,8.01312,9.35965,106838.0,106789.0,107811.0,109691.0,105274.0,111446.0,OK,"NO shared receive
>>>>>>>> post recvs
connect request had data with it: 56 bytes
[Server] accepted client 1
NO shared receive
>>>>>>>> post recvs
connect request had data with it: 56 bytes
[Server] accepted client 1
NO shared receive
>>>>>>>> post recvs
connect request had data with it: 56 bytes
[Server] accepted client 2
NO shared receive
>>>>>>>> post recvs
connect request had data with it: 56 bytes
[Server] accepted client 2
NO shared receive
>>>>>>>> post recvs
connect request had data with it: 56 bytes
[Server] accepted client 2
NO shared receive
>>>>>>>> post recvs
connect request had data with it: 56 bytes
[Server] accepted client 2
NO shared receive
>>>>>>>> post recvs
connect request had data with it: 56 bytes
[Server] accepted client 3
NO shared receive
>>>>>>>> post recvs
connect request had data with it: 56 bytes
[Server] accepted client 3
NO shared receive
>>>>>>>> post recvs
connect request had data with it: 56 bytes
[Server] accepted client 3
NO shared receive
>>>>>>>> post recvs
connect request had data with it: 56 bytes
[Server] accepted client 3","E20260317 17:38:47.205302 438203 consensus_manager_pbft.cpp:208] recv impl type:5 sender id:4 seq:76 primary:1 is recovery:0
E20260317 17:38:47.205325 438042 lock_free_collector_pool.cpp:71]  update:332 seq:332 cap:256 update seq:76
E20260317 17:38:47.205827 438117 transaction_manager.cpp:91]  execute batch seq:75
E20260317 17:38:47.205871 438089 transaction_manager.cpp:91]  execute batch seq:75
E20260317 17:38:47.204695 438195 consensus_manager_pbft.cpp:208] recv impl type:5 sender id:2 seq:76 primary:1 is recovery:0
E20260317 17:38:47.205569 438146 message_manager.cpp:204]  add request fail
E20260317 17:38:47.205302 438138 checkpoint_manager.cpp:530]  add commited state:76
E20260317 17:38:47.205767 438145 consensus_manager_pbft.cpp:208] recv impl type:7 sender id:2 seq:76 primary:1 is recovery:0
E20260317 17:38:47.205770 438233 checkpoint_manager.cpp:530]  add commited state:76
E20260317 17:38:47.205796 438108 lock_free_collector_pool.cpp:71]  update:332 seq:332 cap:256 update seq:76
E20260317 17:38:47.205811 438203 checkpoint_manager.cpp:530]  add commited state:76
E20260317 17:38:47.205834 438086 lock_free_collector_pool.cpp:71]  update:332 seq:332 cap:256 update seq:76
E20260317 17:38:47.205358 438049 transaction_manager.cpp:91]  execute batch seq:75
E20260317 17:38:47.205092 438064 lock_free_collector_pool.cpp:71]  update:332 seq:332 cap:256 update seq:76
E20260317 17:38:47.205930 438120 commitment.cpp:363] send back to proxy:1
E20260317 17:38:47.205969 438230 consensus_manager_pbft.cpp:208] recv impl type:5 sender id:4 seq:76 primary:1 is recovery:0
E20260317 17:38:47.206001 438195 message_manager.cpp:204]  add request fail
E20260317 17:38:47.206022 438098 commitment.cpp:363] send back to proxy:1
E20260317 17:38:47.206125 438145 response_manager.cpp:187]  receive request seq:76 type:7 local id:76
E20260317 17:38:47.206419 438054 commitment.cpp:363] send back to proxy:1
E20260317 17:38:47.206470 438120 rdma_replica_communicator.cpp:75] [RDMA] send target id=1 ip=128.110.216.196 base_port=26501 rdma_port=26501 payload_bytes=53
E20260317 17:38:47.206498 438230 message_manager.cpp:188]  seq:76 type:5 has been committed
E20260317 17:38:47.206586 438098 rdma_replica_communicator.cpp:75] [RDMA] send target id=1 ip=128.110.216.196 base_port=26501 rdma_port=26501 payload_bytes=53
E20260317 17:38:47.206631 438145 response_manager.cpp:214]  get receive count:0 seq:76
E20260317 17:38:47.206714 438054 rdma_replica_communicator.cpp:75] [RDMA] send target id=1 ip=128.110.216.196 base_port=26501 rdma_port=26501 payload_bytes=53
E20260317 17:38:47.206841 438134 consensus_manager_pbft.cpp:208] recv impl type:7 sender id:4 seq:76 primary:1 is recovery:0
E20260317 17:38:47.206907 438145 consensus_manager_pbft.cpp:208] recv impl type:7 sender id:3 seq:76 primary:1 is recovery:0
E20260317 17:38:47.207052 438145 response_manager.cpp:187]  receive request seq:76 type:7 local id:76
E20260317 17:38:47.207083 438142 consensus_manager_pbft.cpp:208] recv impl type:7 sender id:1 seq:76 primary:1 is recovery:0
E20260317 17:38:47.207090 438145 response_manager.cpp:214]  get receive count:1 seq:76
E20260317 17:38:47.207124 438142 response_manager.cpp:187]  receive request seq:76 type:7 local id:76
E20260317 17:38:47.207018 438134 response_manager.cpp:187]  receive request seq:76 type:7 local id:76
E20260317 17:38:47.207159 438145 lock_free_collector_pool.cpp:71]  update:332 seq:332 cap:256 update seq:76
E20260317 17:38:47.207293 438145 response_manager.cpp:227] SendResponseToClient local_id:76 seq:76 proxy_id:1
E20260317 17:38:47.207329 438145 lock_free_collector_pool.cpp:71]  update:332 seq:332 cap:256 update seq:76
E20260317 17:38:47.207438 438145 response_manager.cpp:259] response sent to client local_id:76 seq:76
E20260317 17:38:47.207448 438040 consensus_server.cpp:223] Selftest completed request i=74 ret=0 value=light_value
E20260317 17:38:48.275388 438040 consensus_server.cpp:291] Self-test passed mode=rdma (GET verified, last_value=light_value)
E20260317 17:38:48.275485 438040 consensus_server.cpp:294] RESULT mode=rdma num_requests=75 total_time_s=8.01312 throughput_rps=9.35965 avg_us=106838 p50_us=106789 p95_us=107811 p99_us=109691 min_us=105274 max_us=111446 status=OK
E20260317 17:38:51.351835 438041 stats.cpp:474]   req client latency:5.88744e-06","E20260317 17:39:36.774919 438409 consensus_manager_pbft.cpp:208] recv impl type:7 sender id:3 seq:75 primary:1 is recovery:0
E20260317 17:39:36.779876 438408 consensus_manager_pbft.cpp:208] recv impl type:7 sender id:2 seq:75 primary:1 is recovery:0
E20260317 17:39:36.780261 438410 response_manager.cpp:187]  receive request seq:75 type:7 local id:75
E20260317 17:39:36.781240 438382 rdma_replica_communicator.cpp:75] [RDMA] send target id=1 ip=128.110.216.196 base_port=26501 rdma_port=26501 payload_bytes=53
E20260317 17:39:36.783043 438409 response_manager.cpp:187]  receive request seq:75 type:7 local id:75
E20260317 17:39:36.783828 438408 response_manager.cpp:187]  receive request seq:75 type:7 local id:75
E20260317 17:39:36.784657 438410 response_manager.cpp:214]  get receive count:0 seq:75
E20260317 17:39:36.788039 438407 consensus_manager_pbft.cpp:208] recv impl type:7 sender id:4 seq:75 primary:1 is recovery:0
E20260317 17:39:36.788416 438409 response_manager.cpp:214]  get receive count:1 seq:75
E20260317 17:39:36.790797 438407 response_manager.cpp:187]  receive request seq:75 type:7 local id:75
E20260317 17:39:36.791549 438409 lock_free_collector_pool.cpp:71]  update:331 seq:331 cap:256 update seq:75
E20260317 17:39:36.793037 438409 response_manager.cpp:227] SendResponseToClient local_id:75 seq:75 proxy_id:1
E20260317 17:39:36.793776 438409 lock_free_collector_pool.cpp:71]  update:331 seq:331 cap:256 update seq:75
E20260317 17:39:36.794916 438302 consensus_server.cpp:223] Selftest completed request i=73 ret=0 value=light_value
E20260317 17:39:36.795069 438409 response_manager.cpp:259] response sent to client local_id:75 seq:75
E20260317 17:39:36.795749 438302 consensus_server.cpp:221] Selftest sending request i=74
E20260317 17:39:36.800952 438410 consensus_manager_pbft.cpp:208] recv impl type:2 sender id:0 seq:0 primary:1 is recovery:0
E20260317 17:39:36.902235 438318 response_manager.cpp:327] add context list:0 list size:1 local_id:76
E20260317 17:39:36.903028 438318 rdma_replica_communicator.cpp:75] [RDMA] send target id=1 ip=128.110.216.196 base_port=26501 rdma_port=26501 payload_bytes=82
E20260317 17:39:36.906461 438409 consensus_manager_pbft.cpp:208] recv impl type:14 sender id:1 seq:0 primary:1 is recovery:0
E20260317 17:39:36.907680 438409 rdma_replica_communicator.cpp:75] [RDMA] send target id=1 ip=128.110.216.196 base_port=26501 rdma_port=26501 payload_bytes=89
E20260317 17:39:36.908411 438409 rdma_replica_communicator.cpp:75] [RDMA] send target id=2 ip=128.110.216.196 base_port=26502 rdma_port=26502 payload_bytes=89
E20260317 17:39:36.911357 438410 consensus_manager_pbft.cpp:208] recv impl type:3 sender id:1 seq:76 primary:1 is recovery:0
E20260317 17:39:36.911897 438409 rdma_replica_communicator.cpp:75] [RDMA] send target id=3 ip=128.110.216.196 base_port=26503 rdma_port=26503 payload_bytes=89
E20260317 17:39:36.914678 438434 consensus_manager_pbft.cpp:208] recv impl type:3 sender id:1 seq:76 primary:1 is recovery:0
E20260317 17:39:36.915165 438410 rdma_replica_communicator.cpp:75] [RDMA] send target id=1 ip=128.110.216.196 base_port=26501 rdma_port=26501 payload_bytes=51
E20260317 17:39:36.916059 438409 rdma_replica_communicator.cpp:75] [RDMA] send target id=4 ip=128.110.216.196 base_port=26504 rdma_port=26504 payload_bytes=89
E20260317 17:39:36.918862 438458 consensus_manager_pbft.cpp:208] recv impl type:3 sender id:1 seq:76 primary:1 is recovery:0
E20260317 17:39:36.919377 438434 rdma_replica_communicator.cpp:75] [RDMA] send target id=1 ip=128.110.216.196 base_port=26501 rdma_port=26501 payload_bytes=51
E20260317 17:39:36.920172 438410 rdma_replica_communicator.cpp:75] [RDMA] send target id=2 ip=128.110.216.196 base_port=26502 rdma_port=26502 payload_bytes=51
E20260317 17:39:36.922794 438408 consensus_manager_pbft.cpp:208] recv impl type:4 sender id:1 seq:76 primary:1 is recovery:0
E20260317 17:39:36.925776 438482 consensus_manager_pbft.cpp:208] recv impl type:3 sender id:1 seq:76 primary:1 is recovery:0
E20260317 17:39:36.926256 438458 rdma_replica_communicator.cpp:75] [RDMA] send target id=1 ip=128.110.216.196 base_port=26501 rdma_port=26501 payload_bytes=51
E20260317 17:39:36.927217 438434 rdma_replica_communicator.cpp:75] [RDMA] send target id=2 ip=128.110.216.196 base_port=26502 rdma_port=26502 payload_bytes=51
E20260317 17:39:36.929822 438409 consensus_manager_pbft.cpp:208] recv impl type:4 sender id:2 seq:76 primary:1 is recovery:0
E20260317 17:39:36.930262 438410 rdma_replica_communicator.cpp:75] [RDMA] send target id=3 ip=128.110.216.196 base_port=26503 rdma_port=26503 payload_bytes=51
E20260317 17:39:36.932744 438433 consensus_manager_pbft.cpp:208] recv impl type:4 sender id:1 seq:76 primary:1 is recovery:0
E20260317 17:39:36.934056 438482 rdma_replica_communicator.cpp:75] [RDMA] send target id=1 ip=128.110.216.196 base_port=26501 rdma_port=26501 payload_bytes=51
E20260317 17:39:36.934801 438458 rdma_replica_communicator.cpp:75] [RDMA] send target id=2 ip=128.110.216.196 base_port=26502 rdma_port=26502 payload_bytes=51
E20260317 17:39:36.937420 438408 consensus_manager_pbft.cpp:208] recv impl type:4 sender id:3 seq:76 primary:1 is recovery:0
E20260317 17:39:36.937983 438434 rdma_replica_communicator.cpp:75] [RDMA] send target id=3 ip=128.110.216.196 base_port=26503 rdma_port=26503 payload_bytes=51
E20260317 17:39:36.940434 438432 consensus_manager_pbft.cpp:208] recv impl type:4 sender id:2 seq:76 primary:1 is recovery:0
E20260317 17:39:36.941792 438410 rdma_replica_communicator.cpp:75] [RDMA] send target id=4 ip=128.110.216.196 base_port=26504 rdma_port=26504 payload_bytes=51
E20260317 17:39:36.944193 438457 consensus_manager_pbft.cpp:208] recv impl type:4 sender id:1 seq:76 primary:1 is recovery:0
E20260317 17:39:36.945448 438482 rdma_replica_communicator.cpp:75] [RDMA] send target id=2 ip=128.110.216.196 base_port=26502 rdma_port=26502 payload_bytes=51
E20260317 17:39:36.948055 438409 consensus_manager_pbft.cpp:208] recv impl type:4 sender id:4 seq:76 primary:1 is recovery:0
E20260317 17:39:36.948470 438458 rdma_replica_communicator.cpp:75] [RDMA] send target id=3 ip=128.110.216.196 base_port=26503 rdma_port=26503 payload_bytes=51
E20260317 17:39:36.951050 438433 consensus_manager_pbft.cpp:208] recv impl type:4 sender id:3 seq:76 primary:1 is recovery:0
E20260317 17:39:36.951531 438408 checkpoint_manager.cpp:495] get high prepared seq:75
E20260317 17:39:36.952382 438434 rdma_replica_communicator.cpp:75] [RDMA] send target id=4 ip=128.110.216.196 base_port=26504 rdma_port=26504 payload_bytes=51
E20260317 17:39:36.954823 438456 consensus_manager_pbft.cpp:208] recv impl type:4 sender id:2 seq:76 primary:1 is recovery:0
E20260317 17:39:36.958506 438481 consensus_manager_pbft.cpp:208] recv impl type:4 sender id:1 seq:76 primary:1 is recovery:0
E20260317 17:39:36.959592 438482 rdma_replica_communicator.cpp:75] [RDMA] send target id=3 ip=128.110.216.196 base_port=26503 rdma_port=26503 payload_bytes=51
E20260317 17:39:36.962000 438432 consensus_manager_pbft.cpp:208] recv impl type:4 sender id:4 seq:76 primary:1 is recovery:0
E20260317 17:39:36.963299 438458 rdma_replica_communicator.cpp:75] [RDMA] send target id=4 ip=128.110.216.196 base_port=26504 rdma_port=26504 payload_bytes=51
E20260317 17:39:36.965643 438457 consensus_manager_pbft.cpp:208] recv impl type:4 sender id:3 seq:76 primary:1 is recovery:0
E20260317 17:39:36.966048 438433 checkpoint_manager.cpp:495] get high prepared seq:75
E20260317 17:39:36.967200 438408 checkpoint_manager.cpp:500] set high prepared seq:76
E20260317 17:39:36.970070 438480 consensus_manager_pbft.cpp:208] recv impl type:4 sender id:2 seq:76 primary:1 is recovery:0
E20260317 17:39:36.970394 438456 checkpoint_manager.cpp:495] get high prepared seq:75
E20260317 17:39:36.972023 438482 rdma_replica_communicator.cpp:75] [RDMA] send target id=4 ip=128.110.216.196 base_port=26504 rdma_port=26504 payload_bytes=51
E20260317 17:39:36.974258 438455 consensus_manager_pbft.cpp:208] recv impl type:4 sender id:4 seq:76 primary:1 is recovery:0
E20260317 17:39:36.977659 438481 consensus_manager_pbft.cpp:208] recv impl type:4 sender id:3 seq:76 primary:1 is recovery:0
E20260317 17:39:36.979138 438433 checkpoint_manager.cpp:500] set high prepared seq:76
E20260317 17:39:36.980011 438408 rdma_replica_communicator.cpp:75] [RDMA] send target id=1 ip=128.110.216.196 base_port=26501 rdma_port=26501 payload_bytes=53
E20260317 17:39:36.981004 438480 checkpoint_manager.cpp:495] get high prepared seq:75
E20260317 17:39:36.982288 438456 checkpoint_manager.cpp:500] set high prepared seq:76
E20260317 17:39:36.985271 438482 consensus_manager_pbft.cpp:208] recv impl type:4 sender id:4 seq:76 primary:1 is recovery:0
E20260317 17:39:36.987478 438433 rdma_replica_communicator.cpp:75] [RDMA] send target id=1 ip=128.110.216.196 base_port=26501 rdma_port=26501 payload_bytes=53
E20260317 17:39:36.988338 438408 rdma_replica_communicator.cpp:75] [RDMA] send target id=2 ip=128.110.216.196 base_port=26502 rdma_port=26502 payload_bytes=53
E20260317 17:39:36.991000 438410 consensus_manager_pbft.cpp:208] recv impl type:5 sender id:1 seq:76 primary:1 is recovery:0
E20260317 17:39:36.991586 438480 checkpoint_manager.cpp:500] set high prepared seq:76
E20260317 17:39:36.992327 438456 rdma_replica_communicator.cpp:75] [RDMA] send target id=1 ip=128.110.216.196 base_port=26501 rdma_port=26501 payload_bytes=53
E20260317 17:39:36.993861 438433 rdma_replica_communicator.cpp:75] [RDMA] send target id=2 ip=128.110.216.196 base_port=26502 rdma_port=26502 payload_bytes=53
E20260317 17:39:36.996447 438409 consensus_manager_pbft.cpp:208] recv impl type:5 sender id:2 seq:76 primary:1 is recovery:0
E20260317 17:39:36.996860 438408 rdma_replica_communicator.cpp:75] [RDMA] send target id=3 ip=128.110.216.196 base_port=26503 rdma_port=26503 payload_bytes=53
E20260317 17:39:36.999423 438434 consensus_manager_pbft.cpp:208] recv impl type:5 sender id:1 seq:76 primary:1 is recovery:0
E20260317 17:39:37.000949 438480 rdma_replica_communicator.cpp:75] [RDMA] send target id=1 ip=128.110.216.196 base_port=26501 rdma_port=26501 payload_bytes=53
E20260317 17:39:37.001751 438456 rdma_replica_communicator.cpp:75] [RDMA] send target id=2 ip=128.110.216.196 base_port=26502 rdma_port=26502 payload_bytes=53
E20260317 17:39:37.004272 438410 consensus_manager_pbft.cpp:208] recv impl type:5 sender id:3 seq:76 primary:1 is recovery:0
E20260317 17:39:37.004748 438433 rdma_replica_communicator.cpp:75] [RDMA] send target id=3 ip=128.110.216.196 base_port=26503 rdma_port=26503 payload_bytes=53
E20260317 17:39:37.007077 438432 consensus_manager_pbft.cpp:208] recv impl type:5 sender id:2 seq:76 primary:1 is recovery:0
E20260317 17:39:37.008782 438408 rdma_replica_communicator.cpp:75] [RDMA] send target id=4 ip=128.110.216.196 base_port=26504 rdma_port=26504 payload_bytes=53
E20260317 17:39:37.011884 438458 consensus_manager_pbft.cpp:208] recv impl type:5 sender id:1 seq:76 primary:1 is recovery:0
E20260317 17:39:37.013248 438480 rdma_replica_communicator.cpp:75] [RDMA] send target id=2 ip=128.110.216.196 base_port=26502 rdma_port=26502 payload_bytes=53
E20260317 17:39:37.015839 438409 consensus_manager_pbft.cpp:208] recv impl type:5 sender id:4 seq:76 primary:1 is recovery:0
E20260317 17:39:37.016319 438456 rdma_replica_communicator.cpp:75] [RDMA] send target id=3 ip=128.110.216.196 base_port=26503 rdma_port=26503 payload_bytes=53
E20260317 17:39:37.018824 438434 consensus_manager_pbft.cpp:208] recv impl type:5 sender id:3 seq:76 primary:1 is recovery:0
E20260317 17:39:37.019446 438410 checkpoint_manager.cpp:530]  add commited state:76
E20260317 17:39:37.035128 438326 lock_free_collector_pool.cpp:71]  update:332 seq:332 cap:256 update seq:76
E20260317 17:39:37.020434 438314 transaction_manager.cpp:91]  execute batch seq:75
E20260317 17:39:37.020604 438433 rdma_replica_communicator.cpp:75] [RDMA] send target id=4 ip=128.110.216.196 base_port=26504 rdma_port=26504 payload_bytes=53
E20260317 17:39:37.022980 438457 consensus_manager_pbft.cpp:208] recv impl type:5 sender id:2 seq:76 primary:1 is recovery:0
E20260317 17:39:37.026544 438482 consensus_manager_pbft.cpp:208] recv impl type:5 sender id:1 seq:76 primary:1 is recovery:0
E20260317 17:39:37.027668 438480 rdma_replica_communicator.cpp:75] [RDMA] send target id=3 ip=128.110.216.196 base_port=26503 rdma_port=26503 payload_bytes=53
E20260317 17:39:37.030073 438432 consensus_manager_pbft.cpp:208] recv impl type:5 sender id:4 seq:76 primary:1 is recovery:0
E20260317 17:39:37.030586 438409 message_manager.cpp:204]  add request fail
E20260317 17:39:37.031380 438456 rdma_replica_communicator.cpp:75] [RDMA] send target id=4 ip=128.110.216.196 base_port=26504 rdma_port=26504 payload_bytes=53
E20260317 17:39:37.033762 438458 consensus_manager_pbft.cpp:208] recv impl type:5 sender id:3 seq:76 primary:1 is recovery:0
E20260317 17:39:37.034340 438434 checkpoint_manager.cpp:530]  add commited state:76
E20260317 17:39:37.050946 438348 lock_free_collector_pool.cpp:71]  update:332 seq:332 cap:256 update seq:76
E20260317 17:39:37.020016 438304 lock_free_collector_pool.cpp:71]  update:332 seq:332 cap:256 update seq:76
E20260317 17:39:37.037899 438316 commitment.cpp:363] send back to proxy:1
E20260317 17:39:37.040624 438481 consensus_manager_pbft.cpp:208] recv impl type:5 sender id:2 seq:76 primary:1 is recovery:0
E20260317 17:39:37.042630 438480 rdma_replica_communicator.cpp:75] [RDMA] send target id=4 ip=128.110.216.196 base_port=26504 rdma_port=26504 payload_bytes=53
E20260317 17:39:37.045334 438455 consensus_manager_pbft.cpp:208] recv impl type:5 sender id:4 seq:76 primary:1 is recovery:0
E20260317 17:39:37.045708 438432 message_manager.cpp:204]  add request fail
E20260317 17:39:37.049561 438482 consensus_manager_pbft.cpp:208] recv impl type:5 sender id:3 seq:76 primary:1 is recovery:0
E20260317 17:39:37.050185 438458 checkpoint_manager.cpp:530]  add commited state:76
E20260317 17:39:37.060688 438370 lock_free_collector_pool.cpp:71]  update:332 seq:332 cap:256 update seq:76
E20260317 17:39:37.035339 438336 transaction_manager.cpp:91]  execute batch seq:75
E20260317 17:39:37.053856 438316 rdma_replica_communicator.cpp:75] [RDMA] send target id=1 ip=128.110.216.196 base_port=26501 rdma_port=26501 payload_bytes=53
E20260317 17:39:37.055771 438480 consensus_manager_pbft.cpp:208] recv impl type:5 sender id:4 seq:76 primary:1 is recovery:0
E20260317 17:39:37.066650 438410 consensus_manager_pbft.cpp:208] recv impl type:7 sender id:1 seq:76 primary:1 is recovery:0
E20260317 17:39:37.060024 438482 checkpoint_manager.cpp:530]  add commited state:76
E20260317 17:39:37.060870 438380 transaction_manager.cpp:91]  execute batch seq:75
E20260317 17:39:37.051151 438358 transaction_manager.cpp:91]  execute batch seq:75
E20260317 17:39:37.063305 438338 commitment.cpp:363] send back to proxy:1
E20260317 17:39:37.058290 438455 message_manager.cpp:204]  add request fail
E20260317 17:39:37.066995 438480 message_manager.cpp:204]  add request fail
E20260317 17:39:37.067767 438410 response_manager.cpp:187]  receive request seq:76 type:7 local id:76
E20260317 17:39:37.069952 438382 commitment.cpp:363] send back to proxy:1
E20260317 17:39:37.070972 438360 commitment.cpp:363] send back to proxy:1
E20260317 17:39:37.071504 438338 rdma_replica_communicator.cpp:75] [RDMA] send target id=1 ip=128.110.216.196 base_port=26501 rdma_port=26501 payload_bytes=53
E20260317 17:39:37.073930 438410 response_manager.cpp:214]  get receive count:0 seq:76
E20260317 17:39:37.074935 438382 rdma_replica_communicator.cpp:75] [RDMA] send target id=1 ip=128.110.216.196 base_port=26501 rdma_port=26501 payload_bytes=53
E20260317 17:39:37.075977 438360 rdma_replica_communicator.cpp:75] [RDMA] send target id=1 ip=128.110.216.196 base_port=26501 rdma_port=26501 payload_bytes=53
E20260317 17:39:37.079538 438409 consensus_manager_pbft.cpp:208] recv impl type:7 sender id:2 seq:76 primary:1 is recovery:0
E20260317 17:39:37.083966 438410 consensus_manager_pbft.cpp:208] recv impl type:7 sender id:4 seq:76 primary:1 is recovery:0
E20260317 17:39:37.087245 438408 consensus_manager_pbft.cpp:208] recv impl type:7 sender id:3 seq:76 primary:1 is recovery:0
E20260317 17:39:37.087659 438409 response_manager.cpp:187]  receive request seq:76 type:7 local id:76
E20260317 17:39:37.088479 438410 response_manager.cpp:187]  receive request seq:76 type:7 local id:76
E20260317 17:39:37.089308 438408 response_manager.cpp:187]  receive request seq:76 type:7 local id:76
E20260317 17:39:37.090154 438409 response_manager.cpp:214]  get receive count:1 seq:76
E20260317 17:39:37.092510 438409 lock_free_collector_pool.cpp:71]  update:332 seq:332 cap:256 update seq:76
E20260317 17:39:37.093256 438409 response_manager.cpp:227] SendResponseToClient local_id:76 seq:76 proxy_id:1
E20260317 17:39:37.093988 438409 lock_free_collector_pool.cpp:71]  update:332 seq:332 cap:256 update seq:76
E20260317 17:39:37.095090 438302 consensus_server.cpp:223] Selftest completed request i=74 ret=0 value=light_value
E20260317 17:39:37.095240 438409 response_manager.cpp:259] response sent to client local_id:76 seq:76
E20260317 17:39:38.098379 438302 consensus_server.cpp:291] Self-test passed mode=rdma (GET verified, last_value=light_value)
E20260317 17:39:38.098954 438302 consensus_server.cpp:294] RESULT mode=rdma num_requests=75 total_time_s=22.4111 throughput_rps=3.34655 avg_us=298811 p50_us=298680 p95_us=301976 p99_us=302482 min_us=294026 max_us=304723 status=OK
E20260317 17:39:41.506426 438303 stats.cpp:474]   req client latency:0.000190231
% time     seconds  usecs/call     calls    errors syscall
------ ----------- ----------- --------- --------- ------------------
 89.41  601.195402        3033    198187     59845 futex
  3.02   20.290886        2917      6956           clock_nanosleep
  2.29   15.373354     1921669         8           epoll_pwait
  2.24   15.067316       14642      1029           ppoll
  2.19   14.733203       94443       156        80 accept
  0.52    3.495051       11496       304           recvfrom
  0.13    0.877587          30     29213         4 write
  0.10    0.640511          22     28452           getpid
  0.08    0.567757          44     12773           gettid
  0.00    0.028093          90       312           sendto
  0.00    0.020308          45       449           mmap
  0.00    0.019892          18      1054           mprotect
  0.00    0.013175          71       185           clone
  0.00    0.012007          52       227           close
  0.00    0.011478          23       496         1 ioctl
  0.00    0.011057          14       751           rt_sigprocmask
  0.00    0.004234          13       307           munmap
  0.00    0.004034          43        92           socket
  0.00    0.003440           8       400           brk
  0.00    0.003131          16       186           rseq
  0.00    0.003116          16       186           set_robust_list
  0.00    0.003080          16       186           madvise
  0.00    0.001000          14        69         2 openat
  0.00    0.000467           5        88         1 newfstatat
  0.00    0.000320           3        95           setsockopt
  0.00    0.000277           9        28           recvmsg
  0.00    0.000274           4        56           read
  0.00    0.000270           6        40           shmat
  0.00    0.000253           3        77         1 connect
  0.00    0.000216          10        20           shmget
  0.00    0.000118           5        20           shmctl
  0.00    0.000115           7        16           epoll_ctl
  0.00    0.000105           7        15           rt_sigaction
  0.00    0.000056           4        14           bind
  0.00    0.000029           7         4           lseek
  0.00    0.000027           4         6           getsockname
  0.00    0.000025           8         3         3 unlinkat
  0.00    0.000025          25         1           sched_getaffinity
  0.00    0.000021           3         6           fcntl
  0.00    0.000019           6         3         3 symlinkat
  0.00    0.000017           4         4           uname
  0.00    0.000012           3         4           eventfd2
  0.00    0.000012           1         8           listen
  0.00    0.000009           4         2           prlimit64
  0.00    0.000009           9         1           getrandom
  0.00    0.000008           2         4           epoll_create1
  0.00    0.000008           4         2           getdents64
  0.00    0.000007           1         4           timerfd_create
  0.00    0.000006           3         2           getuid
  0.00    0.000005           1         3           geteuid
  0.00    0.000000           0         1         1 faccessat
  0.00    0.000000           0         1           set_tid_address
  0.00    0.000000           0         3           sendmsg
  0.00    0.000000           0         1           execve
------ ----------- ----------- --------- --------- ------------------
100.00  672.381822        2380    282510     59941 total",
2026-03-17T17:41:26,rdma,128.110.216.196,26500,75,2,0,35.088654963998124,5.90114e-06,rdma,rdma,75,8.00585,9.36815,106741.0,106661.0,107409.0,108294.0,105745.0,112327.0,OK,"NO shared receive
>>>>>>>> post recvs
connect request had data with it: 56 bytes
[Server] accepted client 1
NO shared receive
>>>>>>>> post recvs
connect request had data with it: 56 bytes
[Server] accepted client 1
NO shared receive
>>>>>>>> post recvs
connect request had data with it: 56 bytes
[Server] accepted client 2
NO shared receive
>>>>>>>> post recvs
connect request had data with it: 56 bytes
[Server] accepted client 2
NO shared receive
>>>>>>>> post recvs
connect request had data with it: 56 bytes
[Server] accepted client 2
NO shared receive
>>>>>>>> post recvs
connect request had data with it: 56 bytes
[Server] accepted client 2
NO shared receive
>>>>>>>> post recvs
connect request had data with it: 56 bytes
[Server] accepted client 3
NO shared receive
>>>>>>>> post recvs
connect request had data with it: 56 bytes
[Server] accepted client 3
NO shared receive
>>>>>>>> post recvs
connect request had data with it: 56 bytes
[Server] accepted client 3
NO shared receive
>>>>>>>> post recvs
connect request had data with it: 56 bytes
[Server] accepted client 3","E20260317 17:40:12.456218 438509 commitment.cpp:363] send back to proxy:1
E20260317 17:40:12.456267 438509 rdma_replica_communicator.cpp:75] [RDMA] send target id=1 ip=128.110.216.196 base_port=26501 rdma_port=26501 payload_bytes=53
E20260317 17:40:12.456357 438563 lock_free_collector_pool.cpp:71]  update:332 seq:332 cap:256 update seq:76
E20260317 17:40:12.456394 438598 consensus_manager_pbft.cpp:208] recv impl type:7 sender id:1 seq:76 primary:1 is recovery:0
E20260317 17:40:12.456436 438568 transaction_manager.cpp:91]  execute batch seq:75
E20260317 17:40:12.455606 438523 transaction_manager.cpp:91]  execute batch seq:75
E20260317 17:40:12.456513 438575 commitment.cpp:363] send back to proxy:1
E20260317 17:40:12.456017 438654 consensus_manager_pbft.cpp:208] recv impl type:5 sender id:4 seq:76 primary:1 is recovery:0
E20260317 17:40:12.455763 438541 lock_free_collector_pool.cpp:71]  update:332 seq:332 cap:256 update seq:76
E20260317 17:40:12.455498 438588 consensus_manager_pbft.cpp:208] recv impl type:5 sender id:4 seq:76 primary:1 is recovery:0
E20260317 17:40:12.456678 438588 message_manager.cpp:188]  seq:76 type:5 has been committed
E20260317 17:40:12.455575 438519 lock_free_collector_pool.cpp:71]  update:332 seq:332 cap:256 update seq:76
E20260317 17:40:12.455960 438625 consensus_manager_pbft.cpp:208] recv impl type:5 sender id:4 seq:76 primary:1 is recovery:0
E20260317 17:40:12.456446 438598 response_manager.cpp:187]  receive request seq:76 type:7 local id:76
E20260317 17:40:12.455945 438545 transaction_manager.cpp:91]  execute batch seq:75
E20260317 17:40:12.456560 438575 rdma_replica_communicator.cpp:75] [RDMA] send target id=1 ip=128.110.216.196 base_port=26501 rdma_port=26501 payload_bytes=53
E20260317 17:40:12.456597 438654 message_manager.cpp:188]  seq:76 type:5 has been committed
E20260317 17:40:12.456619 438531 commitment.cpp:363] send back to proxy:1
E20260317 17:40:12.457051 438599 consensus_manager_pbft.cpp:208] recv impl type:7 sender id:4 seq:76 primary:1 is recovery:0
E20260317 17:40:12.456791 438625 message_manager.cpp:188]  seq:76 type:5 has been committed
E20260317 17:40:12.456830 438598 response_manager.cpp:214]  get receive count:0 seq:76
E20260317 17:40:12.456959 438553 commitment.cpp:363] send back to proxy:1
E20260317 17:40:12.457051 438531 rdma_replica_communicator.cpp:75] [RDMA] send target id=1 ip=128.110.216.196 base_port=26501 rdma_port=26501 payload_bytes=53
E20260317 17:40:12.456223 438679 consensus_manager_pbft.cpp:208] recv impl type:5 sender id:4 seq:76 primary:1 is recovery:0
E20260317 17:40:12.457324 438593 consensus_manager_pbft.cpp:208] recv impl type:7 sender id:2 seq:76 primary:1 is recovery:0
E20260317 17:40:12.457224 438553 rdma_replica_communicator.cpp:75] [RDMA] send target id=1 ip=128.110.216.196 base_port=26501 rdma_port=26501 payload_bytes=53
E20260317 17:40:12.457098 438599 response_manager.cpp:187]  receive request seq:76 type:7 local id:76
E20260317 17:40:12.457477 438599 response_manager.cpp:214]  get receive count:1 seq:76
E20260317 17:40:12.457365 438593 response_manager.cpp:187]  receive request seq:76 type:7 local id:76
E20260317 17:40:12.457489 438592 consensus_manager_pbft.cpp:208] recv impl type:7 sender id:3 seq:76 primary:1 is recovery:0
E20260317 17:40:12.457516 438599 lock_free_collector_pool.cpp:71]  update:332 seq:332 cap:256 update seq:76
E20260317 17:40:12.457334 438679 message_manager.cpp:188]  seq:76 type:5 has been committed
E20260317 17:40:12.457602 438592 response_manager.cpp:187]  receive request seq:76 type:7 local id:76
E20260317 17:40:12.457639 438599 response_manager.cpp:227] SendResponseToClient local_id:76 seq:76 proxy_id:1
E20260317 17:40:12.457742 438599 lock_free_collector_pool.cpp:71]  update:332 seq:332 cap:256 update seq:76
E20260317 17:40:12.457856 438599 response_manager.cpp:259] response sent to client local_id:76 seq:76
E20260317 17:40:12.457863 438495 consensus_server.cpp:223] Selftest completed request i=74 ret=0 value=light_value
E20260317 17:40:13.555248 438495 consensus_server.cpp:291] Self-test passed mode=rdma (GET verified, last_value=light_value)
E20260317 17:40:13.555537 438495 consensus_server.cpp:294] RESULT mode=rdma num_requests=75 total_time_s=8.00585 throughput_rps=9.36815 avg_us=106741 p50_us=106661 p95_us=107409 p99_us=108294 min_us=105745 max_us=112327 status=OK
E20260317 17:40:16.611569 438496 stats.cpp:474]   req client latency:5.89512e-06","E20260317 17:41:01.934716 438811 consensus_manager_pbft.cpp:208] recv impl type:7 sender id:2 seq:75 primary:1 is recovery:0
E20260317 17:41:01.935119 438812 response_manager.cpp:187]  receive request seq:75 type:7 local id:75
E20260317 17:41:01.935971 438784 rdma_replica_communicator.cpp:75] [RDMA] send target id=1 ip=128.110.216.196 base_port=26501 rdma_port=26501 payload_bytes=53
E20260317 17:41:01.940410 438810 consensus_manager_pbft.cpp:208] recv impl type:7 sender id:3 seq:75 primary:1 is recovery:0
E20260317 17:41:01.940874 438811 response_manager.cpp:187]  receive request seq:75 type:7 local id:75
E20260317 17:41:01.941717 438812 response_manager.cpp:214]  get receive count:0 seq:75
E20260317 17:41:01.945178 438809 consensus_manager_pbft.cpp:208] recv impl type:7 sender id:4 seq:75 primary:1 is recovery:0
E20260317 17:41:01.945600 438810 response_manager.cpp:187]  receive request seq:75 type:7 local id:75
E20260317 17:41:01.946550 438811 response_manager.cpp:214]  get receive count:1 seq:75
E20260317 17:41:01.948513 438809 response_manager.cpp:187]  receive request seq:75 type:7 local id:75
E20260317 17:41:01.950208 438811 lock_free_collector_pool.cpp:71]  update:331 seq:331 cap:256 update seq:75
E20260317 17:41:01.952064 438811 response_manager.cpp:227] SendResponseToClient local_id:75 seq:75 proxy_id:1
E20260317 17:41:01.952906 438811 lock_free_collector_pool.cpp:71]  update:331 seq:331 cap:256 update seq:75
E20260317 17:41:01.954170 438811 response_manager.cpp:259] response sent to client local_id:75 seq:75
E20260317 17:41:01.954170 438704 consensus_server.cpp:223] Selftest completed request i=73 ret=0 value=light_value
E20260317 17:41:01.956048 438704 consensus_server.cpp:221] Selftest sending request i=74
E20260317 17:41:01.960870 438812 consensus_manager_pbft.cpp:208] recv impl type:2 sender id:0 seq:0 primary:1 is recovery:0
E20260317 17:41:02.062165 438720 response_manager.cpp:327] add context list:0 list size:1 local_id:76
E20260317 17:41:02.063012 438720 rdma_replica_communicator.cpp:75] [RDMA] send target id=1 ip=128.110.216.196 base_port=26501 rdma_port=26501 payload_bytes=82
E20260317 17:41:02.066550 438812 consensus_manager_pbft.cpp:208] recv impl type:14 sender id:1 seq:0 primary:1 is recovery:0
E20260317 17:41:02.067428 438812 rdma_replica_communicator.cpp:75] [RDMA] send target id=1 ip=128.110.216.196 base_port=26501 rdma_port=26501 payload_bytes=89
E20260317 17:41:02.068207 438812 rdma_replica_communicator.cpp:75] [RDMA] send target id=2 ip=128.110.216.196 base_port=26502 rdma_port=26502 payload_bytes=89
E20260317 17:41:02.070930 438810 consensus_manager_pbft.cpp:208] recv impl type:3 sender id:1 seq:76 primary:1 is recovery:0
E20260317 17:41:02.071557 438812 rdma_replica_communicator.cpp:75] [RDMA] send target id=3 ip=128.110.216.196 base_port=26503 rdma_port=26503 payload_bytes=89
E20260317 17:41:02.074256 438838 consensus_manager_pbft.cpp:208] recv impl type:3 sender id:1 seq:76 primary:1 is recovery:0
E20260317 17:41:02.074739 438810 rdma_replica_communicator.cpp:75] [RDMA] send target id=1 ip=128.110.216.196 base_port=26501 rdma_port=26501 payload_bytes=51
E20260317 17:41:02.075678 438812 rdma_replica_communicator.cpp:75] [RDMA] send target id=4 ip=128.110.216.196 base_port=26504 rdma_port=26504 payload_bytes=89
E20260317 17:41:02.078182 438862 consensus_manager_pbft.cpp:208] recv impl type:3 sender id:1 seq:76 primary:1 is recovery:0
E20260317 17:41:02.078711 438838 rdma_replica_communicator.cpp:75] [RDMA] send target id=1 ip=128.110.216.196 base_port=26501 rdma_port=26501 payload_bytes=51
E20260317 17:41:02.079552 438810 rdma_replica_communicator.cpp:75] [RDMA] send target id=2 ip=128.110.216.196 base_port=26502 rdma_port=26502 payload_bytes=51
E20260317 17:41:02.082542 438811 consensus_manager_pbft.cpp:208] recv impl type:4 sender id:1 seq:76 primary:1 is recovery:0
E20260317 17:41:02.085410 438886 consensus_manager_pbft.cpp:208] recv impl type:3 sender id:1 seq:76 primary:1 is recovery:0
E20260317 17:41:02.085865 438862 rdma_replica_communicator.cpp:75] [RDMA] send target id=1 ip=128.110.216.196 base_port=26501 rdma_port=26501 payload_bytes=51
E20260317 17:41:02.086829 438838 rdma_replica_communicator.cpp:75] [RDMA] send target id=2 ip=128.110.216.196 base_port=26502 rdma_port=26502 payload_bytes=51
E20260317 17:41:02.089382 438812 consensus_manager_pbft.cpp:208] recv impl type:4 sender id:2 seq:76 primary:1 is recovery:0
E20260317 17:41:02.089789 438810 rdma_replica_communicator.cpp:75] [RDMA] send target id=3 ip=128.110.216.196 base_port=26503 rdma_port=26503 payload_bytes=51
E20260317 17:41:02.092270 438837 consensus_manager_pbft.cpp:208] recv impl type:4 sender id:1 seq:76 primary:1 is recovery:0
E20260317 17:41:02.093459 438886 rdma_replica_communicator.cpp:75] [RDMA] send target id=1 ip=128.110.216.196 base_port=26501 rdma_port=26501 payload_bytes=51
E20260317 17:41:02.094230 438862 rdma_replica_communicator.cpp:75] [RDMA] send target id=2 ip=128.110.216.196 base_port=26502 rdma_port=26502 payload_bytes=51
E20260317 17:41:02.096989 438811 consensus_manager_pbft.cpp:208] recv impl type:4 sender id:3 seq:76 primary:1 is recovery:0
E20260317 17:41:02.097380 438838 rdma_replica_communicator.cpp:75] [RDMA] send target id=3 ip=128.110.216.196 base_port=26503 rdma_port=26503 payload_bytes=51
E20260317 17:41:02.099295 438828 consensus_manager_pbft.cpp:208] recv impl type:4 sender id:2 seq:76 primary:1 is recovery:0
E20260317 17:41:02.101418 438810 rdma_replica_communicator.cpp:75] [RDMA] send target id=4 ip=128.110.216.196 base_port=26504 rdma_port=26504 payload_bytes=51
E20260317 17:41:02.103899 438861 consensus_manager_pbft.cpp:208] recv impl type:4 sender id:1 seq:76 primary:1 is recovery:0
E20260317 17:41:02.104998 438886 rdma_replica_communicator.cpp:75] [RDMA] send target id=2 ip=128.110.216.196 base_port=26502 rdma_port=26502 payload_bytes=51
E20260317 17:41:02.107514 438812 consensus_manager_pbft.cpp:208] recv impl type:4 sender id:4 seq:76 primary:1 is recovery:0
E20260317 17:41:02.107986 438862 rdma_replica_communicator.cpp:75] [RDMA] send target id=3 ip=128.110.216.196 base_port=26503 rdma_port=26503 payload_bytes=51
E20260317 17:41:02.110700 438837 consensus_manager_pbft.cpp:208] recv impl type:4 sender id:3 seq:76 primary:1 is recovery:0
E20260317 17:41:02.111117 438811 checkpoint_manager.cpp:495] get high prepared seq:75
E20260317 17:41:02.111932 438838 rdma_replica_communicator.cpp:75] [RDMA] send target id=4 ip=128.110.216.196 base_port=26504 rdma_port=26504 payload_bytes=51
E20260317 17:41:02.114215 438860 consensus_manager_pbft.cpp:208] recv impl type:4 sender id:2 seq:76 primary:1 is recovery:0
E20260317 17:41:02.117666 438885 consensus_manager_pbft.cpp:208] recv impl type:4 sender id:1 seq:76 primary:1 is recovery:0
E20260317 17:41:02.118858 438886 rdma_replica_communicator.cpp:75] [RDMA] send target id=3 ip=128.110.216.196 base_port=26503 rdma_port=26503 payload_bytes=51
E20260317 17:41:02.121348 438836 consensus_manager_pbft.cpp:208] recv impl type:4 sender id:4 seq:76 primary:1 is recovery:0
E20260317 17:41:02.122761 438862 rdma_replica_communicator.cpp:75] [RDMA] send target id=4 ip=128.110.216.196 base_port=26504 rdma_port=26504 payload_bytes=51
E20260317 17:41:02.125427 438859 consensus_manager_pbft.cpp:208] recv impl type:4 sender id:3 seq:76 primary:1 is recovery:0
E20260317 17:41:02.125972 438837 checkpoint_manager.cpp:495] get high prepared seq:75
E20260317 17:41:02.126932 438811 checkpoint_manager.cpp:500] set high prepared seq:76
E20260317 17:41:02.129748 438884 consensus_manager_pbft.cpp:208] recv impl type:4 sender id:2 seq:76 primary:1 is recovery:0
E20260317 17:41:02.130162 438860 checkpoint_manager.cpp:495] get high prepared seq:75
E20260317 17:41:02.132021 438886 rdma_replica_communicator.cpp:75] [RDMA] send target id=4 ip=128.110.216.196 base_port=26504 rdma_port=26504 payload_bytes=51
E20260317 17:41:02.134261 438861 consensus_manager_pbft.cpp:208] recv impl type:4 sender id:4 seq:76 primary:1 is recovery:0
E20260317 17:41:02.137545 438885 consensus_manager_pbft.cpp:208] recv impl type:4 sender id:3 seq:76 primary:1 is recovery:0
E20260317 17:41:02.138962 438837 checkpoint_manager.cpp:500] set high prepared seq:76
E20260317 17:41:02.139683 438811 rdma_replica_communicator.cpp:75] [RDMA] send target id=1 ip=128.110.216.196 base_port=26501 rdma_port=26501 payload_bytes=53
E20260317 17:41:02.140663 438884 checkpoint_manager.cpp:495] get high prepared seq:75
E20260317 17:41:02.141597 438860 checkpoint_manager.cpp:500] set high prepared seq:76
E20260317 17:41:02.142735 438886 consensus_manager_pbft.cpp:208] recv impl type:4 sender id:4 seq:76 primary:1 is recovery:0
E20260317 17:41:02.146616 438837 rdma_replica_communicator.cpp:75] [RDMA] send target id=1 ip=128.110.216.196 base_port=26501 rdma_port=26501 payload_bytes=53
E20260317 17:41:02.147596 438811 rdma_replica_communicator.cpp:75] [RDMA] send target id=2 ip=128.110.216.196 base_port=26502 rdma_port=26502 payload_bytes=53
E20260317 17:41:02.150403 438812 consensus_manager_pbft.cpp:208] recv impl type:5 sender id:1 seq:76 primary:1 is recovery:0
E20260317 17:41:02.150928 438884 checkpoint_manager.cpp:500] set high prepared seq:76
E20260317 17:41:02.151651 438860 rdma_replica_communicator.cpp:75] [RDMA] send target id=1 ip=128.110.216.196 base_port=26501 rdma_port=26501 payload_bytes=53
E20260317 17:41:02.153263 438837 rdma_replica_communicator.cpp:75] [RDMA] send target id=2 ip=128.110.216.196 base_port=26502 rdma_port=26502 payload_bytes=53
E20260317 17:41:02.155774 438810 consensus_manager_pbft.cpp:208] recv impl type:5 sender id:2 seq:76 primary:1 is recovery:0
E20260317 17:41:02.156184 438811 rdma_replica_communicator.cpp:75] [RDMA] send target id=3 ip=128.110.216.196 base_port=26503 rdma_port=26503 payload_bytes=53
E20260317 17:41:02.158665 438838 consensus_manager_pbft.cpp:208] recv impl type:5 sender id:1 seq:76 primary:1 is recovery:0
E20260317 17:41:02.160291 438884 rdma_replica_communicator.cpp:75] [RDMA] send target id=1 ip=128.110.216.196 base_port=26501 rdma_port=26501 payload_bytes=53
E20260317 17:41:02.161123 438860 rdma_replica_communicator.cpp:75] [RDMA] send target id=2 ip=128.110.216.196 base_port=26502 rdma_port=26502 payload_bytes=53
E20260317 17:41:02.163616 438812 consensus_manager_pbft.cpp:208] recv impl type:5 sender id:3 seq:76 primary:1 is recovery:0
E20260317 17:41:02.164064 438837 rdma_replica_communicator.cpp:75] [RDMA] send target id=3 ip=128.110.216.196 base_port=26503 rdma_port=26503 payload_bytes=53
E20260317 17:41:02.166589 438836 consensus_manager_pbft.cpp:208] recv impl type:5 sender id:2 seq:76 primary:1 is recovery:0
E20260317 17:41:02.167920 438811 rdma_replica_communicator.cpp:75] [RDMA] send target id=4 ip=128.110.216.196 base_port=26504 rdma_port=26504 payload_bytes=53
E20260317 17:41:02.170264 438862 consensus_manager_pbft.cpp:208] recv impl type:5 sender id:1 seq:76 primary:1 is recovery:0
E20260317 17:41:02.171509 438884 rdma_replica_communicator.cpp:75] [RDMA] send target id=2 ip=128.110.216.196 base_port=26502 rdma_port=26502 payload_bytes=53
E20260317 17:41:02.174237 438810 consensus_manager_pbft.cpp:208] recv impl type:5 sender id:4 seq:76 primary:1 is recovery:0
E20260317 17:41:02.174728 438860 rdma_replica_communicator.cpp:75] [RDMA] send target id=3 ip=128.110.216.196 base_port=26503 rdma_port=26503 payload_bytes=53
E20260317 17:41:02.177071 438838 consensus_manager_pbft.cpp:208] recv impl type:5 sender id:3 seq:76 primary:1 is recovery:0
E20260317 17:41:02.177616 438812 checkpoint_manager.cpp:530]  add commited state:76
E20260317 17:41:02.193501 438738 transaction_manager.cpp:91]  execute batch seq:75
E20260317 17:41:02.178572 438715 transaction_manager.cpp:91]  execute batch seq:75
E20260317 17:41:02.178771 438837 rdma_replica_communicator.cpp:75] [RDMA] send target id=4 ip=128.110.216.196 base_port=26504 rdma_port=26504 payload_bytes=53
E20260317 17:41:02.181015 438861 consensus_manager_pbft.cpp:208] recv impl type:5 sender id:2 seq:76 primary:1 is recovery:0
E20260317 17:41:02.184758 438886 consensus_manager_pbft.cpp:208] recv impl type:5 sender id:1 seq:76 primary:1 is recovery:0
E20260317 17:41:02.186137 438884 rdma_replica_communicator.cpp:75] [RDMA] send target id=3 ip=128.110.216.196 base_port=26503 rdma_port=26503 payload_bytes=53
E20260317 17:41:02.188511 438836 consensus_manager_pbft.cpp:208] recv impl type:5 sender id:4 seq:76 primary:1 is recovery:0
E20260317 17:41:02.188941 438810 message_manager.cpp:204]  add request fail
E20260317 17:41:02.189817 438860 rdma_replica_communicator.cpp:75] [RDMA] send target id=4 ip=128.110.216.196 base_port=26504 rdma_port=26504 payload_bytes=53
E20260317 17:41:02.192034 438862 consensus_manager_pbft.cpp:208] recv impl type:5 sender id:3 seq:76 primary:1 is recovery:0
E20260317 17:41:02.192688 438838 checkpoint_manager.cpp:530]  add commited state:76
E20260317 17:41:02.209379 438757 transaction_manager.cpp:91]  execute batch seq:75
E20260317 17:41:02.178186 438706 lock_free_collector_pool.cpp:71]  update:332 seq:332 cap:256 update seq:76
E20260317 17:41:02.195480 438740 commitment.cpp:363] send back to proxy:1
E20260317 17:41:02.196556 438718 commitment.cpp:363] send back to proxy:1
E20260317 17:41:02.199177 438885 consensus_manager_pbft.cpp:208] recv impl type:5 sender id:2 seq:76 primary:1 is recovery:0
E20260317 17:41:02.201597 438884 rdma_replica_communicator.cpp:75] [RDMA] send target id=4 ip=128.110.216.196 base_port=26504 rdma_port=26504 payload_bytes=53
E20260317 17:41:02.203920 438861 consensus_manager_pbft.cpp:208] recv impl type:5 sender id:4 seq:76 primary:1 is recovery:0
E20260317 17:41:02.204502 438836 message_manager.cpp:204]  add request fail
E20260317 17:41:02.208209 438886 consensus_manager_pbft.cpp:208] recv impl type:5 sender id:3 seq:76 primary:1 is recovery:0
E20260317 17:41:02.208676 438862 checkpoint_manager.cpp:530]  add commited state:76
E20260317 17:41:02.220142 438780 transaction_manager.cpp:91]  execute batch seq:75
E20260317 17:41:02.193264 438728 lock_free_collector_pool.cpp:71]  update:332 seq:332 cap:256 update seq:76
E20260317 17:41:02.211124 438762 commitment.cpp:363] send back to proxy:1
E20260317 17:41:02.212488 438740 rdma_replica_communicator.cpp:75] [RDMA] send target id=1 ip=128.110.216.196 base_port=26501 rdma_port=26501 payload_bytes=53
E20260317 17:41:02.213339 438718 rdma_replica_communicator.cpp:75] [RDMA] send target id=1 ip=128.110.216.196 base_port=26501 rdma_port=26501 payload_bytes=53
E20260317 17:41:02.217079 438885 consensus_manager_pbft.cpp:208] recv impl type:5 sender id:4 seq:76 primary:1 is recovery:0
E20260317 17:41:02.217542 438861 message_manager.cpp:204]  add request fail
E20260317 17:41:02.219291 438886 checkpoint_manager.cpp:530]  add commited state:76
E20260317 17:41:02.219796 438772 lock_free_collector_pool.cpp:71]  update:332 seq:332 cap:256 update seq:76
E20260317 17:41:02.208988 438750 lock_free_collector_pool.cpp:71]  update:332 seq:332 cap:256 update seq:76
E20260317 17:41:02.221690 438784 commitment.cpp:363] send back to proxy:1
E20260317 17:41:02.223150 438762 rdma_replica_communicator.cpp:75] [RDMA] send target id=1 ip=128.110.216.196 base_port=26501 rdma_port=26501 payload_bytes=53
E20260317 17:41:02.227169 438812 consensus_manager_pbft.cpp:208] recv impl type:7 sender id:2 seq:76 primary:1 is recovery:0
E20260317 17:41:02.230227 438811 consensus_manager_pbft.cpp:208] recv impl type:7 sender id:1 seq:76 primary:1 is recovery:0
E20260317 17:41:02.230585 438885 message_manager.cpp:204]  add request fail
E20260317 17:41:02.234707 438784 rdma_replica_communicator.cpp:75] [RDMA] send target id=1 ip=128.110.216.196 base_port=26501 rdma_port=26501 payload_bytes=53
E20260317 17:41:02.238143 438810 consensus_manager_pbft.cpp:208] recv impl type:7 sender id:3 seq:76 primary:1 is recovery:0
E20260317 17:41:02.238708 438812 response_manager.cpp:187]  receive request seq:76 type:7 local id:76
E20260317 17:41:02.239565 438811 response_manager.cpp:187]  receive request seq:76 type:7 local id:76
E20260317 17:41:02.243592 438809 consensus_manager_pbft.cpp:208] recv impl type:7 sender id:4 seq:76 primary:1 is recovery:0
E20260317 17:41:02.244134 438810 response_manager.cpp:187]  receive request seq:76 type:7 local id:76
E20260317 17:41:02.245040 438812 response_manager.cpp:214]  get receive count:0 seq:76
E20260317 17:41:02.245865 438811 response_manager.cpp:214]  get receive count:1 seq:76
E20260317 17:41:02.246711 438809 response_manager.cpp:187]  receive request seq:76 type:7 local id:76
E20260317 17:41:02.249368 438811 lock_free_collector_pool.cpp:71]  update:332 seq:332 cap:256 update seq:76
E20260317 17:41:02.251088 438811 response_manager.cpp:227] SendResponseToClient local_id:76 seq:76 proxy_id:1
E20260317 17:41:02.251843 438811 lock_free_collector_pool.cpp:71]  update:332 seq:332 cap:256 update seq:76
E20260317 17:41:02.252955 438704 consensus_server.cpp:223] Selftest completed request i=74 ret=0 value=light_value
E20260317 17:41:02.253094 438811 response_manager.cpp:259] response sent to client local_id:76 seq:76
E20260317 17:41:03.256340 438704 consensus_server.cpp:291] Self-test passed mode=rdma (GET verified, last_value=light_value)
E20260317 17:41:03.256799 438704 consensus_server.cpp:294] RESULT mode=rdma num_requests=75 total_time_s=22.3026 throughput_rps=3.36284 avg_us=297364 p50_us=297375 p95_us=299807 p99_us=300798 min_us=293543 max_us=301487 status=OK
E20260317 17:41:06.780040 438705 stats.cpp:474]   req client latency:0.00018907
% time     seconds  usecs/call     calls    errors syscall
------ ----------- ----------- --------- --------- ------------------
 89.42  642.633366        3240    198300     59870 futex
  3.00   21.586301        3108      6944           clock_nanosleep
  2.29   16.453981     2056747         8           epoll_pwait
  2.25   16.135966       15742      1025           ppoll
  2.20   15.784543      101182       156        80 accept
  0.52    3.738815       12298       304           recvfrom
  0.13    0.926613          31     29213         4 write
  0.10    0.686826          24     28452           getpid
  0.08    0.586999          45     12773           gettid
  0.00    0.022649          21      1050           mprotect
  0.00    0.017043          37       452           mmap
  0.00    0.016974          54       312           sendto
  0.00    0.015535         201        77         1 connect
  0.00    0.012409          67       185           clone
  0.00    0.011323          22       496         1 ioctl
  0.00    0.009771          13       751           rt_sigprocmask
  0.00    0.008334          36       226           close
  0.00    0.004793          11       400           brk
  0.00    0.003406          18       186           rseq
  0.00    0.003200          10       307           munmap
  0.00    0.002997          16       185           madvise
  0.00    0.002694          14       186           set_robust_list
  0.00    0.001071          15        68         2 openat
  0.00    0.000711           8        88         1 newfstatat
  0.00    0.000462           4        95           setsockopt
  0.00    0.000435           7        55           read
  0.00    0.000331          11        28           recvmsg
  0.00    0.000314           3        92           socket
  0.00    0.000271           6        40           shmat
  0.00    0.000192           9        20           shmget
  0.00    0.000159           9        16           epoll_ctl
  0.00    0.000124           8        14           bind
  0.00    0.000111          37         3           sendmsg
  0.00    0.000092           4        20           shmctl
  0.00    0.000087          10         8           listen
  0.00    0.000073          36         2           getdents64
  0.00    0.000047          11         4           eventfd2
  0.00    0.000030           7         4           timerfd_create
  0.00    0.000030           5         6           getsockname
  0.00    0.000029           9         3         3 unlinkat
  0.00    0.000027           6         4           epoll_create1
  0.00    0.000026           4         6           fcntl
  0.00    0.000025           1        15           rt_sigaction
  0.00    0.000023           7         3         3 symlinkat
  0.00    0.000016          16         1           sched_getaffinity
  0.00    0.000015           5         3           geteuid
  0.00    0.000014           3         4           uname
  0.00    0.000013           3         4           lseek
  0.00    0.000013           6         2           getuid
  0.00    0.000008           4         2           prlimit64
  0.00    0.000000           0         1         1 faccessat
  0.00    0.000000           0         1           set_tid_address
  0.00    0.000000           0         1           execve
  0.00    0.000000           0         1           getrandom
------ ----------- ----------- --------- --------- ------------------
100.00  718.669287        2543    282602     59966 total",
2026-03-17T17:42:52,rdma,128.110.216.196,26500,75,3,0,35.088805347913876,5.83981e-06,rdma,rdma,75,7.99906,9.3761,106651.0,106598.0,107168.0,107739.0,105819.0,107815.0,OK,"NO shared receive
>>>>>>>> post recvs
connect request had data with it: 56 bytes
[Server] accepted client 1
NO shared receive
>>>>>>>> post recvs
connect request had data with it: 56 bytes
[Server] accepted client 1
NO shared receive
>>>>>>>> post recvs
connect request had data with it: 56 bytes
[Server] accepted client 2
NO shared receive
>>>>>>>> post recvs
connect request had data with it: 56 bytes
[Server] accepted client 2
NO shared receive
>>>>>>>> post recvs
connect request had data with it: 56 bytes
[Server] accepted client 2
NO shared receive
>>>>>>>> post recvs
connect request had data with it: 56 bytes
[Server] accepted client 2
NO shared receive
>>>>>>>> post recvs
connect request had data with it: 56 bytes
[Server] accepted client 3
NO shared receive
>>>>>>>> post recvs
connect request had data with it: 56 bytes
[Server] accepted client 3
NO shared receive
>>>>>>>> post recvs
connect request had data with it: 56 bytes
[Server] accepted client 3
NO shared receive
>>>>>>>> post recvs
connect request had data with it: 56 bytes
[Server] accepted client 3","E20260317 17:41:37.719367 438901 transaction_manager.cpp:91]  execute batch seq:75
E20260317 17:41:37.719298 439020 checkpoint_manager.cpp:530]  add commited state:76
E20260317 17:41:37.719442 438909 commitment.cpp:363] send back to proxy:1
E20260317 17:41:37.719372 438921 transaction_manager.cpp:91]  execute batch seq:75
E20260317 17:41:37.718971 439022 rdma_replica_communicator.cpp:75] [RDMA] send target id=3 ip=128.110.216.196 base_port=26503 rdma_port=26503 payload_bytes=53
E20260317 17:41:37.719244 438989 checkpoint_manager.cpp:530]  add commited state:76
E20260317 17:41:37.719604 438931 commitment.cpp:363] send back to proxy:1
E20260317 17:41:37.719637 438931 rdma_replica_communicator.cpp:75] [RDMA] send target id=1 ip=128.110.216.196 base_port=26501 rdma_port=26501 payload_bytes=53
E20260317 17:41:37.719501 438909 rdma_replica_communicator.cpp:75] [RDMA] send target id=1 ip=128.110.216.196 base_port=26501 rdma_port=26501 payload_bytes=53
E20260317 17:41:37.719653 439051 consensus_manager_pbft.cpp:208] recv impl type:5 sender id:2 seq:76 primary:1 is recovery:0
E20260317 17:41:37.719770 439002 consensus_manager_pbft.cpp:208] recv impl type:7 sender id:2 seq:76 primary:1 is recovery:0
E20260317 17:41:37.719816 438941 lock_free_collector_pool.cpp:71]  update:332 seq:332 cap:256 update seq:76
E20260317 17:41:37.719581 439022 rdma_replica_communicator.cpp:75] [RDMA] send target id=4 ip=128.110.216.196 base_port=26504 rdma_port=26504 payload_bytes=53
E20260317 17:41:37.719785 438989 consensus_manager_pbft.cpp:208] recv impl type:7 sender id:1 seq:76 primary:1 is recovery:0
E20260317 17:41:37.719784 439051 checkpoint_manager.cpp:530]  add commited state:76
E20260317 17:41:37.719877 438949 transaction_manager.cpp:91]  execute batch seq:75
E20260317 17:41:37.719820 439002 response_manager.cpp:187]  receive request seq:76 type:7 local id:76
E20260317 17:41:37.720136 438953 commitment.cpp:363] send back to proxy:1
E20260317 17:41:37.720016 438989 response_manager.cpp:187]  receive request seq:76 type:7 local id:76
E20260317 17:41:37.720147 439002 response_manager.cpp:214]  get receive count:0 seq:76
E20260317 17:41:37.720012 439083 consensus_manager_pbft.cpp:208] recv impl type:5 sender id:2 seq:76 primary:1 is recovery:0
E20260317 17:41:37.720185 438953 rdma_replica_communicator.cpp:75] [RDMA] send target id=1 ip=128.110.216.196 base_port=26501 rdma_port=26501 payload_bytes=53
E20260317 17:41:37.720336 438963 lock_free_collector_pool.cpp:71]  update:332 seq:332 cap:256 update seq:76
E20260317 17:41:37.720415 438996 consensus_manager_pbft.cpp:208] recv impl type:7 sender id:3 seq:76 primary:1 is recovery:0
E20260317 17:41:37.720459 438996 response_manager.cpp:187]  receive request seq:76 type:7 local id:76
E20260317 17:41:37.720319 439083 checkpoint_manager.cpp:530]  add commited state:76
E20260317 17:41:37.720461 438965 transaction_manager.cpp:91]  execute batch seq:75
E20260317 17:41:37.720229 438989 response_manager.cpp:214]  get receive count:1 seq:76
E20260317 17:41:37.720625 438975 commitment.cpp:363] send back to proxy:1
E20260317 17:41:37.720630 438989 lock_free_collector_pool.cpp:71]  update:332 seq:332 cap:256 update seq:76
E20260317 17:41:37.720672 438975 rdma_replica_communicator.cpp:75] [RDMA] send target id=1 ip=128.110.216.196 base_port=26501 rdma_port=26501 payload_bytes=53
E20260317 17:41:37.720719 438989 response_manager.cpp:227] SendResponseToClient local_id:76 seq:76 proxy_id:1
E20260317 17:41:37.720799 438989 lock_free_collector_pool.cpp:71]  update:332 seq:332 cap:256 update seq:76
E20260317 17:41:37.720948 438989 response_manager.cpp:259] response sent to client local_id:76 seq:76
E20260317 17:41:37.720953 438895 consensus_server.cpp:223] Selftest completed request i=74 ret=0 value=light_value
E20260317 17:41:37.720824 438999 consensus_manager_pbft.cpp:208] recv impl type:7 sender id:4 seq:76 primary:1 is recovery:0
E20260317 17:41:37.721110 438999 response_manager.cpp:187]  receive request seq:76 type:7 local id:76
E20260317 17:41:38.803378 438895 consensus_server.cpp:291] Self-test passed mode=rdma (GET verified, last_value=light_value)
E20260317 17:41:38.803547 438895 consensus_server.cpp:294] RESULT mode=rdma num_requests=75 total_time_s=7.99906 throughput_rps=9.3761 avg_us=106651 p50_us=106598 p95_us=107168 p99_us=107739 min_us=105819 max_us=107815 status=OK
E20260317 17:41:41.882833 438896 stats.cpp:474]   req client latency:5.62325e-06","E20260317 17:42:27.128456 439187 commitment.cpp:363] send back to proxy:1
E20260317 17:42:27.131496 439213 consensus_manager_pbft.cpp:208] recv impl type:7 sender id:3 seq:75 primary:1 is recovery:0
E20260317 17:42:27.131876 439214 response_manager.cpp:187]  receive request seq:75 type:7 local id:75
E20260317 17:42:27.132645 439215 response_manager.cpp:187]  receive request seq:75 type:7 local id:75
E20260317 17:42:27.134228 439187 rdma_replica_communicator.cpp:75] [RDMA] send target id=1 ip=128.110.216.196 base_port=26501 rdma_port=26501 payload_bytes=53
E20260317 17:42:27.135062 439213 response_manager.cpp:187]  receive request seq:75 type:7 local id:75
E20260317 17:42:27.135841 439214 response_manager.cpp:214]  get receive count:0 seq:75
E20260317 17:42:27.136620 439215 response_manager.cpp:214]  get receive count:1 seq:75
E20260317 17:42:27.139770 439211 consensus_manager_pbft.cpp:208] recv impl type:7 sender id:4 seq:75 primary:1 is recovery:0
E20260317 17:42:27.141897 439215 lock_free_collector_pool.cpp:71]  update:331 seq:331 cap:256 update seq:75
E20260317 17:42:27.142831 439211 response_manager.cpp:187]  receive request seq:75 type:7 local id:75
E20260317 17:42:27.143770 439215 response_manager.cpp:227] SendResponseToClient local_id:75 seq:75 proxy_id:1
E20260317 17:42:27.145531 439215 lock_free_collector_pool.cpp:71]  update:331 seq:331 cap:256 update seq:75
E20260317 17:42:27.146785 439107 consensus_server.cpp:223] Selftest completed request i=73 ret=0 value=light_value
E20260317 17:42:27.146787 439215 response_manager.cpp:259] response sent to client local_id:75 seq:75
E20260317 17:42:27.147689 439107 consensus_server.cpp:221] Selftest sending request i=74
E20260317 17:42:27.153270 439215 consensus_manager_pbft.cpp:208] recv impl type:2 sender id:0 seq:0 primary:1 is recovery:0
E20260317 17:42:27.254473 439123 response_manager.cpp:327] add context list:0 list size:1 local_id:76
E20260317 17:42:27.255290 439123 rdma_replica_communicator.cpp:75] [RDMA] send target id=1 ip=128.110.216.196 base_port=26501 rdma_port=26501 payload_bytes=82
E20260317 17:42:27.259228 439215 consensus_manager_pbft.cpp:208] recv impl type:14 sender id:1 seq:0 primary:1 is recovery:0
E20260317 17:42:27.260210 439215 rdma_replica_communicator.cpp:75] [RDMA] send target id=1 ip=128.110.216.196 base_port=26501 rdma_port=26501 payload_bytes=89
E20260317 17:42:27.261030 439215 rdma_replica_communicator.cpp:75] [RDMA] send target id=2 ip=128.110.216.196 base_port=26502 rdma_port=26502 payload_bytes=89
E20260317 17:42:27.264263 439214 consensus_manager_pbft.cpp:208] recv impl type:3 sender id:1 seq:76 primary:1 is recovery:0
E20260317 17:42:27.264814 439215 rdma_replica_communicator.cpp:75] [RDMA] send target id=3 ip=128.110.216.196 base_port=26503 rdma_port=26503 payload_bytes=89
E20260317 17:42:27.267483 439239 consensus_manager_pbft.cpp:208] recv impl type:3 sender id:1 seq:76 primary:1 is recovery:0
E20260317 17:42:27.267928 439214 rdma_replica_communicator.cpp:75] [RDMA] send target id=1 ip=128.110.216.196 base_port=26501 rdma_port=26501 payload_bytes=51
E20260317 17:42:27.268702 439215 rdma_replica_communicator.cpp:75] [RDMA] send target id=4 ip=128.110.216.196 base_port=26504 rdma_port=26504 payload_bytes=89
E20260317 17:42:27.271399 439263 consensus_manager_pbft.cpp:208] recv impl type:3 sender id:1 seq:76 primary:1 is recovery:0
E20260317 17:42:27.271912 439239 rdma_replica_communicator.cpp:75] [RDMA] send target id=1 ip=128.110.216.196 base_port=26501 rdma_port=26501 payload_bytes=51
E20260317 17:42:27.272691 439214 rdma_replica_communicator.cpp:75] [RDMA] send target id=2 ip=128.110.216.196 base_port=26502 rdma_port=26502 payload_bytes=51
E20260317 17:42:27.275159 439213 consensus_manager_pbft.cpp:208] recv impl type:4 sender id:1 seq:76 primary:1 is recovery:0
E20260317 17:42:27.278020 439287 consensus_manager_pbft.cpp:208] recv impl type:3 sender id:1 seq:76 primary:1 is recovery:0
E20260317 17:42:27.278349 439263 rdma_replica_communicator.cpp:75] [RDMA] send target id=1 ip=128.110.216.196 base_port=26501 rdma_port=26501 payload_bytes=51
E20260317 17:42:27.279111 439239 rdma_replica_communicator.cpp:75] [RDMA] send target id=2 ip=128.110.216.196 base_port=26502 rdma_port=26502 payload_bytes=51
E20260317 17:42:27.281554 439215 consensus_manager_pbft.cpp:208] recv impl type:4 sender id:2 seq:76 primary:1 is recovery:0
E20260317 17:42:27.281980 439214 rdma_replica_communicator.cpp:75] [RDMA] send target id=3 ip=128.110.216.196 base_port=26503 rdma_port=26503 payload_bytes=51
E20260317 17:42:27.284614 439238 consensus_manager_pbft.cpp:208] recv impl type:4 sender id:1 seq:76 primary:1 is recovery:0
E20260317 17:42:27.285960 439287 rdma_replica_communicator.cpp:75] [RDMA] send target id=1 ip=128.110.216.196 base_port=26501 rdma_port=26501 payload_bytes=51
E20260317 17:42:27.286773 439263 rdma_replica_communicator.cpp:75] [RDMA] send target id=2 ip=128.110.216.196 base_port=26502 rdma_port=26502 payload_bytes=51
E20260317 17:42:27.289430 439212 consensus_manager_pbft.cpp:208] recv impl type:4 sender id:3 seq:76 primary:1 is recovery:0
E20260317 17:42:27.289870 439239 rdma_replica_communicator.cpp:75] [RDMA] send target id=3 ip=128.110.216.196 base_port=26503 rdma_port=26503 payload_bytes=51
E20260317 17:42:27.292202 439237 consensus_manager_pbft.cpp:208] recv impl type:4 sender id:2 seq:76 primary:1 is recovery:0
E20260317 17:42:27.293428 439214 rdma_replica_communicator.cpp:75] [RDMA] send target id=4 ip=128.110.216.196 base_port=26504 rdma_port=26504 payload_bytes=51
E20260317 17:42:27.295703 439262 consensus_manager_pbft.cpp:208] recv impl type:4 sender id:1 seq:76 primary:1 is recovery:0
E20260317 17:42:27.296905 439287 rdma_replica_communicator.cpp:75] [RDMA] send target id=2 ip=128.110.216.196 base_port=26502 rdma_port=26502 payload_bytes=51
E20260317 17:42:27.299386 439215 consensus_manager_pbft.cpp:208] recv impl type:4 sender id:4 seq:76 primary:1 is recovery:0
E20260317 17:42:27.299810 439263 rdma_replica_communicator.cpp:75] [RDMA] send target id=3 ip=128.110.216.196 base_port=26503 rdma_port=26503 payload_bytes=51
E20260317 17:42:27.302168 439238 consensus_manager_pbft.cpp:208] recv impl type:4 sender id:3 seq:76 primary:1 is recovery:0
E20260317 17:42:27.302572 439212 checkpoint_manager.cpp:495] get high prepared seq:75
E20260317 17:42:27.303483 439239 rdma_replica_communicator.cpp:75] [RDMA] send target id=4 ip=128.110.216.196 base_port=26504 rdma_port=26504 payload_bytes=51
E20260317 17:42:27.305748 439261 consensus_manager_pbft.cpp:208] recv impl type:4 sender id:2 seq:76 primary:1 is recovery:0
E20260317 17:42:27.309849 439286 consensus_manager_pbft.cpp:208] recv impl type:4 sender id:1 seq:76 primary:1 is recovery:0
E20260317 17:42:27.311203 439287 rdma_replica_communicator.cpp:75] [RDMA] send target id=3 ip=128.110.216.196 base_port=26503 rdma_port=26503 payload_bytes=51
E20260317 17:42:27.313509 439237 consensus_manager_pbft.cpp:208] recv impl type:4 sender id:4 seq:76 primary:1 is recovery:0
E20260317 17:42:27.314821 439263 rdma_replica_communicator.cpp:75] [RDMA] send target id=4 ip=128.110.216.196 base_port=26504 rdma_port=26504 payload_bytes=51
E20260317 17:42:27.317416 439262 consensus_manager_pbft.cpp:208] recv impl type:4 sender id:3 seq:76 primary:1 is recovery:0
E20260317 17:42:27.317919 439238 checkpoint_manager.cpp:495] get high prepared seq:75
E20260317 17:42:27.319043 439212 checkpoint_manager.cpp:500] set high prepared seq:76
E20260317 17:42:27.321961 439285 consensus_manager_pbft.cpp:208] recv impl type:4 sender id:2 seq:76 primary:1 is recovery:0
E20260317 17:42:27.322362 439261 checkpoint_manager.cpp:495] get high prepared seq:75
E20260317 17:42:27.323858 439287 rdma_replica_communicator.cpp:75] [RDMA] send target id=4 ip=128.110.216.196 base_port=26504 rdma_port=26504 payload_bytes=51
E20260317 17:42:27.325923 439260 consensus_manager_pbft.cpp:208] recv impl type:4 sender id:4 seq:76 primary:1 is recovery:0
E20260317 17:42:27.329285 439286 consensus_manager_pbft.cpp:208] recv impl type:4 sender id:3 seq:76 primary:1 is recovery:0
E20260317 17:42:27.331012 439238 checkpoint_manager.cpp:500] set high prepared seq:76
E20260317 17:42:27.331809 439212 rdma_replica_communicator.cpp:75] [RDMA] send target id=1 ip=128.110.216.196 base_port=26501 rdma_port=26501 payload_bytes=53
E20260317 17:42:27.332664 439285 checkpoint_manager.cpp:495] get high prepared seq:75
E20260317 17:42:27.333722 439261 checkpoint_manager.cpp:500] set high prepared seq:76
E20260317 17:42:27.334980 439287 consensus_manager_pbft.cpp:208] recv impl type:4 sender id:4 seq:76 primary:1 is recovery:0
E20260317 17:42:27.338824 439238 rdma_replica_communicator.cpp:75] [RDMA] send target id=1 ip=128.110.216.196 base_port=26501 rdma_port=26501 payload_bytes=53
E20260317 17:42:27.339639 439212 rdma_replica_communicator.cpp:75] [RDMA] send target id=2 ip=128.110.216.196 base_port=26502 rdma_port=26502 payload_bytes=53
E20260317 17:42:27.342257 439215 consensus_manager_pbft.cpp:208] recv impl type:5 sender id:1 seq:76 primary:1 is recovery:0
E20260317 17:42:27.342830 439285 checkpoint_manager.cpp:500] set high prepared seq:76
E20260317 17:42:27.343672 439261 rdma_replica_communicator.cpp:75] [RDMA] send target id=1 ip=128.110.216.196 base_port=26501 rdma_port=26501 payload_bytes=53
E20260317 17:42:27.345363 439238 rdma_replica_communicator.cpp:75] [RDMA] send target id=2 ip=128.110.216.196 base_port=26502 rdma_port=26502 payload_bytes=53
E20260317 17:42:27.348042 439214 consensus_manager_pbft.cpp:208] recv impl type:5 sender id:2 seq:76 primary:1 is recovery:0
E20260317 17:42:27.348501 439212 rdma_replica_communicator.cpp:75] [RDMA] send target id=3 ip=128.110.216.196 base_port=26503 rdma_port=26503 payload_bytes=53
E20260317 17:42:27.350943 439239 consensus_manager_pbft.cpp:208] recv impl type:5 sender id:1 seq:76 primary:1 is recovery:0
E20260317 17:42:27.352510 439285 rdma_replica_communicator.cpp:75] [RDMA] send target id=1 ip=128.110.216.196 base_port=26501 rdma_port=26501 payload_bytes=53
E20260317 17:42:27.353389 439261 rdma_replica_communicator.cpp:75] [RDMA] send target id=2 ip=128.110.216.196 base_port=26502 rdma_port=26502 payload_bytes=53
E20260317 17:42:27.355965 439215 consensus_manager_pbft.cpp:208] recv impl type:5 sender id:3 seq:76 primary:1 is recovery:0
E20260317 17:42:27.356359 439238 rdma_replica_communicator.cpp:75] [RDMA] send target id=3 ip=128.110.216.196 base_port=26503 rdma_port=26503 payload_bytes=53
E20260317 17:42:27.371467 439109 lock_free_collector_pool.cpp:71]  update:332 seq:332 cap:256 update seq:76
E20260317 17:42:27.360553 439212 rdma_replica_communicator.cpp:75] [RDMA] send target id=4 ip=128.110.216.196 base_port=26504 rdma_port=26504 payload_bytes=53
E20260317 17:42:27.362874 439263 consensus_manager_pbft.cpp:208] recv impl type:5 sender id:1 seq:76 primary:1 is recovery:0
E20260317 17:42:27.364084 439285 rdma_replica_communicator.cpp:75] [RDMA] send target id=2 ip=128.110.216.196 base_port=26502 rdma_port=26502 payload_bytes=53
E20260317 17:42:27.367365 439214 consensus_manager_pbft.cpp:208] recv impl type:5 sender id:4 seq:76 primary:1 is recovery:0
E20260317 17:42:27.367756 439261 rdma_replica_communicator.cpp:75] [RDMA] send target id=3 ip=128.110.216.196 base_port=26503 rdma_port=26503 payload_bytes=53
E20260317 17:42:27.370087 439239 consensus_manager_pbft.cpp:208] recv impl type:5 sender id:3 seq:76 primary:1 is recovery:0
E20260317 17:42:27.370664 439215 checkpoint_manager.cpp:530]  add commited state:76
E20260317 17:42:27.358863 439237 consensus_manager_pbft.cpp:208] recv impl type:5 sender id:2 seq:76 primary:1 is recovery:0
E20260317 17:42:27.371682 439118 transaction_manager.cpp:91]  execute batch seq:75
E20260317 17:42:27.387859 439141 transaction_manager.cpp:91]  execute batch seq:75
E20260317 17:42:27.374276 439260 consensus_manager_pbft.cpp:208] recv impl type:5 sender id:2 seq:76 primary:1 is recovery:0
E20260317 17:42:27.377671 439287 consensus_manager_pbft.cpp:208] recv impl type:5 sender id:1 seq:76 primary:1 is recovery:0
E20260317 17:42:27.378798 439285 rdma_replica_communicator.cpp:75] [RDMA] send target id=3 ip=128.110.216.196 base_port=26503 rdma_port=26503 payload_bytes=53
E20260317 17:42:27.381063 439236 consensus_manager_pbft.cpp:208] recv impl type:5 sender id:4 seq:76 primary:1 is recovery:0
E20260317 17:42:27.381472 439214 message_manager.cpp:204]  add request fail
E20260317 17:42:27.382331 439261 rdma_replica_communicator.cpp:75] [RDMA] send target id=4 ip=128.110.216.196 base_port=26504 rdma_port=26504 payload_bytes=53
E20260317 17:42:27.384517 439263 consensus_manager_pbft.cpp:208] recv impl type:5 sender id:3 seq:76 primary:1 is recovery:0
E20260317 17:42:27.387140 439237 checkpoint_manager.cpp:530]  add commited state:76
E20260317 17:42:27.399712 439155 transaction_manager.cpp:91]  execute batch seq:75
E20260317 17:42:27.371949 439238 rdma_replica_communicator.cpp:75] [RDMA] send target id=4 ip=128.110.216.196 base_port=26504 rdma_port=26504 payload_bytes=53
E20260317 17:42:27.388971 439121 commitment.cpp:363] send back to proxy:1
E20260317 17:42:27.389935 439143 commitment.cpp:363] send back to proxy:1
E20260317 17:42:27.391918 439285 rdma_replica_communicator.cpp:75] [RDMA] send target id=4 ip=128.110.216.196 base_port=26504 rdma_port=26504 payload_bytes=53
E20260317 17:42:27.394076 439262 consensus_manager_pbft.cpp:208] recv impl type:5 sender id:4 seq:76 primary:1 is recovery:0
E20260317 17:42:27.394465 439236 message_manager.cpp:204]  add request fail
E20260317 17:42:27.398248 439287 consensus_manager_pbft.cpp:208] recv impl type:5 sender id:3 seq:76 primary:1 is recovery:0
E20260317 17:42:27.398800 439263 checkpoint_manager.cpp:530]  add commited state:76
E20260317 17:42:27.399308 439153 lock_free_collector_pool.cpp:71]  update:332 seq:332 cap:256 update seq:76
E20260317 17:42:27.387476 439131 lock_free_collector_pool.cpp:71]  update:332 seq:332 cap:256 update seq:76
E20260317 17:42:27.401156 439165 commitment.cpp:363] send back to proxy:1
E20260317 17:42:27.403728 439286 consensus_manager_pbft.cpp:208] recv impl type:5 sender id:2 seq:76 primary:1 is recovery:0
E20260317 17:42:27.404126 439121 rdma_replica_communicator.cpp:75] [RDMA] send target id=1 ip=128.110.216.196 base_port=26501 rdma_port=26501 payload_bytes=53
E20260317 17:42:27.415344 439182 transaction_manager.cpp:91]  execute batch seq:75
E20260317 17:42:27.406353 439285 consensus_manager_pbft.cpp:208] recv impl type:5 sender id:4 seq:76 primary:1 is recovery:0
E20260317 17:42:27.408317 439262 message_manager.cpp:204]  add request fail
E20260317 17:42:27.413659 439165 rdma_replica_communicator.cpp:75] [RDMA] send target id=1 ip=128.110.216.196 base_port=26501 rdma_port=26501 payload_bytes=53
E20260317 17:42:27.414620 439286 checkpoint_manager.cpp:530]  add commited state:76
E20260317 17:42:27.415153 439175 lock_free_collector_pool.cpp:71]  update:332 seq:332 cap:256 update seq:76
E20260317 17:42:27.404942 439143 rdma_replica_communicator.cpp:75] [RDMA] send target id=1 ip=128.110.216.196 base_port=26501 rdma_port=26501 payload_bytes=53
E20260317 17:42:27.418464 439215 consensus_manager_pbft.cpp:208] recv impl type:7 sender id:1 seq:76 primary:1 is recovery:0
E20260317 17:42:27.419304 439187 commitment.cpp:363] send back to proxy:1
E20260317 17:42:27.419780 439285 message_manager.cpp:204]  add request fail
E20260317 17:42:27.424008 439214 consensus_manager_pbft.cpp:208] recv impl type:7 sender id:3 seq:76 primary:1 is recovery:0
E20260317 17:42:27.428483 439213 consensus_manager_pbft.cpp:208] recv impl type:7 sender id:2 seq:76 primary:1 is recovery:0
E20260317 17:42:27.428874 439215 response_manager.cpp:187]  receive request seq:76 type:7 local id:76
E20260317 17:42:27.429715 439187 rdma_replica_communicator.cpp:75] [RDMA] send target id=1 ip=128.110.216.196 base_port=26501 rdma_port=26501 payload_bytes=53
E20260317 17:42:27.431449 439214 response_manager.cpp:187]  receive request seq:76 type:7 local id:76
E20260317 17:42:27.432265 439213 response_manager.cpp:187]  receive request seq:76 type:7 local id:76
E20260317 17:42:27.433027 439215 response_manager.cpp:214]  get receive count:0 seq:76
E20260317 17:42:27.436236 439212 consensus_manager_pbft.cpp:208] recv impl type:7 sender id:4 seq:76 primary:1 is recovery:0
E20260317 17:42:27.436811 439214 response_manager.cpp:214]  get receive count:1 seq:76
E20260317 17:42:27.439191 439212 response_manager.cpp:187]  receive request seq:76 type:7 local id:76
E20260317 17:42:27.439963 439214 lock_free_collector_pool.cpp:71]  update:332 seq:332 cap:256 update seq:76
E20260317 17:42:27.441524 439214 response_manager.cpp:227] SendResponseToClient local_id:76 seq:76 proxy_id:1
E20260317 17:42:27.442253 439214 lock_free_collector_pool.cpp:71]  update:332 seq:332 cap:256 update seq:76
E20260317 17:42:27.443378 439107 consensus_server.cpp:223] Selftest completed request i=74 ret=0 value=light_value
E20260317 17:42:27.443387 439214 response_manager.cpp:259] response sent to client local_id:76 seq:76
E20260317 17:42:28.446722 439107 consensus_server.cpp:291] Self-test passed mode=rdma (GET verified, last_value=light_value)
E20260317 17:42:28.447292 439107 consensus_server.cpp:294] RESULT mode=rdma num_requests=75 total_time_s=22.2258 throughput_rps=3.37445 avg_us=296340 p50_us=296134 p95_us=299511 p99_us=300920 min_us=291857 max_us=302705 status=OK
E20260317 17:42:32.020830 439108 stats.cpp:474]   req client latency:0.000187662
% time     seconds  usecs/call     calls    errors syscall
------ ----------- ----------- --------- --------- ------------------
 89.49  626.298131        3158    198314     59853 futex
  2.99   20.908377        3007      6951           clock_nanosleep
  2.28   15.968540     1996067         8           epoll_pwait
  2.23   15.631524       15310      1021           ppoll
  2.19   15.325617       98241       156        80 accept
  0.52    3.651772       12012       304           recvfrom
  0.11    0.761415          26     29213         4 write
  0.09    0.653914          22     28452           getpid
  0.08    0.535479          41     12773           gettid
  0.00    0.019095          25       751           rt_sigprocmask
  0.00    0.015420          14      1030           mprotect
  0.00    0.012327          54       226           close
  0.00    0.012298          40       307           munmap
  0.00    0.012278          39       312           sendto
  0.00    0.011039          59       185           clone
  0.00    0.008038          84        95           setsockopt
  0.00    0.006354          34       185           madvise
  0.00    0.005163          11       449           mmap
  0.00    0.004569          11       400           brk
  0.00    0.003741           7       496         1 ioctl
  0.00    0.003141          16       186           set_robust_list
  0.00    0.002889          15       186           rseq
  0.00    0.001205          17        68         2 openat
  0.00    0.000751           8        88         1 newfstatat
  0.00    0.000496           9        55           read
  0.00    0.000236           8        28           recvmsg
  0.00    0.000216           2        77         1 connect
  0.00    0.000215           2        92           socket
  0.00    0.000163          10        16           epoll_ctl
  0.00    0.000127           3        40           shmat
  0.00    0.000096           4        20           shmget
  0.00    0.000086           6        14           bind
  0.00    0.000070          35         2           getdents64
  0.00    0.000062          20         3           sendmsg
  0.00    0.000059           3        15           rt_sigaction
  0.00    0.000042          10         4           eventfd2
  0.00    0.000041           2        20           shmctl
  0.00    0.000041           5         8           listen
  0.00    0.000033           5         6           getsockname
  0.00    0.000029           7         4           epoll_create1
  0.00    0.000029           9         3         3 unlinkat
  0.00    0.000025           4         6           fcntl
  0.00    0.000023           7         3         3 symlinkat
  0.00    0.000021           5         4           timerfd_create
  0.00    0.000020          20         1         1 faccessat
  0.00    0.000017           5         3           geteuid
  0.00    0.000014           3         4           uname
  0.00    0.000013           3         4           lseek
  0.00    0.000013           6         2           getuid
  0.00    0.000008           4         2           prlimit64
  0.00    0.000006           6         1           sched_getaffinity
  0.00    0.000005           5         1           set_tid_address
  0.00    0.000000           0         1           execve
  0.00    0.000000           0         1           getrandom
------ ----------- ----------- --------- --------- ------------------
100.00  699.855283        2476    282596     59949 total",
2026-03-17T17:44:17,rdma,128.110.216.196,26500,75,4,0,35.08768837992102,5.86729e-06,rdma,rdma,75,8.00383,9.37051,106714.0,106668.0,107364.0,108676.0,105562.0,109083.0,OK,"NO shared receive
>>>>>>>> post recvs
connect request had data with it: 56 bytes
[Server] accepted client 1
NO shared receive
>>>>>>>> post recvs
connect request had data with it: 56 bytes
[Server] accepted client 1
NO shared receive
>>>>>>>> post recvs
connect request had data with it: 56 bytes
[Server] accepted client 2
NO shared receive
>>>>>>>> post recvs
connect request had data with it: 56 bytes
[Server] accepted client 2
NO shared receive
>>>>>>>> post recvs
connect request had data with it: 56 bytes
[Server] accepted client 2
NO shared receive
>>>>>>>> post recvs
connect request had data with it: 56 bytes
[Server] accepted client 2
NO shared receive
>>>>>>>> post recvs
connect request had data with it: 56 bytes
[Server] accepted client 3
NO shared receive
>>>>>>>> post recvs
connect request had data with it: 56 bytes
[Server] accepted client 3
NO shared receive
>>>>>>>> post recvs
connect request had data with it: 56 bytes
[Server] accepted client 3
NO shared receive
>>>>>>>> post recvs
connect request had data with it: 56 bytes
[Server] accepted client 3","E20260317 17:43:02.967350 439425 consensus_manager_pbft.cpp:208] recv impl type:5 sender id:4 seq:76 primary:1 is recovery:0
E20260317 17:43:02.968328 439425 message_manager.cpp:204]  add request fail
E20260317 17:43:02.968361 439476 consensus_manager_pbft.cpp:208] recv impl type:4 sender id:2 seq:76 primary:1 is recovery:0
E20260317 17:43:02.967729 439401 consensus_manager_pbft.cpp:208] recv impl type:7 sender id:1 seq:76 primary:1 is recovery:0
E20260317 17:43:02.967806 439471 consensus_manager_pbft.cpp:208] recv impl type:5 sender id:1 seq:76 primary:1 is recovery:0
E20260317 17:43:02.967561 439485 consensus_manager_pbft.cpp:208] recv impl type:5 sender id:3 seq:76 primary:1 is recovery:0
E20260317 17:43:02.967610 439413 checkpoint_manager.cpp:530]  add commited state:76
E20260317 17:43:02.967197 439482 rdma_replica_communicator.cpp:75] [RDMA] send target id=3 ip=128.110.216.196 base_port=26503 rdma_port=26503 payload_bytes=53
E20260317 17:43:02.968161 439353 rdma_replica_communicator.cpp:75] [RDMA] send target id=1 ip=128.110.216.196 base_port=26501 rdma_port=26501 payload_bytes=53
E20260317 17:43:02.968725 439460 consensus_manager_pbft.cpp:208] recv impl type:5 sender id:4 seq:76 primary:1 is recovery:0
E20260317 17:43:02.968766 439460 message_manager.cpp:188]  seq:76 type:5 has been committed
E20260317 17:43:02.967680 439325 transaction_manager.cpp:91]  execute batch seq:75
E20260317 17:43:02.968472 439401 response_manager.cpp:187]  receive request seq:76 type:7 local id:76
E20260317 17:43:02.968888 439331 commitment.cpp:363] send back to proxy:1
E20260317 17:43:02.968577 439363 lock_free_collector_pool.cpp:71]  update:332 seq:332 cap:256 update seq:76
E20260317 17:43:02.968618 439367 transaction_manager.cpp:91]  execute batch seq:75
E20260317 17:43:02.968653 439482 rdma_replica_communicator.cpp:75] [RDMA] send target id=4 ip=128.110.216.196 base_port=26504 rdma_port=26504 payload_bytes=53
E20260317 17:43:02.969072 439375 commitment.cpp:363] send back to proxy:1
E20260317 17:43:02.969133 439375 rdma_replica_communicator.cpp:75] [RDMA] send target id=1 ip=128.110.216.196 base_port=26501 rdma_port=26501 payload_bytes=53
E20260317 17:43:02.968768 439396 consensus_manager_pbft.cpp:208] recv impl type:7 sender id:3 seq:76 primary:1 is recovery:0
E20260317 17:43:02.968556 439485 checkpoint_manager.cpp:530]  add commited state:76
E20260317 17:43:02.968204 439390 message_manager.cpp:188]  seq:76 type:5 has been committed
E20260317 17:43:02.968936 439331 rdma_replica_communicator.cpp:75] [RDMA] send target id=1 ip=128.110.216.196 base_port=26501 rdma_port=26501 payload_bytes=53
E20260317 17:43:02.969090 439482 consensus_manager_pbft.cpp:208] recv impl type:5 sender id:4 seq:76 primary:1 is recovery:0
E20260317 17:43:02.969470 439482 message_manager.cpp:188]  seq:76 type:5 has been committed
E20260317 17:43:02.969513 439400 consensus_manager_pbft.cpp:208] recv impl type:7 sender id:2 seq:76 primary:1 is recovery:0
E20260317 17:43:02.969559 439400 response_manager.cpp:187]  receive request seq:76 type:7 local id:76
E20260317 17:43:02.969595 439400 response_manager.cpp:214]  get receive count:1 seq:76
E20260317 17:43:02.969630 439400 lock_free_collector_pool.cpp:71]  update:332 seq:332 cap:256 update seq:76
E20260317 17:43:02.969720 439400 response_manager.cpp:227] SendResponseToClient local_id:76 seq:76 proxy_id:1
E20260317 17:43:02.969763 439400 lock_free_collector_pool.cpp:71]  update:332 seq:332 cap:256 update seq:76
E20260317 17:43:02.969924 439295 consensus_server.cpp:223] Selftest completed request i=74 ret=0 value=light_value
E20260317 17:43:02.968899 439401 response_manager.cpp:214]  get receive count:0 seq:76
E20260317 17:43:02.969250 439391 consensus_manager_pbft.cpp:208] recv impl type:7 sender id:4 seq:76 primary:1 is recovery:0
E20260317 17:43:02.969310 439396 response_manager.cpp:187]  receive request seq:76 type:7 local id:76
E20260317 17:43:02.969972 439400 response_manager.cpp:259] response sent to client local_id:76 seq:76
E20260317 17:43:02.970081 439391 response_manager.cpp:187]  receive request seq:76 type:7 local id:76
E20260317 17:43:04.051261 439295 consensus_server.cpp:291] Self-test passed mode=rdma (GET verified, last_value=light_value)
E20260317 17:43:04.051527 439295 consensus_server.cpp:294] RESULT mode=rdma num_requests=75 total_time_s=8.00383 throughput_rps=9.37051 avg_us=106714 p50_us=106668 p95_us=107364 p99_us=108676 min_us=105562 max_us=109083 status=OK
E20260317 17:43:07.125870 439296 stats.cpp:474]   req client latency:5.56463e-06","E20260317 17:43:52.442546 439565 rdma_replica_communicator.cpp:75] [RDMA] send target id=1 ip=128.110.216.196 base_port=26501 rdma_port=26501 payload_bytes=53
E20260317 17:43:52.445994 439614 consensus_manager_pbft.cpp:208] recv impl type:7 sender id:2 seq:75 primary:1 is recovery:0
E20260317 17:43:52.446358 439615 response_manager.cpp:214]  get receive count:0 seq:75
E20260317 17:43:52.447981 439587 rdma_replica_communicator.cpp:75] [RDMA] send target id=1 ip=128.110.216.196 base_port=26501 rdma_port=26501 payload_bytes=53
E20260317 17:43:52.451251 439613 consensus_manager_pbft.cpp:208] recv impl type:7 sender id:3 seq:75 primary:1 is recovery:0
E20260317 17:43:52.451723 439614 response_manager.cpp:187]  receive request seq:75 type:7 local id:75
E20260317 17:43:52.455931 439615 consensus_manager_pbft.cpp:208] recv impl type:7 sender id:4 seq:75 primary:1 is recovery:0
E20260317 17:43:52.456333 439613 response_manager.cpp:187]  receive request seq:75 type:7 local id:75
E20260317 17:43:52.457157 439614 response_manager.cpp:214]  get receive count:1 seq:75
E20260317 17:43:52.457950 439615 response_manager.cpp:187]  receive request seq:75 type:7 local id:75
E20260317 17:43:52.459573 439614 lock_free_collector_pool.cpp:71]  update:331 seq:331 cap:256 update seq:75
E20260317 17:43:52.461140 439614 response_manager.cpp:227] SendResponseToClient local_id:75 seq:75 proxy_id:1
E20260317 17:43:52.461917 439614 lock_free_collector_pool.cpp:71]  update:331 seq:331 cap:256 update seq:75
E20260317 17:43:52.463059 439507 consensus_server.cpp:223] Selftest completed request i=73 ret=0 value=light_value
E20260317 17:43:52.463203 439614 response_manager.cpp:259] response sent to client local_id:75 seq:75
E20260317 17:43:52.464680 439507 consensus_server.cpp:221] Selftest sending request i=74
E20260317 17:43:52.470176 439615 consensus_manager_pbft.cpp:208] recv impl type:2 sender id:0 seq:0 primary:1 is recovery:0
E20260317 17:43:52.571400 439523 response_manager.cpp:327] add context list:0 list size:1 local_id:76
E20260317 17:43:52.572221 439523 rdma_replica_communicator.cpp:75] [RDMA] send target id=1 ip=128.110.216.196 base_port=26501 rdma_port=26501 payload_bytes=82
E20260317 17:43:52.575640 439615 consensus_manager_pbft.cpp:208] recv impl type:14 sender id:1 seq:0 primary:1 is recovery:0
E20260317 17:43:52.576439 439615 rdma_replica_communicator.cpp:75] [RDMA] send target id=1 ip=128.110.216.196 base_port=26501 rdma_port=26501 payload_bytes=89
E20260317 17:43:52.577231 439615 rdma_replica_communicator.cpp:75] [RDMA] send target id=2 ip=128.110.216.196 base_port=26502 rdma_port=26502 payload_bytes=89
E20260317 17:43:52.579778 439614 consensus_manager_pbft.cpp:208] recv impl type:3 sender id:1 seq:76 primary:1 is recovery:0
E20260317 17:43:52.580287 439615 rdma_replica_communicator.cpp:75] [RDMA] send target id=3 ip=128.110.216.196 base_port=26503 rdma_port=26503 payload_bytes=89
E20260317 17:43:52.582872 439639 consensus_manager_pbft.cpp:208] recv impl type:3 sender id:1 seq:76 primary:1 is recovery:0
E20260317 17:43:52.583336 439614 rdma_replica_communicator.cpp:75] [RDMA] send target id=1 ip=128.110.216.196 base_port=26501 rdma_port=26501 payload_bytes=51
E20260317 17:43:52.584125 439615 rdma_replica_communicator.cpp:75] [RDMA] send target id=4 ip=128.110.216.196 base_port=26504 rdma_port=26504 payload_bytes=89
E20260317 17:43:52.586585 439663 consensus_manager_pbft.cpp:208] recv impl type:3 sender id:1 seq:76 primary:1 is recovery:0
E20260317 17:43:52.586994 439639 rdma_replica_communicator.cpp:75] [RDMA] send target id=1 ip=128.110.216.196 base_port=26501 rdma_port=26501 payload_bytes=51
E20260317 17:43:52.587808 439614 rdma_replica_communicator.cpp:75] [RDMA] send target id=2 ip=128.110.216.196 base_port=26502 rdma_port=26502 payload_bytes=51
E20260317 17:43:52.591008 439613 consensus_manager_pbft.cpp:208] recv impl type:4 sender id:1 seq:76 primary:1 is recovery:0
E20260317 17:43:52.594125 439686 consensus_manager_pbft.cpp:208] recv impl type:3 sender id:1 seq:76 primary:1 is recovery:0
E20260317 17:43:52.594483 439663 rdma_replica_communicator.cpp:75] [RDMA] send target id=1 ip=128.110.216.196 base_port=26501 rdma_port=26501 payload_bytes=51
E20260317 17:43:52.595467 439639 rdma_replica_communicator.cpp:75] [RDMA] send target id=2 ip=128.110.216.196 base_port=26502 rdma_port=26502 payload_bytes=51
E20260317 17:43:52.598016 439615 consensus_manager_pbft.cpp:208] recv impl type:4 sender id:2 seq:76 primary:1 is recovery:0
E20260317 17:43:52.598493 439614 rdma_replica_communicator.cpp:75] [RDMA] send target id=3 ip=128.110.216.196 base_port=26503 rdma_port=26503 payload_bytes=51
E20260317 17:43:52.600993 439638 consensus_manager_pbft.cpp:208] recv impl type:4 sender id:1 seq:76 primary:1 is recovery:0
E20260317 17:43:52.602236 439686 rdma_replica_communicator.cpp:75] [RDMA] send target id=1 ip=128.110.216.196 base_port=26501 rdma_port=26501 payload_bytes=51
E20260317 17:43:52.602977 439663 rdma_replica_communicator.cpp:75] [RDMA] send target id=2 ip=128.110.216.196 base_port=26502 rdma_port=26502 payload_bytes=51
E20260317 17:43:52.605504 439613 consensus_manager_pbft.cpp:208] recv impl type:4 sender id:3 seq:76 primary:1 is recovery:0
E20260317 17:43:52.605907 439639 rdma_replica_communicator.cpp:75] [RDMA] send target id=3 ip=128.110.216.196 base_port=26503 rdma_port=26503 payload_bytes=51
E20260317 17:43:52.608309 439637 consensus_manager_pbft.cpp:208] recv impl type:4 sender id:2 seq:76 primary:1 is recovery:0
E20260317 17:43:52.609566 439614 rdma_replica_communicator.cpp:75] [RDMA] send target id=4 ip=128.110.216.196 base_port=26504 rdma_port=26504 payload_bytes=51
E20260317 17:43:52.611860 439662 consensus_manager_pbft.cpp:208] recv impl type:4 sender id:1 seq:76 primary:1 is recovery:0
E20260317 17:43:52.613049 439686 rdma_replica_communicator.cpp:75] [RDMA] send target id=2 ip=128.110.216.196 base_port=26502 rdma_port=26502 payload_bytes=51
E20260317 17:43:52.615485 439615 consensus_manager_pbft.cpp:208] recv impl type:4 sender id:4 seq:76 primary:1 is recovery:0
E20260317 17:43:52.615864 439663 rdma_replica_communicator.cpp:75] [RDMA] send target id=3 ip=128.110.216.196 base_port=26503 rdma_port=26503 payload_bytes=51
E20260317 17:43:52.618186 439638 consensus_manager_pbft.cpp:208] recv impl type:4 sender id:3 seq:76 primary:1 is recovery:0
E20260317 17:43:52.618651 439613 checkpoint_manager.cpp:495] get high prepared seq:75
E20260317 17:43:52.619473 439639 rdma_replica_communicator.cpp:75] [RDMA] send target id=4 ip=128.110.216.196 base_port=26504 rdma_port=26504 payload_bytes=51
E20260317 17:43:52.621667 439661 consensus_manager_pbft.cpp:208] recv impl type:4 sender id:2 seq:76 primary:1 is recovery:0
E20260317 17:43:52.625602 439687 consensus_manager_pbft.cpp:208] recv impl type:4 sender id:1 seq:76 primary:1 is recovery:0
E20260317 17:43:52.626900 439686 rdma_replica_communicator.cpp:75] [RDMA] send target id=3 ip=128.110.216.196 base_port=26503 rdma_port=26503 payload_bytes=51
E20260317 17:43:52.629236 439637 consensus_manager_pbft.cpp:208] recv impl type:4 sender id:4 seq:76 primary:1 is recovery:0
E20260317 17:43:52.630461 439663 rdma_replica_communicator.cpp:75] [RDMA] send target id=4 ip=128.110.216.196 base_port=26504 rdma_port=26504 payload_bytes=51
E20260317 17:43:52.632678 439662 consensus_manager_pbft.cpp:208] recv impl type:4 sender id:3 seq:76 primary:1 is recovery:0
E20260317 17:43:52.633147 439638 checkpoint_manager.cpp:495] get high prepared seq:75
E20260317 17:43:52.634277 439613 checkpoint_manager.cpp:500] set high prepared seq:76
E20260317 17:43:52.637233 439685 consensus_manager_pbft.cpp:208] recv impl type:4 sender id:2 seq:76 primary:1 is recovery:0
E20260317 17:43:52.637645 439661 checkpoint_manager.cpp:495] get high prepared seq:75
E20260317 17:43:52.639384 439686 rdma_replica_communicator.cpp:75] [RDMA] send target id=4 ip=128.110.216.196 base_port=26504 rdma_port=26504 payload_bytes=51
E20260317 17:43:52.641463 439660 consensus_manager_pbft.cpp:208] recv impl type:4 sender id:4 seq:76 primary:1 is recovery:0
E20260317 17:43:52.644973 439687 consensus_manager_pbft.cpp:208] recv impl type:4 sender id:3 seq:76 primary:1 is recovery:0
E20260317 17:43:52.646303 439638 checkpoint_manager.cpp:500] set high prepared seq:76
E20260317 17:43:52.647049 439613 rdma_replica_communicator.cpp:75] [RDMA] send target id=1 ip=128.110.216.196 base_port=26501 rdma_port=26501 payload_bytes=53
E20260317 17:43:52.648020 439685 checkpoint_manager.cpp:495] get high prepared seq:75
E20260317 17:43:52.648952 439661 checkpoint_manager.cpp:500] set high prepared seq:76
E20260317 17:43:52.651969 439686 consensus_manager_pbft.cpp:208] recv impl type:4 sender id:4 seq:76 primary:1 is recovery:0
E20260317 17:43:52.654268 439638 rdma_replica_communicator.cpp:75] [RDMA] send target id=1 ip=128.110.216.196 base_port=26501 rdma_port=26501 payload_bytes=53
E20260317 17:43:52.655107 439613 rdma_replica_communicator.cpp:75] [RDMA] send target id=2 ip=128.110.216.196 base_port=26502 rdma_port=26502 payload_bytes=53
E20260317 17:43:52.657941 439614 consensus_manager_pbft.cpp:208] recv impl type:5 sender id:1 seq:76 primary:1 is recovery:0
E20260317 17:43:52.658496 439685 checkpoint_manager.cpp:500] set high prepared seq:76
E20260317 17:43:52.659289 439661 rdma_replica_communicator.cpp:75] [RDMA] send target id=1 ip=128.110.216.196 base_port=26501 rdma_port=26501 payload_bytes=53
E20260317 17:43:52.660913 439638 rdma_replica_communicator.cpp:75] [RDMA] send target id=2 ip=128.110.216.196 base_port=26502 rdma_port=26502 payload_bytes=53
E20260317 17:43:52.663417 439615 consensus_manager_pbft.cpp:208] recv impl type:5 sender id:2 seq:76 primary:1 is recovery:0
E20260317 17:43:52.663853 439613 rdma_replica_communicator.cpp:75] [RDMA] send target id=3 ip=128.110.216.196 base_port=26503 rdma_port=26503 payload_bytes=53
E20260317 17:43:52.667095 439639 consensus_manager_pbft.cpp:208] recv impl type:5 sender id:1 seq:76 primary:1 is recovery:0
E20260317 17:43:52.668277 439685 rdma_replica_communicator.cpp:75] [RDMA] send target id=1 ip=128.110.216.196 base_port=26501 rdma_port=26501 payload_bytes=53
E20260317 17:43:52.669471 439661 rdma_replica_communicator.cpp:75] [RDMA] send target id=2 ip=128.110.216.196 base_port=26502 rdma_port=26502 payload_bytes=53
E20260317 17:43:52.672101 439614 consensus_manager_pbft.cpp:208] recv impl type:5 sender id:3 seq:76 primary:1 is recovery:0
E20260317 17:43:52.672667 439638 rdma_replica_communicator.cpp:75] [RDMA] send target id=3 ip=128.110.216.196 base_port=26503 rdma_port=26503 payload_bytes=53
E20260317 17:43:52.675181 439636 consensus_manager_pbft.cpp:208] recv impl type:5 sender id:2 seq:76 primary:1 is recovery:0
E20260317 17:43:52.676492 439613 rdma_replica_communicator.cpp:75] [RDMA] send target id=4 ip=128.110.216.196 base_port=26504 rdma_port=26504 payload_bytes=53
E20260317 17:43:52.678855 439663 consensus_manager_pbft.cpp:208] recv impl type:5 sender id:1 seq:76 primary:1 is recovery:0
E20260317 17:43:52.680050 439685 rdma_replica_communicator.cpp:75] [RDMA] send target id=2 ip=128.110.216.196 base_port=26502 rdma_port=26502 payload_bytes=53
E20260317 17:43:52.682539 439615 consensus_manager_pbft.cpp:208] recv impl type:5 sender id:4 seq:76 primary:1 is recovery:0
E20260317 17:43:52.682963 439661 rdma_replica_communicator.cpp:75] [RDMA] send target id=3 ip=128.110.216.196 base_port=26503 rdma_port=26503 payload_bytes=53
E20260317 17:43:52.685312 439639 consensus_manager_pbft.cpp:208] recv impl type:5 sender id:3 seq:76 primary:1 is recovery:0
E20260317 17:43:52.685869 439614 checkpoint_manager.cpp:530]  add commited state:76
E20260317 17:43:52.702435 439531 lock_free_collector_pool.cpp:71]  update:332 seq:332 cap:256 update seq:76
E20260317 17:43:52.686859 439519 transaction_manager.cpp:91]  execute batch seq:75
E20260317 17:43:52.687026 439638 rdma_replica_communicator.cpp:75] [RDMA] send target id=4 ip=128.110.216.196 base_port=26504 rdma_port=26504 payload_bytes=53
E20260317 17:43:52.689249 439662 consensus_manager_pbft.cpp:208] recv impl type:5 sender id:2 seq:76 primary:1 is recovery:0
E20260317 17:43:52.693929 439687 consensus_manager_pbft.cpp:208] recv impl type:5 sender id:1 seq:76 primary:1 is recovery:0
E20260317 17:43:52.695196 439685 rdma_replica_communicator.cpp:75] [RDMA] send target id=3 ip=128.110.216.196 base_port=26503 rdma_port=26503 payload_bytes=53
E20260317 17:43:52.697568 439637 consensus_manager_pbft.cpp:208] recv impl type:5 sender id:4 seq:76 primary:1 is recovery:0
E20260317 17:43:52.698002 439615 message_manager.cpp:204]  add request fail
E20260317 17:43:52.698791 439661 rdma_replica_communicator.cpp:75] [RDMA] send target id=4 ip=128.110.216.196 base_port=26504 rdma_port=26504 payload_bytes=53
E20260317 17:43:52.701098 439663 consensus_manager_pbft.cpp:208] recv impl type:5 sender id:3 seq:76 primary:1 is recovery:0
E20260317 17:43:52.701676 439639 checkpoint_manager.cpp:530]  add commited state:76
E20260317 17:43:52.717586 439559 transaction_manager.cpp:91]  execute batch seq:75
E20260317 17:43:52.686439 439509 lock_free_collector_pool.cpp:71]  update:332 seq:332 cap:256 update seq:76
E20260317 17:43:52.705139 439521 commitment.cpp:363] send back to proxy:1
E20260317 17:43:52.707767 439686 consensus_manager_pbft.cpp:208] recv impl type:5 sender id:2 seq:76 primary:1 is recovery:0
E20260317 17:43:52.709750 439685 rdma_replica_communicator.cpp:75] [RDMA] send target id=4 ip=128.110.216.196 base_port=26504 rdma_port=26504 payload_bytes=53
E20260317 17:43:52.711995 439662 consensus_manager_pbft.cpp:208] recv impl type:5 sender id:4 seq:76 primary:1 is recovery:0
E20260317 17:43:52.712466 439637 message_manager.cpp:204]  add request fail
E20260317 17:43:52.716199 439687 consensus_manager_pbft.cpp:208] recv impl type:5 sender id:3 seq:76 primary:1 is recovery:0
E20260317 17:43:52.716694 439663 checkpoint_manager.cpp:530]  add commited state:76
E20260317 17:43:52.727492 439575 lock_free_collector_pool.cpp:71]  update:332 seq:332 cap:256 update seq:76
E20260317 17:43:52.702670 439540 transaction_manager.cpp:91]  execute batch seq:75
E20260317 17:43:52.719236 439565 commitment.cpp:363] send back to proxy:1
E20260317 17:43:52.720628 439521 rdma_replica_communicator.cpp:75] [RDMA] send target id=1 ip=128.110.216.196 base_port=26501 rdma_port=26501 payload_bytes=53
E20260317 17:43:52.724687 439686 consensus_manager_pbft.cpp:208] recv impl type:5 sender id:4 seq:76 primary:1 is recovery:0
E20260317 17:43:52.725085 439662 message_manager.cpp:204]  add request fail
E20260317 17:43:52.726810 439687 checkpoint_manager.cpp:530]  add commited state:76
E20260317 17:43:52.727695 439583 transaction_manager.cpp:91]  execute batch seq:75
E20260317 17:43:52.717226 439553 lock_free_collector_pool.cpp:71]  update:332 seq:332 cap:256 update seq:76
E20260317 17:43:52.730019 439543 commitment.cpp:363] send back to proxy:1
E20260317 17:43:52.730540 439565 rdma_replica_communicator.cpp:75] [RDMA] send target id=1 ip=128.110.216.196 base_port=26501 rdma_port=26501 payload_bytes=53
E20260317 17:43:52.734182 439614 consensus_manager_pbft.cpp:208] recv impl type:7 sender id:1 seq:76 primary:1 is recovery:0
E20260317 17:43:52.734560 439686 message_manager.cpp:204]  add request fail
E20260317 17:43:52.737212 439587 commitment.cpp:363] send back to proxy:1
E20260317 17:43:52.738770 439543 rdma_replica_communicator.cpp:75] [RDMA] send target id=1 ip=128.110.216.196 base_port=26501 rdma_port=26501 payload_bytes=53
E20260317 17:43:52.742638 439615 consensus_manager_pbft.cpp:208] recv impl type:7 sender id:3 seq:76 primary:1 is recovery:0
E20260317 17:43:52.743046 439614 response_manager.cpp:187]  receive request seq:76 type:7 local id:76
E20260317 17:43:52.744733 439587 rdma_replica_communicator.cpp:75] [RDMA] send target id=1 ip=128.110.216.196 base_port=26501 rdma_port=26501 payload_bytes=53
E20260317 17:43:52.748133 439613 consensus_manager_pbft.cpp:208] recv impl type:7 sender id:2 seq:76 primary:1 is recovery:0
E20260317 17:43:52.748546 439615 response_manager.cpp:187]  receive request seq:76 type:7 local id:76
E20260317 17:43:52.749410 439614 response_manager.cpp:214]  get receive count:0 seq:76
E20260317 17:43:52.752920 439612 consensus_manager_pbft.cpp:208] recv impl type:7 sender id:4 seq:76 primary:1 is recovery:0
E20260317 17:43:52.753412 439613 response_manager.cpp:187]  receive request seq:76 type:7 local id:76
E20260317 17:43:52.754281 439615 response_manager.cpp:214]  get receive count:1 seq:76
E20260317 17:43:52.755967 439612 response_manager.cpp:187]  receive request seq:76 type:7 local id:76
E20260317 17:43:52.757611 439615 lock_free_collector_pool.cpp:71]  update:332 seq:332 cap:256 update seq:76
E20260317 17:43:52.759271 439615 response_manager.cpp:227] SendResponseToClient local_id:76 seq:76 proxy_id:1
E20260317 17:43:52.760030 439615 lock_free_collector_pool.cpp:71]  update:332 seq:332 cap:256 update seq:76
E20260317 17:43:52.761163 439615 response_manager.cpp:259] response sent to client local_id:76 seq:76
E20260317 17:43:52.761157 439507 consensus_server.cpp:223] Selftest completed request i=74 ret=0 value=light_value
E20260317 17:43:53.763523 439507 consensus_server.cpp:291] Self-test passed mode=rdma (GET verified, last_value=light_value)
E20260317 17:43:53.764240 439507 consensus_server.cpp:294] RESULT mode=rdma num_requests=75 total_time_s=22.3054 throughput_rps=3.36241 avg_us=297402 p50_us=297426 p95_us=299731 p99_us=301292 min_us=293016 max_us=302385 status=OK
E20260317 17:43:57.267212 439508 stats.cpp:474]   req client latency:0.000187921
% time     seconds  usecs/call     calls    errors syscall
------ ----------- ----------- --------- --------- ------------------
 89.42  643.629397        3243    198433     59980 futex
  3.00   21.607204        3108      6951           clock_nanosleep
  2.29   16.461356     2057669         8           epoll_pwait
  2.25   16.203858       15762      1028           ppoll
  2.19   15.790456      101220       156        80 accept
  0.52    3.772457       12409       304           recvfrom
  0.14    1.041853          35     29213         4 write
  0.09    0.625731          21     28452           getpid
  0.08    0.545501          42     12773           gettid
  0.00    0.027192          87       312           sendto
  0.00    0.018563          17      1054           mprotect
  0.00    0.012409          16       751           rt_sigprocmask
  0.00    0.011554          62       185           clone
  0.00    0.008120          18       450           mmap
  0.00    0.007698          99        77         1 connect
  0.00    0.004339          19       227           close
  0.00    0.004334          23       186           madvise
  0.00    0.004302          45        95           setsockopt
  0.00    0.004094          10       400           brk
  0.00    0.003986          43        92           socket
  0.00    0.003879          12       307           munmap
  0.00    0.003532           7       496         1 ioctl
  0.00    0.003167          17       186           set_robust_list
  0.00    0.003032          16       186           rseq
  0.00    0.000696          10        69         2 openat
  0.00    0.000307           3        88         1 newfstatat
  0.00    0.000200           3        56           read
  0.00    0.000151           5        28           recvmsg
  0.00    0.000094           2        40           shmat
  0.00    0.000079           4        16           epoll_ctl
  0.00    0.000065           3        20           shmget
  0.00    0.000058          14         4           lseek
  0.00    0.000047          15         3         3 unlinkat
  0.00    0.000042           7         6           fcntl
  0.00    0.000037          12         3         3 symlinkat
  0.00    0.000032           8         4           uname
  0.00    0.000030           1        20           shmctl
  0.00    0.000030           2        14           bind
  0.00    0.000027           4         6           getsockname
  0.00    0.000019           1        15           rt_sigaction
  0.00    0.000013           3         4           epoll_create1
  0.00    0.000009           1         8           listen
  0.00    0.000008           2         4           eventfd2
  0.00    0.000006           1         4           timerfd_create
  0.00    0.000006           6         1           sched_getaffinity
  0.00    0.000002           1         2           getdents64
  0.00    0.000002           0         3           geteuid
  0.00    0.000001           0         2           getuid
  0.00    0.000000           0         1         1 faccessat
  0.00    0.000000           0         1           set_tid_address
  0.00    0.000000           0         3           sendmsg
  0.00    0.000000           0         1           execve
  0.00    0.000000           0         2           prlimit64
  0.00    0.000000           0         1           getrandom
------ ----------- ----------- --------- --------- ------------------
100.00  719.799975        2545    282751     60076 total",
2026-03-17T17:45:42,rdma,128.110.216.196,26500,75,5,0,35.0875754969893,6.12624e-06,rdma,rdma,75,8.00207,9.37257,106691.0,106671.0,107132.0,107998.0,105337.0,113270.0,OK,"NO shared receive
>>>>>>>> post recvs
connect request had data with it: 56 bytes
[Server] accepted client 1
NO shared receive
>>>>>>>> post recvs
connect request had data with it: 56 bytes
[Server] accepted client 1
NO shared receive
>>>>>>>> post recvs
connect request had data with it: 56 bytes
[Server] accepted client 2
NO shared receive
>>>>>>>> post recvs
connect request had data with it: 56 bytes
[Server] accepted client 2
NO shared receive
>>>>>>>> post recvs
connect request had data with it: 56 bytes
[Server] accepted client 2
NO shared receive
>>>>>>>> post recvs
connect request had data with it: 56 bytes
[Server] accepted client 2
NO shared receive
>>>>>>>> post recvs
connect request had data with it: 56 bytes
[Server] accepted client 3
NO shared receive
>>>>>>>> post recvs
connect request had data with it: 56 bytes
[Server] accepted client 3
NO shared receive
>>>>>>>> post recvs
connect request had data with it: 56 bytes
[Server] accepted client 3
NO shared receive
>>>>>>>> post recvs
connect request had data with it: 56 bytes
[Server] accepted client 3","E20260317 17:44:28.210062 439822 checkpoint_manager.cpp:530]  add commited state:76
E20260317 17:44:28.209702 439817 consensus_manager_pbft.cpp:208] recv impl type:5 sender id:4 seq:76 primary:1 is recovery:0
E20260317 17:44:28.209667 439793 checkpoint_manager.cpp:530]  add commited state:76
E20260317 17:44:28.210038 439857 consensus_manager_pbft.cpp:208] recv impl type:5 sender id:4 seq:76 primary:1 is recovery:0
E20260317 17:44:28.210461 439858 consensus_manager_pbft.cpp:208] recv impl type:5 sender id:3 seq:76 primary:1 is recovery:0
E20260317 17:44:28.210500 439743 lock_free_collector_pool.cpp:71]  update:332 seq:332 cap:256 update seq:76
E20260317 17:44:28.210532 439749 transaction_manager.cpp:91]  execute batch seq:75
E20260317 17:44:28.210093 439883 checkpoint_manager.cpp:530]  add commited state:76
E20260317 17:44:28.210609 439755 commitment.cpp:363] send back to proxy:1
E20260317 17:44:28.210377 439817 message_manager.cpp:188]  seq:76 type:5 has been committed
E20260317 17:44:28.210474 439857 checkpoint_manager.cpp:530]  add commited state:76
E20260317 17:44:28.210515 439858 message_manager.cpp:204]  add request fail
E20260317 17:44:28.210222 439856 rdma_replica_communicator.cpp:75] [RDMA] send target id=4 ip=128.110.216.196 base_port=26504 rdma_port=26504 payload_bytes=53
E20260317 17:44:28.209864 439711 rdma_replica_communicator.cpp:75] [RDMA] send target id=1 ip=128.110.216.196 base_port=26501 rdma_port=26501 payload_bytes=53
E20260317 17:44:28.210212 439771 transaction_manager.cpp:91]  execute batch seq:75
E20260317 17:44:28.210981 439800 consensus_manager_pbft.cpp:208] recv impl type:7 sender id:1 seq:76 primary:1 is recovery:0
E20260317 17:44:28.211010 439777 commitment.cpp:363] send back to proxy:1
E20260317 17:44:28.211068 439777 rdma_replica_communicator.cpp:75] [RDMA] send target id=1 ip=128.110.216.196 base_port=26501 rdma_port=26501 payload_bytes=53
E20260317 17:44:28.210327 439733 commitment.cpp:363] send back to proxy:1
E20260317 17:44:28.210938 439878 consensus_manager_pbft.cpp:208] recv impl type:5 sender id:3 seq:76 primary:1 is recovery:0
E20260317 17:44:28.211023 439800 response_manager.cpp:187]  receive request seq:76 type:7 local id:76
E20260317 17:44:28.211162 439733 rdma_replica_communicator.cpp:75] [RDMA] send target id=1 ip=128.110.216.196 base_port=26501 rdma_port=26501 payload_bytes=53
E20260317 17:44:28.211289 439803 consensus_manager_pbft.cpp:208] recv impl type:7 sender id:4 seq:76 primary:1 is recovery:0
E20260317 17:44:28.211331 439803 response_manager.cpp:187]  receive request seq:76 type:7 local id:76
E20260317 17:44:28.211247 439800 response_manager.cpp:214]  get receive count:0 seq:76
E20260317 17:44:28.210654 439755 rdma_replica_communicator.cpp:75] [RDMA] send target id=1 ip=128.110.216.196 base_port=26501 rdma_port=26501 payload_bytes=53
E20260317 17:44:28.211206 439878 message_manager.cpp:188]  seq:76 type:5 has been committed
E20260317 17:44:28.211369 439803 response_manager.cpp:214]  get receive count:1 seq:76
E20260317 17:44:28.211433 439800 consensus_manager_pbft.cpp:208] recv impl type:7 sender id:2 seq:76 primary:1 is recovery:0
E20260317 17:44:28.211527 439790 consensus_manager_pbft.cpp:208] recv impl type:7 sender id:3 seq:76 primary:1 is recovery:0
E20260317 17:44:28.211551 439803 lock_free_collector_pool.cpp:71]  update:332 seq:332 cap:256 update seq:76
E20260317 17:44:28.211596 439800 response_manager.cpp:187]  receive request seq:76 type:7 local id:76
E20260317 17:44:28.211635 439790 response_manager.cpp:187]  receive request seq:76 type:7 local id:76
E20260317 17:44:28.211675 439803 response_manager.cpp:227] SendResponseToClient local_id:76 seq:76 proxy_id:1
E20260317 17:44:28.211855 439803 lock_free_collector_pool.cpp:71]  update:332 seq:332 cap:256 update seq:76
E20260317 17:44:28.211968 439803 response_manager.cpp:259] response sent to client local_id:76 seq:76
E20260317 17:44:28.211977 439697 consensus_server.cpp:223] Selftest completed request i=74 ret=0 value=light_value
E20260317 17:44:29.299245 439697 consensus_server.cpp:291] Self-test passed mode=rdma (GET verified, last_value=light_value)
E20260317 17:44:29.299413 439697 consensus_server.cpp:294] RESULT mode=rdma num_requests=75 total_time_s=8.00207 throughput_rps=9.37257 avg_us=106691 p50_us=106671 p95_us=107132 p99_us=107998 min_us=105337 max_us=113270 status=OK
E20260317 17:44:32.371482 439698 stats.cpp:474]   req client latency:5.7015e-06","E20260317 17:45:17.622401 439989 commitment.cpp:363] send back to proxy:1
E20260317 17:45:17.626358 440015 consensus_manager_pbft.cpp:208] recv impl type:7 sender id:3 seq:75 primary:1 is recovery:0
E20260317 17:45:17.626814 440017 response_manager.cpp:187]  receive request seq:75 type:7 local id:75
E20260317 17:45:17.627617 440016 response_manager.cpp:187]  receive request seq:75 type:7 local id:75
E20260317 17:45:17.629242 439989 rdma_replica_communicator.cpp:75] [RDMA] send target id=1 ip=128.110.216.196 base_port=26501 rdma_port=26501 payload_bytes=53
E20260317 17:45:17.629988 440015 response_manager.cpp:187]  receive request seq:75 type:7 local id:75
E20260317 17:45:17.630812 440017 response_manager.cpp:214]  get receive count:0 seq:75
E20260317 17:45:17.631634 440016 response_manager.cpp:214]  get receive count:1 seq:75
E20260317 17:45:17.634794 440014 consensus_manager_pbft.cpp:208] recv impl type:7 sender id:4 seq:75 primary:1 is recovery:0
E20260317 17:45:17.636756 440016 lock_free_collector_pool.cpp:71]  update:331 seq:331 cap:256 update seq:75
E20260317 17:45:17.637600 440014 response_manager.cpp:187]  receive request seq:75 type:7 local id:75
E20260317 17:45:17.638587 440016 response_manager.cpp:227] SendResponseToClient local_id:75 seq:75 proxy_id:1
E20260317 17:45:17.640079 440016 lock_free_collector_pool.cpp:71]  update:331 seq:331 cap:256 update seq:75
E20260317 17:45:17.641203 440016 response_manager.cpp:259] response sent to client local_id:75 seq:75
E20260317 17:45:17.641203 439908 consensus_server.cpp:223] Selftest completed request i=73 ret=0 value=light_value
E20260317 17:45:17.643041 439908 consensus_server.cpp:221] Selftest sending request i=74
E20260317 17:45:17.647862 440017 consensus_manager_pbft.cpp:208] recv impl type:2 sender id:0 seq:0 primary:1 is recovery:0
E20260317 17:45:17.749125 439924 response_manager.cpp:327] add context list:0 list size:1 local_id:76
E20260317 17:45:17.749963 439924 rdma_replica_communicator.cpp:75] [RDMA] send target id=1 ip=128.110.216.196 base_port=26501 rdma_port=26501 payload_bytes=82
E20260317 17:45:17.753407 440017 consensus_manager_pbft.cpp:208] recv impl type:14 sender id:1 seq:0 primary:1 is recovery:0
E20260317 17:45:17.754208 440017 rdma_replica_communicator.cpp:75] [RDMA] send target id=1 ip=128.110.216.196 base_port=26501 rdma_port=26501 payload_bytes=89
E20260317 17:45:17.755002 440017 rdma_replica_communicator.cpp:75] [RDMA] send target id=2 ip=128.110.216.196 base_port=26502 rdma_port=26502 payload_bytes=89
E20260317 17:45:17.757535 440016 consensus_manager_pbft.cpp:208] recv impl type:3 sender id:1 seq:76 primary:1 is recovery:0
E20260317 17:45:17.758036 440017 rdma_replica_communicator.cpp:75] [RDMA] send target id=3 ip=128.110.216.196 base_port=26503 rdma_port=26503 payload_bytes=89
E20260317 17:45:17.760725 440041 consensus_manager_pbft.cpp:208] recv impl type:3 sender id:1 seq:76 primary:1 is recovery:0
E20260317 17:45:17.761148 440016 rdma_replica_communicator.cpp:75] [RDMA] send target id=1 ip=128.110.216.196 base_port=26501 rdma_port=26501 payload_bytes=51
E20260317 17:45:17.762017 440017 rdma_replica_communicator.cpp:75] [RDMA] send target id=4 ip=128.110.216.196 base_port=26504 rdma_port=26504 payload_bytes=89
E20260317 17:45:17.764432 440066 consensus_manager_pbft.cpp:208] recv impl type:3 sender id:1 seq:76 primary:1 is recovery:0
E20260317 17:45:17.764868 440041 rdma_replica_communicator.cpp:75] [RDMA] send target id=1 ip=128.110.216.196 base_port=26501 rdma_port=26501 payload_bytes=51
E20260317 17:45:17.765661 440016 rdma_replica_communicator.cpp:75] [RDMA] send target id=2 ip=128.110.216.196 base_port=26502 rdma_port=26502 payload_bytes=51
E20260317 17:45:17.768141 440015 consensus_manager_pbft.cpp:208] recv impl type:4 sender id:1 seq:76 primary:1 is recovery:0
E20260317 17:45:17.771082 440090 consensus_manager_pbft.cpp:208] recv impl type:3 sender id:1 seq:76 primary:1 is recovery:0
E20260317 17:45:17.771488 440066 rdma_replica_communicator.cpp:75] [RDMA] send target id=1 ip=128.110.216.196 base_port=26501 rdma_port=26501 payload_bytes=51
E20260317 17:45:17.772358 440041 rdma_replica_communicator.cpp:75] [RDMA] send target id=2 ip=128.110.216.196 base_port=26502 rdma_port=26502 payload_bytes=51
E20260317 17:45:17.775202 440017 consensus_manager_pbft.cpp:208] recv impl type:4 sender id:2 seq:76 primary:1 is recovery:0
E20260317 17:45:17.775769 440016 rdma_replica_communicator.cpp:75] [RDMA] send target id=3 ip=128.110.216.196 base_port=26503 rdma_port=26503 payload_bytes=51
E20260317 17:45:17.778566 440042 consensus_manager_pbft.cpp:208] recv impl type:4 sender id:1 seq:76 primary:1 is recovery:0
E20260317 17:45:17.779738 440090 rdma_replica_communicator.cpp:75] [RDMA] send target id=1 ip=128.110.216.196 base_port=26501 rdma_port=26501 payload_bytes=51
E20260317 17:45:17.780506 440066 rdma_replica_communicator.cpp:75] [RDMA] send target id=2 ip=128.110.216.196 base_port=26502 rdma_port=26502 payload_bytes=51
E20260317 17:45:17.783125 440015 consensus_manager_pbft.cpp:208] recv impl type:4 sender id:3 seq:76 primary:1 is recovery:0
E20260317 17:45:17.783581 440041 rdma_replica_communicator.cpp:75] [RDMA] send target id=3 ip=128.110.216.196 base_port=26503 rdma_port=26503 payload_bytes=51
E20260317 17:45:17.786101 440040 consensus_manager_pbft.cpp:208] recv impl type:4 sender id:2 seq:76 primary:1 is recovery:0
E20260317 17:45:17.787518 440016 rdma_replica_communicator.cpp:75] [RDMA] send target id=4 ip=128.110.216.196 base_port=26504 rdma_port=26504 payload_bytes=51
E20260317 17:45:17.789826 440065 consensus_manager_pbft.cpp:208] recv impl type:4 sender id:1 seq:76 primary:1 is recovery:0
E20260317 17:45:17.791024 440090 rdma_replica_communicator.cpp:75] [RDMA] send target id=2 ip=128.110.216.196 base_port=26502 rdma_port=26502 payload_bytes=51
E20260317 17:45:17.793462 440017 consensus_manager_pbft.cpp:208] recv impl type:4 sender id:4 seq:76 primary:1 is recovery:0
E20260317 17:45:17.793859 440066 rdma_replica_communicator.cpp:75] [RDMA] send target id=3 ip=128.110.216.196 base_port=26503 rdma_port=26503 payload_bytes=51
E20260317 17:45:17.796124 440042 consensus_manager_pbft.cpp:208] recv impl type:4 sender id:3 seq:76 primary:1 is recovery:0
E20260317 17:45:17.796555 440015 checkpoint_manager.cpp:495] get high prepared seq:75
E20260317 17:45:17.797402 440041 rdma_replica_communicator.cpp:75] [RDMA] send target id=4 ip=128.110.216.196 base_port=26504 rdma_port=26504 payload_bytes=51
E20260317 17:45:17.799686 440064 consensus_manager_pbft.cpp:208] recv impl type:4 sender id:2 seq:76 primary:1 is recovery:0
E20260317 17:45:17.803570 440089 consensus_manager_pbft.cpp:208] recv impl type:4 sender id:1 seq:76 primary:1 is recovery:0
E20260317 17:45:17.804788 440090 rdma_replica_communicator.cpp:75] [RDMA] send target id=3 ip=128.110.216.196 base_port=26503 rdma_port=26503 payload_bytes=51
E20260317 17:45:17.807099 440040 consensus_manager_pbft.cpp:208] recv impl type:4 sender id:4 seq:76 primary:1 is recovery:0
E20260317 17:45:17.808576 440066 rdma_replica_communicator.cpp:75] [RDMA] send target id=4 ip=128.110.216.196 base_port=26504 rdma_port=26504 payload_bytes=51
E20260317 17:45:17.810963 440065 consensus_manager_pbft.cpp:208] recv impl type:4 sender id:3 seq:76 primary:1 is recovery:0
E20260317 17:45:17.811487 440042 checkpoint_manager.cpp:495] get high prepared seq:75
E20260317 17:45:17.812570 440015 checkpoint_manager.cpp:500] set high prepared seq:76
E20260317 17:45:17.815661 440088 consensus_manager_pbft.cpp:208] recv impl type:4 sender id:2 seq:76 primary:1 is recovery:0
E20260317 17:45:17.816085 440064 checkpoint_manager.cpp:495] get high prepared seq:75
E20260317 17:45:17.817689 440090 rdma_replica_communicator.cpp:75] [RDMA] send target id=4 ip=128.110.216.196 base_port=26504 rdma_port=26504 payload_bytes=51
E20260317 17:45:17.819882 440063 consensus_manager_pbft.cpp:208] recv impl type:4 sender id:4 seq:76 primary:1 is recovery:0
E20260317 17:45:17.823359 440089 consensus_manager_pbft.cpp:208] recv impl type:4 sender id:3 seq:76 primary:1 is recovery:0
E20260317 17:45:17.824720 440042 checkpoint_manager.cpp:500] set high prepared seq:76
E20260317 17:45:17.825457 440015 rdma_replica_communicator.cpp:75] [RDMA] send target id=1 ip=128.110.216.196 base_port=26501 rdma_port=26501 payload_bytes=53
E20260317 17:45:17.826238 440088 checkpoint_manager.cpp:495] get high prepared seq:75
E20260317 17:45:17.827226 440064 checkpoint_manager.cpp:500] set high prepared seq:76
E20260317 17:45:17.828389 440090 consensus_manager_pbft.cpp:208] recv impl type:4 sender id:4 seq:76 primary:1 is recovery:0
E20260317 17:45:17.831827 440042 rdma_replica_communicator.cpp:75] [RDMA] send target id=1 ip=128.110.216.196 base_port=26501 rdma_port=26501 payload_bytes=53
E20260317 17:45:17.832700 440015 rdma_replica_communicator.cpp:75] [RDMA] send target id=2 ip=128.110.216.196 base_port=26502 rdma_port=26502 payload_bytes=53
E20260317 17:45:17.835418 440017 consensus_manager_pbft.cpp:208] recv impl type:5 sender id:1 seq:76 primary:1 is recovery:0
E20260317 17:45:17.835938 440088 checkpoint_manager.cpp:500] set high prepared seq:76
E20260317 17:45:17.836621 440064 rdma_replica_communicator.cpp:75] [RDMA] send target id=1 ip=128.110.216.196 base_port=26501 rdma_port=26501 payload_bytes=53
E20260317 17:45:17.838156 440042 rdma_replica_communicator.cpp:75] [RDMA] send target id=2 ip=128.110.216.196 base_port=26502 rdma_port=26502 payload_bytes=53
E20260317 17:45:17.840634 440016 consensus_manager_pbft.cpp:208] recv impl type:5 sender id:2 seq:76 primary:1 is recovery:0
E20260317 17:45:17.841075 440015 rdma_replica_communicator.cpp:75] [RDMA] send target id=3 ip=128.110.216.196 base_port=26503 rdma_port=26503 payload_bytes=53
E20260317 17:45:17.843588 440040 consensus_manager_pbft.cpp:208] recv impl type:5 sender id:1 seq:76 primary:1 is recovery:0
E20260317 17:45:17.844753 440088 rdma_replica_communicator.cpp:75] [RDMA] send target id=1 ip=128.110.216.196 base_port=26501 rdma_port=26501 payload_bytes=53
E20260317 17:45:17.845546 440064 rdma_replica_communicator.cpp:75] [RDMA] send target id=2 ip=128.110.216.196 base_port=26502 rdma_port=26502 payload_bytes=53
E20260317 17:45:17.848845 440017 consensus_manager_pbft.cpp:208] recv impl type:5 sender id:3 seq:76 primary:1 is recovery:0
E20260317 17:45:17.849344 440042 rdma_replica_communicator.cpp:75] [RDMA] send target id=3 ip=128.110.216.196 base_port=26503 rdma_port=26503 payload_bytes=53
E20260317 17:45:17.863624 439910 lock_free_collector_pool.cpp:71]  update:332 seq:332 cap:256 update seq:76
E20260317 17:45:17.866524 440065 consensus_manager_pbft.cpp:208] recv impl type:5 sender id:2 seq:76 primary:1 is recovery:0
E20260317 17:45:17.855531 440066 consensus_manager_pbft.cpp:208] recv impl type:5 sender id:1 seq:76 primary:1 is recovery:0
E20260317 17:45:17.856827 440088 rdma_replica_communicator.cpp:75] [RDMA] send target id=2 ip=128.110.216.196 base_port=26502 rdma_port=26502 payload_bytes=53
E20260317 17:45:17.859367 440016 consensus_manager_pbft.cpp:208] recv impl type:5 sender id:4 seq:76 primary:1 is recovery:0
E20260317 17:45:17.859999 440064 rdma_replica_communicator.cpp:75] [RDMA] send target id=3 ip=128.110.216.196 base_port=26503 rdma_port=26503 payload_bytes=53
E20260317 17:45:17.862316 440040 consensus_manager_pbft.cpp:208] recv impl type:5 sender id:3 seq:76 primary:1 is recovery:0
E20260317 17:45:17.862849 440017 checkpoint_manager.cpp:530]  add commited state:76
E20260317 17:45:17.851760 440041 consensus_manager_pbft.cpp:208] recv impl type:5 sender id:2 seq:76 primary:1 is recovery:0
E20260317 17:45:17.863862 439920 transaction_manager.cpp:91]  execute batch seq:75
E20260317 17:45:17.864112 440042 rdma_replica_communicator.cpp:75] [RDMA] send target id=4 ip=128.110.216.196 base_port=26504 rdma_port=26504 payload_bytes=53
E20260317 17:45:17.853174 440015 rdma_replica_communicator.cpp:75] [RDMA] send target id=4 ip=128.110.216.196 base_port=26504 rdma_port=26504 payload_bytes=53
E20260317 17:45:17.869531 440088 rdma_replica_communicator.cpp:75] [RDMA] send target id=3 ip=128.110.216.196 base_port=26503 rdma_port=26503 payload_bytes=53
E20260317 17:45:17.871726 440038 consensus_manager_pbft.cpp:208] recv impl type:5 sender id:4 seq:76 primary:1 is recovery:0
E20260317 17:45:17.872151 440016 message_manager.cpp:204]  add request fail
E20260317 17:45:17.872957 440064 rdma_replica_communicator.cpp:75] [RDMA] send target id=4 ip=128.110.216.196 base_port=26504 rdma_port=26504 payload_bytes=53
E20260317 17:45:17.875586 440066 consensus_manager_pbft.cpp:208] recv impl type:5 sender id:3 seq:76 primary:1 is recovery:0
E20260317 17:45:17.877732 440041 checkpoint_manager.cpp:530]  add commited state:76
E20260317 17:45:17.893488 439964 transaction_manager.cpp:91]  execute batch seq:75
E20260317 17:45:17.879189 439942 transaction_manager.cpp:91]  execute batch seq:75
E20260317 17:45:17.880016 439922 commitment.cpp:363] send back to proxy:1
E20260317 17:45:17.882754 440090 consensus_manager_pbft.cpp:208] recv impl type:5 sender id:2 seq:76 primary:1 is recovery:0
E20260317 17:45:17.885229 440089 consensus_manager_pbft.cpp:208] recv impl type:5 sender id:1 seq:76 primary:1 is recovery:0
E20260317 17:45:17.885586 440088 rdma_replica_communicator.cpp:75] [RDMA] send target id=4 ip=128.110.216.196 base_port=26504 rdma_port=26504 payload_bytes=53
E20260317 17:45:17.888077 440065 consensus_manager_pbft.cpp:208] recv impl type:5 sender id:4 seq:76 primary:1 is recovery:0
E20260317 17:45:17.888549 440038 message_manager.cpp:204]  add request fail
E20260317 17:45:17.892062 440087 consensus_manager_pbft.cpp:208] recv impl type:5 sender id:3 seq:76 primary:1 is recovery:0
E20260317 17:45:17.892562 440066 checkpoint_manager.cpp:530]  add commited state:76
E20260317 17:45:17.904160 439985 transaction_manager.cpp:91]  execute batch seq:75
E20260317 17:45:17.878842 439932 lock_free_collector_pool.cpp:71]  update:332 seq:332 cap:256 update seq:76
E20260317 17:45:17.895100 439967 commitment.cpp:363] send back to proxy:1
E20260317 17:45:17.896193 439944 commitment.cpp:363] send back to proxy:1
E20260317 17:45:17.896723 439922 rdma_replica_communicator.cpp:75] [RDMA] send target id=1 ip=128.110.216.196 base_port=26501 rdma_port=26501 payload_bytes=53
E20260317 17:45:17.899482 440088 consensus_manager_pbft.cpp:208] recv impl type:5 sender id:4 seq:76 primary:1 is recovery:0
E20260317 17:45:17.901611 440065 message_manager.cpp:204]  add request fail
E20260317 17:45:17.903347 440087 checkpoint_manager.cpp:530]  add commited state:76
E20260317 17:45:17.903839 439977 lock_free_collector_pool.cpp:71]  update:332 seq:332 cap:256 update seq:76
E20260317 17:45:17.893282 439954 lock_free_collector_pool.cpp:71]  update:332 seq:332 cap:256 update seq:76
E20260317 17:45:17.905682 439989 commitment.cpp:363] send back to proxy:1
E20260317 17:45:17.907040 439967 rdma_replica_communicator.cpp:75] [RDMA] send target id=1 ip=128.110.216.196 base_port=26501 rdma_port=26501 payload_bytes=53
E20260317 17:45:17.907940 439944 rdma_replica_communicator.cpp:75] [RDMA] send target id=1 ip=128.110.216.196 base_port=26501 rdma_port=26501 payload_bytes=53
E20260317 17:45:17.911825 440017 consensus_manager_pbft.cpp:208] recv impl type:7 sender id:1 seq:76 primary:1 is recovery:0
E20260317 17:45:17.912221 440088 message_manager.cpp:204]  add request fail
E20260317 17:45:17.916460 439989 rdma_replica_communicator.cpp:75] [RDMA] send target id=1 ip=128.110.216.196 base_port=26501 rdma_port=26501 payload_bytes=53
E20260317 17:45:17.920254 440016 consensus_manager_pbft.cpp:208] recv impl type:7 sender id:3 seq:76 primary:1 is recovery:0
E20260317 17:45:17.923576 440015 consensus_manager_pbft.cpp:208] recv impl type:7 sender id:2 seq:76 primary:1 is recovery:0
E20260317 17:45:17.923946 440017 response_manager.cpp:187]  receive request seq:76 type:7 local id:76
E20260317 17:45:17.927933 440014 consensus_manager_pbft.cpp:208] recv impl type:7 sender id:4 seq:76 primary:1 is recovery:0
E20260317 17:45:17.928314 440016 response_manager.cpp:187]  receive request seq:76 type:7 local id:76
E20260317 17:45:17.929096 440015 response_manager.cpp:187]  receive request seq:76 type:7 local id:76
E20260317 17:45:17.930071 440017 response_manager.cpp:214]  get receive count:0 seq:76
E20260317 17:45:17.930925 440014 response_manager.cpp:187]  receive request seq:76 type:7 local id:76
E20260317 17:45:17.931752 440016 response_manager.cpp:214]  get receive count:1 seq:76
E20260317 17:45:17.934978 440016 lock_free_collector_pool.cpp:71]  update:332 seq:332 cap:256 update seq:76
E20260317 17:45:17.935890 440016 response_manager.cpp:227] SendResponseToClient local_id:76 seq:76 proxy_id:1
E20260317 17:45:17.936668 440016 lock_free_collector_pool.cpp:71]  update:332 seq:332 cap:256 update seq:76
E20260317 17:45:17.937827 440016 response_manager.cpp:259] response sent to client local_id:76 seq:76
E20260317 17:45:17.937827 439908 consensus_server.cpp:223] Selftest completed request i=74 ret=0 value=light_value
E20260317 17:45:18.940488 439908 consensus_server.cpp:291] Self-test passed mode=rdma (GET verified, last_value=light_value)
E20260317 17:45:18.940954 439908 consensus_server.cpp:294] RESULT mode=rdma num_requests=75 total_time_s=22.2374 throughput_rps=3.37269 avg_us=296495 p50_us=296598 p95_us=299030 p99_us=299534 min_us=292867 max_us=299735 status=OK
E20260317 17:45:22.548079 439909 stats.cpp:474]   req client latency:0.000186892
% time     seconds  usecs/call     calls    errors syscall
------ ----------- ----------- --------- --------- ------------------
 89.44  650.962102        3283    198236     59891 futex
  3.01   21.904385        3154      6944           clock_nanosleep
  2.29   16.652198     2081524         8           epoll_pwait
  2.24   16.276209       15941      1021           ppoll
  2.19   15.919908      102050       156        80 accept
  0.52    3.770431       12402       304           recvfrom
  0.13    0.948055          32     29213         4 write
  0.09    0.675986          23     28452           getpid
  0.08    0.595955          46     12773           gettid
  0.00    0.020449          19      1050           mprotect
  0.00    0.019589          62       312           sendto
  0.00    0.013963          75       185           clone
  0.00    0.013863          18       751           rt_sigprocmask
  0.00    0.012483          27       450           mmap
  0.00    0.011665         151        77         1 connect
  0.00    0.009873          19       496         1 ioctl
  0.00    0.008274          36       226           close
  0.00    0.006346          34       185           madvise
  0.00    0.005225          16       310           munmap
  0.00    0.004344          10       400           brk
  0.00    0.003917          42        92           socket
  0.00    0.003174          17       186           set_robust_list
  0.00    0.003099          16       186           rseq
  0.00    0.000990          14        68         2 openat
  0.00    0.000636           7        88         1 newfstatat
  0.00    0.000496           9        55           read
  0.00    0.000320           3        95           setsockopt
  0.00    0.000205          12        16           epoll_ctl
  0.00    0.000121           3        40           shmat
  0.00    0.000100         100         1           getrandom
  0.00    0.000082           4        20           shmget
  0.00    0.000072           4        15           rt_sigaction
  0.00    0.000037           1        20           shmctl
  0.00    0.000024           4         6           fcntl
  0.00    0.000023           7         3         3 unlinkat
  0.00    0.000020           6         3         3 symlinkat
  0.00    0.000016          16         1           sched_getaffinity
  0.00    0.000011           2         4           lseek
  0.00    0.000010           2         4           uname
  0.00    0.000009           4         2           prlimit64
  0.00    0.000008           4         2           getdents64
  0.00    0.000006           6         1           set_tid_address
  0.00    0.000006           3         2           getuid
  0.00    0.000005           1         3           geteuid
  0.00    0.000000           0         4           eventfd2
  0.00    0.000000           0         4           epoll_create1
  0.00    0.000000           0         1         1 faccessat
  0.00    0.000000           0         4           timerfd_create
  0.00    0.000000           0        14           bind
  0.00    0.000000           0         8           listen
  0.00    0.000000           0         6           getsockname
  0.00    0.000000           0         3           sendmsg
  0.00    0.000000           0        28           recvmsg
  0.00    0.000000           0         1           execve
------ ----------- ----------- --------- --------- ------------------
100.00  727.844690        2576    282535     59987 total",
2026-03-17T17:47:07,basic_ring,128.110.216.196,26500,75,1,0,35.08184796490241,5.8749e-06,basic_ring,basic_ring,75,7.99665,9.37892,106618.0,106590.0,107371.0,107502.0,105248.0,107689.0,OK,"NO shared receive
>>>>>>>> post recvs
connect request had data with it: 56 bytes
>>>>>>>> post recvs
[BasicServer] accepted client 2
NO shared receive
>>>>>>>> post recvs
connect request had data with it: 56 bytes
>>>>>>>> post recvs
[BasicServer] accepted client 2
NO shared receive
>>>>>>>> post recvs
connect request had data with it: 56 bytes
>>>>>>>> post recvs
[BasicServer] accepted client 2
NO shared receive
>>>>>>>> post recvs
connect request had data with it: 56 bytes
>>>>>>>> post recvs
[BasicServer] accepted client 2
NO shared receive
>>>>>>>> post recvs
connect request had data with it: 56 bytes
>>>>>>>> post recvs
[BasicServer] accepted client 3
NO shared receive
>>>>>>>> post recvs
connect request had data with it: 56 bytes
>>>>>>>> post recvs
[BasicServer] accepted client 3
NO shared receive
>>>>>>>> post recvs
connect request had data with it: 56 bytes
>>>>>>>> post recvs
[BasicServer] accepted client 3
NO shared receive
>>>>>>>> post recvs
connect request had data with it: 56 bytes
>>>>>>>> post recvs
[BasicServer] accepted client 3","E20260317 17:45:53.479792 440222 consensus_manager_pbft.cpp:208] recv impl type:5 sender id:4 seq:76 primary:1 is recovery:0
E20260317 17:45:53.480057 440276 consensus_manager_pbft.cpp:208] recv impl type:5 sender id:4 seq:76 primary:1 is recovery:0
E20260317 17:45:53.480124 440202 rdma_replica_communicator.cpp:75] [RDMA] send target id=2 ip=128.110.216.196 base_port=26502 rdma_port=26502 payload_bytes=53
E20260317 17:45:53.480661 440166 lock_free_collector_pool.cpp:71]  update:332 seq:332 cap:256 update seq:76
E20260317 17:45:53.480692 440202 rdma_replica_communicator.cpp:75] [RDMA] send target id=3 ip=128.110.216.196 base_port=26503 rdma_port=26503 payload_bytes=53
E20260317 17:45:53.480492 440112 rdma_replica_communicator.cpp:75] [RDMA] send target id=1 ip=128.110.216.196 base_port=26501 rdma_port=26501 payload_bytes=53
E20260317 17:45:53.480760 440223 consensus_manager_pbft.cpp:208] recv impl type:5 sender id:1 seq:76 primary:1 is recovery:0
E20260317 17:45:53.480808 440262 consensus_manager_pbft.cpp:208] recv impl type:5 sender id:1 seq:76 primary:1 is recovery:0
E20260317 17:45:53.480856 440199 consensus_manager_pbft.cpp:208] recv impl type:7 sender id:1 seq:76 primary:1 is recovery:0
E20260317 17:45:53.480629 440276 checkpoint_manager.cpp:530]  add commited state:76
E20260317 17:45:53.480687 440167 transaction_manager.cpp:91]  execute batch seq:75
E20260317 17:45:53.480732 440202 rdma_replica_communicator.cpp:75] [RDMA] send target id=4 ip=128.110.216.196 base_port=26504 rdma_port=26504 payload_bytes=53
E20260317 17:45:53.480481 440156 commitment.cpp:363] send back to proxy:1
E20260317 17:45:53.480808 440223 message_manager.cpp:204]  add request fail
E20260317 17:45:53.480592 440122 lock_free_collector_pool.cpp:71]  update:332 seq:332 cap:256 update seq:76
E20260317 17:45:53.480860 440262 message_manager.cpp:188]  seq:76 type:5 has been committed
E20260317 17:45:53.480629 440132 transaction_manager.cpp:91]  execute batch seq:75
E20260317 17:45:53.480902 440199 response_manager.cpp:187]  receive request seq:76 type:7 local id:76
E20260317 17:45:53.480572 440222 checkpoint_manager.cpp:530]  add commited state:76
E20260317 17:45:53.481053 440178 commitment.cpp:363] send back to proxy:1
E20260317 17:45:53.481106 440156 rdma_replica_communicator.cpp:75] [RDMA] send target id=1 ip=128.110.216.196 base_port=26501 rdma_port=26501 payload_bytes=53
E20260317 17:45:53.481148 440288 consensus_manager_pbft.cpp:208] recv impl type:5 sender id:1 seq:76 primary:1 is recovery:0
E20260317 17:45:53.481510 440288 message_manager.cpp:188]  seq:76 type:5 has been committed
E20260317 17:45:53.481338 440134 commitment.cpp:363] send back to proxy:1
E20260317 17:45:53.481428 440178 rdma_replica_communicator.cpp:75] [RDMA] send target id=1 ip=128.110.216.196 base_port=26501 rdma_port=26501 payload_bytes=53
E20260317 17:45:53.481335 440199 response_manager.cpp:214]  get receive count:0 seq:76
E20260317 17:45:53.481716 440199 consensus_manager_pbft.cpp:208] recv impl type:7 sender id:4 seq:76 primary:1 is recovery:0
E20260317 17:45:53.481760 440199 response_manager.cpp:187]  receive request seq:76 type:7 local id:76
E20260317 17:45:53.481802 440199 response_manager.cpp:214]  get receive count:1 seq:76
E20260317 17:45:53.481912 440199 lock_free_collector_pool.cpp:71]  update:332 seq:332 cap:256 update seq:76
E20260317 17:45:53.481979 440199 response_manager.cpp:227] SendResponseToClient local_id:76 seq:76 proxy_id:1
E20260317 17:45:53.482024 440199 lock_free_collector_pool.cpp:71]  update:332 seq:332 cap:256 update seq:76
E20260317 17:45:53.482151 440199 response_manager.cpp:259] response sent to client local_id:76 seq:76
E20260317 17:45:53.481524 440191 consensus_manager_pbft.cpp:208] recv impl type:7 sender id:3 seq:76 primary:1 is recovery:0
E20260317 17:45:53.482158 440098 consensus_server.cpp:223] Selftest completed request i=74 ret=0 value=light_value
E20260317 17:45:53.482255 440191 response_manager.cpp:187]  receive request seq:76 type:7 local id:76
E20260317 17:45:53.481611 440134 rdma_replica_communicator.cpp:75] [RDMA] send target id=1 ip=128.110.216.196 base_port=26501 rdma_port=26501 payload_bytes=53
E20260317 17:45:54.579274 440098 consensus_server.cpp:291] Self-test passed mode=basic_ring (GET verified, last_value=light_value)
E20260317 17:45:54.579517 440098 consensus_server.cpp:294] RESULT mode=basic_ring num_requests=75 total_time_s=7.99665 throughput_rps=9.37892 avg_us=106618 p50_us=106590 p95_us=107371 p99_us=107502 min_us=105248 max_us=107689 status=OK
E20260317 17:45:57.651386 440099 stats.cpp:474]   req client latency:5.96788e-06","E20260317 17:46:43.011693 440445 consensus_manager_pbft.cpp:208] recv impl type:7 sender id:1 seq:75 primary:1 is recovery:0
E20260317 17:46:43.012090 440516 message_manager.cpp:204]  add request fail
E20260317 17:46:43.016173 440417 rdma_replica_communicator.cpp:75] [RDMA] send target id=1 ip=128.110.216.196 base_port=26501 rdma_port=26501 payload_bytes=53
E20260317 17:46:43.017251 440373 rdma_replica_communicator.cpp:75] [RDMA] send target id=1 ip=128.110.216.196 base_port=26501 rdma_port=26501 payload_bytes=53
E20260317 17:46:43.020752 440444 consensus_manager_pbft.cpp:208] recv impl type:7 sender id:3 seq:75 primary:1 is recovery:0
E20260317 17:46:43.021148 440445 response_manager.cpp:187]  receive request seq:75 type:7 local id:75
E20260317 17:46:43.025678 440443 consensus_manager_pbft.cpp:208] recv impl type:7 sender id:4 seq:75 primary:1 is recovery:0
E20260317 17:46:43.028528 440442 consensus_manager_pbft.cpp:208] recv impl type:7 sender id:2 seq:75 primary:1 is recovery:0
E20260317 17:46:43.028910 440444 response_manager.cpp:187]  receive request seq:75 type:7 local id:75
E20260317 17:46:43.029734 440445 response_manager.cpp:214]  get receive count:0 seq:75
E20260317 17:46:43.030653 440443 response_manager.cpp:187]  receive request seq:75 type:7 local id:75
E20260317 17:46:43.031657 440442 response_manager.cpp:187]  receive request seq:75 type:7 local id:75
E20260317 17:46:43.032475 440444 response_manager.cpp:214]  get receive count:1 seq:75
E20260317 17:46:43.035619 440444 lock_free_collector_pool.cpp:71]  update:331 seq:331 cap:256 update seq:75
E20260317 17:46:43.036515 440444 response_manager.cpp:227] SendResponseToClient local_id:75 seq:75 proxy_id:1
E20260317 17:46:43.037752 440444 lock_free_collector_pool.cpp:71]  update:331 seq:331 cap:256 update seq:75
E20260317 17:46:43.038919 440337 consensus_server.cpp:223] Selftest completed request i=73 ret=0 value=light_value
E20260317 17:46:43.038918 440444 response_manager.cpp:259] response sent to client local_id:75 seq:75
E20260317 17:46:43.039824 440337 consensus_server.cpp:221] Selftest sending request i=74
E20260317 17:46:43.045555 440445 consensus_manager_pbft.cpp:208] recv impl type:2 sender id:0 seq:0 primary:1 is recovery:0
E20260317 17:46:43.146824 440353 response_manager.cpp:327] add context list:0 list size:1 local_id:76
E20260317 17:46:43.147678 440353 rdma_replica_communicator.cpp:75] [RDMA] send target id=1 ip=128.110.216.196 base_port=26501 rdma_port=26501 payload_bytes=82
E20260317 17:46:43.151178 440445 consensus_manager_pbft.cpp:208] recv impl type:14 sender id:1 seq:0 primary:1 is recovery:0
E20260317 17:46:43.151971 440445 rdma_replica_communicator.cpp:75] [RDMA] send target id=1 ip=128.110.216.196 base_port=26501 rdma_port=26501 payload_bytes=89
E20260317 17:46:43.152762 440445 rdma_replica_communicator.cpp:75] [RDMA] send target id=2 ip=128.110.216.196 base_port=26502 rdma_port=26502 payload_bytes=89
E20260317 17:46:43.155783 440443 consensus_manager_pbft.cpp:208] recv impl type:3 sender id:1 seq:76 primary:1 is recovery:0
E20260317 17:46:43.156318 440445 rdma_replica_communicator.cpp:75] [RDMA] send target id=3 ip=128.110.216.196 base_port=26503 rdma_port=26503 payload_bytes=89
E20260317 17:46:43.159003 440469 consensus_manager_pbft.cpp:208] recv impl type:3 sender id:1 seq:76 primary:1 is recovery:0
E20260317 17:46:43.159468 440443 rdma_replica_communicator.cpp:75] [RDMA] send target id=1 ip=128.110.216.196 base_port=26501 rdma_port=26501 payload_bytes=51
E20260317 17:46:43.160254 440445 rdma_replica_communicator.cpp:75] [RDMA] send target id=4 ip=128.110.216.196 base_port=26504 rdma_port=26504 payload_bytes=89
E20260317 17:46:43.162736 440493 consensus_manager_pbft.cpp:208] recv impl type:3 sender id:1 seq:76 primary:1 is recovery:0
E20260317 17:46:43.163169 440469 rdma_replica_communicator.cpp:75] [RDMA] send target id=1 ip=128.110.216.196 base_port=26501 rdma_port=26501 payload_bytes=51
E20260317 17:46:43.163949 440443 rdma_replica_communicator.cpp:75] [RDMA] send target id=2 ip=128.110.216.196 base_port=26502 rdma_port=26502 payload_bytes=51
E20260317 17:46:43.166648 440444 consensus_manager_pbft.cpp:208] recv impl type:4 sender id:1 seq:76 primary:1 is recovery:0
E20260317 17:46:43.169384 440517 consensus_manager_pbft.cpp:208] recv impl type:3 sender id:1 seq:76 primary:1 is recovery:0
E20260317 17:46:43.169736 440493 rdma_replica_communicator.cpp:75] [RDMA] send target id=1 ip=128.110.216.196 base_port=26501 rdma_port=26501 payload_bytes=51
E20260317 17:46:43.170701 440469 rdma_replica_communicator.cpp:75] [RDMA] send target id=2 ip=128.110.216.196 base_port=26502 rdma_port=26502 payload_bytes=51
E20260317 17:46:43.173177 440445 consensus_manager_pbft.cpp:208] recv impl type:4 sender id:2 seq:76 primary:1 is recovery:0
E20260317 17:46:43.173594 440443 rdma_replica_communicator.cpp:75] [RDMA] send target id=3 ip=128.110.216.196 base_port=26503 rdma_port=26503 payload_bytes=51
E20260317 17:46:43.176280 440468 consensus_manager_pbft.cpp:208] recv impl type:4 sender id:1 seq:76 primary:1 is recovery:0
E20260317 17:46:43.177558 440517 rdma_replica_communicator.cpp:75] [RDMA] send target id=1 ip=128.110.216.196 base_port=26501 rdma_port=26501 payload_bytes=51
E20260317 17:46:43.178454 440493 rdma_replica_communicator.cpp:75] [RDMA] send target id=2 ip=128.110.216.196 base_port=26502 rdma_port=26502 payload_bytes=51
E20260317 17:46:43.181413 440444 consensus_manager_pbft.cpp:208] recv impl type:4 sender id:3 seq:76 primary:1 is recovery:0
E20260317 17:46:43.182025 440469 rdma_replica_communicator.cpp:75] [RDMA] send target id=3 ip=128.110.216.196 base_port=26503 rdma_port=26503 payload_bytes=51
E20260317 17:46:43.184334 440467 consensus_manager_pbft.cpp:208] recv impl type:4 sender id:2 seq:76 primary:1 is recovery:0
E20260317 17:46:43.185613 440443 rdma_replica_communicator.cpp:75] [RDMA] send target id=4 ip=128.110.216.196 base_port=26504 rdma_port=26504 payload_bytes=51
E20260317 17:46:43.188162 440491 consensus_manager_pbft.cpp:208] recv impl type:4 sender id:1 seq:76 primary:1 is recovery:0
E20260317 17:46:43.189494 440517 rdma_replica_communicator.cpp:75] [RDMA] send target id=2 ip=128.110.216.196 base_port=26502 rdma_port=26502 payload_bytes=51
E20260317 17:46:43.191980 440445 consensus_manager_pbft.cpp:208] recv impl type:4 sender id:4 seq:76 primary:1 is recovery:0
E20260317 17:46:43.192405 440493 rdma_replica_communicator.cpp:75] [RDMA] send target id=3 ip=128.110.216.196 base_port=26503 rdma_port=26503 payload_bytes=51
E20260317 17:46:43.194814 440468 consensus_manager_pbft.cpp:208] recv impl type:4 sender id:3 seq:76 primary:1 is recovery:0
E20260317 17:46:43.195194 440444 checkpoint_manager.cpp:495] get high prepared seq:75
E20260317 17:46:43.196307 440469 rdma_replica_communicator.cpp:75] [RDMA] send target id=4 ip=128.110.216.196 base_port=26504 rdma_port=26504 payload_bytes=51
E20260317 17:46:43.198697 440492 consensus_manager_pbft.cpp:208] recv impl type:4 sender id:2 seq:76 primary:1 is recovery:0
E20260317 17:46:43.202087 440516 consensus_manager_pbft.cpp:208] recv impl type:4 sender id:1 seq:76 primary:1 is recovery:0
E20260317 17:46:43.203174 440517 rdma_replica_communicator.cpp:75] [RDMA] send target id=3 ip=128.110.216.196 base_port=26503 rdma_port=26503 payload_bytes=51
E20260317 17:46:43.205591 440467 consensus_manager_pbft.cpp:208] recv impl type:4 sender id:4 seq:76 primary:1 is recovery:0
E20260317 17:46:43.207011 440493 rdma_replica_communicator.cpp:75] [RDMA] send target id=4 ip=128.110.216.196 base_port=26504 rdma_port=26504 payload_bytes=51
E20260317 17:46:43.209399 440490 consensus_manager_pbft.cpp:208] recv impl type:4 sender id:3 seq:76 primary:1 is recovery:0
E20260317 17:46:43.209872 440468 checkpoint_manager.cpp:495] get high prepared seq:75
E20260317 17:46:43.210909 440444 checkpoint_manager.cpp:500] set high prepared seq:76
E20260317 17:46:43.213801 440515 consensus_manager_pbft.cpp:208] recv impl type:4 sender id:2 seq:76 primary:1 is recovery:0
E20260317 17:46:43.214174 440492 checkpoint_manager.cpp:495] get high prepared seq:75
E20260317 17:46:43.215803 440517 rdma_replica_communicator.cpp:75] [RDMA] send target id=4 ip=128.110.216.196 base_port=26504 rdma_port=26504 payload_bytes=51
E20260317 17:46:43.218007 440491 consensus_manager_pbft.cpp:208] recv impl type:4 sender id:4 seq:76 primary:1 is recovery:0
E20260317 17:46:43.221341 440516 consensus_manager_pbft.cpp:208] recv impl type:4 sender id:3 seq:76 primary:1 is recovery:0
E20260317 17:46:43.222586 440468 checkpoint_manager.cpp:500] set high prepared seq:76
E20260317 17:46:43.223418 440444 rdma_replica_communicator.cpp:75] [RDMA] send target id=1 ip=128.110.216.196 base_port=26501 rdma_port=26501 payload_bytes=53
E20260317 17:46:43.224387 440515 checkpoint_manager.cpp:495] get high prepared seq:75
E20260317 17:46:43.225359 440492 checkpoint_manager.cpp:500] set high prepared seq:76
E20260317 17:46:43.228287 440517 consensus_manager_pbft.cpp:208] recv impl type:4 sender id:4 seq:76 primary:1 is recovery:0
E20260317 17:46:43.230259 440468 rdma_replica_communicator.cpp:75] [RDMA] send target id=1 ip=128.110.216.196 base_port=26501 rdma_port=26501 payload_bytes=53
E20260317 17:46:43.231101 440444 rdma_replica_communicator.cpp:75] [RDMA] send target id=2 ip=128.110.216.196 base_port=26502 rdma_port=26502 payload_bytes=53
E20260317 17:46:43.234163 440445 consensus_manager_pbft.cpp:208] recv impl type:5 sender id:1 seq:76 primary:1 is recovery:0
E20260317 17:46:43.234649 440515 checkpoint_manager.cpp:500] set high prepared seq:76
E20260317 17:46:43.235389 440492 rdma_replica_communicator.cpp:75] [RDMA] send target id=1 ip=128.110.216.196 base_port=26501 rdma_port=26501 payload_bytes=53
E20260317 17:46:43.236891 440468 rdma_replica_communicator.cpp:75] [RDMA] send target id=2 ip=128.110.216.196 base_port=26502 rdma_port=26502 payload_bytes=53
E20260317 17:46:43.239959 440443 consensus_manager_pbft.cpp:208] recv impl type:5 sender id:2 seq:76 primary:1 is recovery:0
E20260317 17:46:43.240347 440444 rdma_replica_communicator.cpp:75] [RDMA] send target id=3 ip=128.110.216.196 base_port=26503 rdma_port=26503 payload_bytes=53
E20260317 17:46:43.243045 440469 consensus_manager_pbft.cpp:208] recv impl type:5 sender id:1 seq:76 primary:1 is recovery:0
E20260317 17:46:43.244596 440515 rdma_replica_communicator.cpp:75] [RDMA] send target id=1 ip=128.110.216.196 base_port=26501 rdma_port=26501 payload_bytes=53
E20260317 17:46:43.245447 440492 rdma_replica_communicator.cpp:75] [RDMA] send target id=2 ip=128.110.216.196 base_port=26502 rdma_port=26502 payload_bytes=53
E20260317 17:46:43.247892 440445 consensus_manager_pbft.cpp:208] recv impl type:5 sender id:3 seq:76 primary:1 is recovery:0
E20260317 17:46:43.248265 440468 rdma_replica_communicator.cpp:75] [RDMA] send target id=3 ip=128.110.216.196 base_port=26503 rdma_port=26503 payload_bytes=53
E20260317 17:46:43.262370 440339 lock_free_collector_pool.cpp:71]  update:332 seq:332 cap:256 update seq:76
E20260317 17:46:43.265118 440491 consensus_manager_pbft.cpp:208] recv impl type:5 sender id:2 seq:76 primary:1 is recovery:0
E20260317 17:46:43.254185 440493 consensus_manager_pbft.cpp:208] recv impl type:5 sender id:1 seq:76 primary:1 is recovery:0
E20260317 17:46:43.255384 440515 rdma_replica_communicator.cpp:75] [RDMA] send target id=2 ip=128.110.216.196 base_port=26502 rdma_port=26502 payload_bytes=53
E20260317 17:46:43.258226 440443 consensus_manager_pbft.cpp:208] recv impl type:5 sender id:4 seq:76 primary:1 is recovery:0
E20260317 17:46:43.258738 440492 rdma_replica_communicator.cpp:75] [RDMA] send target id=3 ip=128.110.216.196 base_port=26503 rdma_port=26503 payload_bytes=53
E20260317 17:46:43.261026 440469 consensus_manager_pbft.cpp:208] recv impl type:5 sender id:3 seq:76 primary:1 is recovery:0
E20260317 17:46:43.261606 440445 checkpoint_manager.cpp:530]  add commited state:76
E20260317 17:46:43.250686 440467 consensus_manager_pbft.cpp:208] recv impl type:5 sender id:2 seq:76 primary:1 is recovery:0
E20260317 17:46:43.262588 440349 transaction_manager.cpp:91]  execute batch seq:75
E20260317 17:46:43.262814 440468 rdma_replica_communicator.cpp:75] [RDMA] send target id=4 ip=128.110.216.196 base_port=26504 rdma_port=26504 payload_bytes=53
E20260317 17:46:43.251852 440444 rdma_replica_communicator.cpp:75] [RDMA] send target id=4 ip=128.110.216.196 base_port=26504 rdma_port=26504 payload_bytes=53
E20260317 17:46:43.280413 440516 consensus_manager_pbft.cpp:208] recv impl type:5 sender id:2 seq:76 primary:1 is recovery:0
E20260317 17:46:43.270004 440466 consensus_manager_pbft.cpp:208] recv impl type:5 sender id:4 seq:76 primary:1 is recovery:0
E20260317 17:46:43.270408 440443 message_manager.cpp:204]  add request fail
E20260317 17:46:43.271209 440492 rdma_replica_communicator.cpp:75] [RDMA] send target id=4 ip=128.110.216.196 base_port=26504 rdma_port=26504 payload_bytes=53
E20260317 17:46:43.273494 440493 consensus_manager_pbft.cpp:208] recv impl type:5 sender id:3 seq:76 primary:1 is recovery:0
E20260317 17:46:43.275682 440467 checkpoint_manager.cpp:530]  add commited state:76
E20260317 17:46:43.289317 440393 transaction_manager.cpp:91]  execute batch seq:75
E20260317 17:46:43.276603 440371 transaction_manager.cpp:91]  execute batch seq:75
E20260317 17:46:43.277657 440351 commitment.cpp:363] send back to proxy:1
E20260317 17:46:43.267823 440515 rdma_replica_communicator.cpp:75] [RDMA] send target id=3 ip=128.110.216.196 base_port=26503 rdma_port=26503 payload_bytes=53
E20260317 17:46:43.283205 440517 consensus_manager_pbft.cpp:208] recv impl type:5 sender id:1 seq:76 primary:1 is recovery:0
E20260317 17:46:43.284422 440466 message_manager.cpp:204]  add request fail
E20260317 17:46:43.288080 440516 consensus_manager_pbft.cpp:208] recv impl type:5 sender id:3 seq:76 primary:1 is recovery:0
E20260317 17:46:43.288586 440493 checkpoint_manager.cpp:530]  add commited state:76
E20260317 17:46:43.298856 440405 lock_free_collector_pool.cpp:71]  update:332 seq:332 cap:256 update seq:76
E20260317 17:46:43.276029 440361 lock_free_collector_pool.cpp:71]  update:332 seq:332 cap:256 update seq:76
E20260317 17:46:43.290921 440395 commitment.cpp:363] send back to proxy:1
E20260317 17:46:43.292052 440373 commitment.cpp:363] send back to proxy:1
E20260317 17:46:43.292562 440351 rdma_replica_communicator.cpp:75] [RDMA] send target id=1 ip=128.110.216.196 base_port=26501 rdma_port=26501 payload_bytes=53
E20260317 17:46:43.293452 440515 rdma_replica_communicator.cpp:75] [RDMA] send target id=4 ip=128.110.216.196 base_port=26504 rdma_port=26504 payload_bytes=53
E20260317 17:46:43.295840 440492 consensus_manager_pbft.cpp:208] recv impl type:5 sender id:4 seq:76 primary:1 is recovery:0
E20260317 17:46:43.298142 440516 checkpoint_manager.cpp:530]  add commited state:76
E20260317 17:46:43.299046 440414 transaction_manager.cpp:91]  execute batch seq:75
E20260317 17:46:43.289119 440383 lock_free_collector_pool.cpp:71]  update:332 seq:332 cap:256 update seq:76
E20260317 17:46:43.301766 440395 rdma_replica_communicator.cpp:75] [RDMA] send target id=1 ip=128.110.216.196 base_port=26501 rdma_port=26501 payload_bytes=53
E20260317 17:46:43.302636 440373 rdma_replica_communicator.cpp:75] [RDMA] send target id=1 ip=128.110.216.196 base_port=26501 rdma_port=26501 payload_bytes=53
E20260317 17:46:43.306332 440445 consensus_manager_pbft.cpp:208] recv impl type:7 sender id:1 seq:76 primary:1 is recovery:0
E20260317 17:46:43.308866 440517 consensus_manager_pbft.cpp:208] recv impl type:5 sender id:4 seq:76 primary:1 is recovery:0
E20260317 17:46:43.309331 440492 message_manager.cpp:188]  seq:76 type:5 has been committed
E20260317 17:46:43.311483 440417 commitment.cpp:363] send back to proxy:1
E20260317 17:46:43.315558 440444 consensus_manager_pbft.cpp:208] recv impl type:7 sender id:3 seq:76 primary:1 is recovery:0
E20260317 17:46:43.318707 440443 consensus_manager_pbft.cpp:208] recv impl type:7 sender id:2 seq:76 primary:1 is recovery:0
E20260317 17:46:43.319141 440445 response_manager.cpp:187]  receive request seq:76 type:7 local id:76
E20260317 17:46:43.319963 440517 message_manager.cpp:188]  seq:76 type:5 has been committed
E20260317 17:46:43.321691 440417 rdma_replica_communicator.cpp:75] [RDMA] send target id=1 ip=128.110.216.196 base_port=26501 rdma_port=26501 payload_bytes=53
E20260317 17:46:43.322594 440444 response_manager.cpp:187]  receive request seq:76 type:7 local id:76
E20260317 17:46:43.323469 440443 response_manager.cpp:187]  receive request seq:76 type:7 local id:76
E20260317 17:46:43.324369 440445 response_manager.cpp:214]  get receive count:0 seq:76
E20260317 17:46:43.328732 440442 consensus_manager_pbft.cpp:208] recv impl type:7 sender id:4 seq:76 primary:1 is recovery:0
E20260317 17:46:43.329128 440444 response_manager.cpp:214]  get receive count:1 seq:76
E20260317 17:46:43.331526 440442 response_manager.cpp:187]  receive request seq:76 type:7 local id:76
E20260317 17:46:43.332345 440444 lock_free_collector_pool.cpp:71]  update:332 seq:332 cap:256 update seq:76
E20260317 17:46:43.334312 440444 response_manager.cpp:227] SendResponseToClient local_id:76 seq:76 proxy_id:1
E20260317 17:46:43.335095 440444 lock_free_collector_pool.cpp:71]  update:332 seq:332 cap:256 update seq:76
E20260317 17:46:43.336201 440444 response_manager.cpp:259] response sent to client local_id:76 seq:76
E20260317 17:46:43.336201 440337 consensus_server.cpp:223] Selftest completed request i=74 ret=0 value=light_value
E20260317 17:46:44.338863 440337 consensus_server.cpp:291] Self-test passed mode=basic_ring (GET verified, last_value=light_value)
E20260317 17:46:44.339511 440337 consensus_server.cpp:294] RESULT mode=basic_ring num_requests=75 total_time_s=22.3603 throughput_rps=3.35416 avg_us=298133 p50_us=298038 p95_us=301580 p99_us=303685 min_us=293754 max_us=309390 status=OK
E20260317 17:46:47.807677 440338 stats.cpp:474]   req client latency:0.000188291
% time     seconds  usecs/call     calls    errors syscall
------ ----------- ----------- --------- --------- ------------------
 89.45  646.201398        3257    198373     59912 futex
  3.00   21.653945        3117      6945           clock_nanosleep
  2.28   16.494167     2061770         8           epoll_pwait
  2.24   16.181873       15771      1026           ppoll
  2.19   15.813922      101371       156        80 accept
  0.52    3.733815       12282       304           recvfrom
  0.14    1.027942          35     29213         4 write
  0.09    0.622755          48     12773           gettid
  0.08    0.584656          20     28452           getpid
  0.00    0.024320          23      1049           mprotect
  0.00    0.019744          87       226           close
  0.00    0.015062          20       751           rt_sigprocmask
  0.00    0.014128          76       185           clone
  0.00    0.012399          39       312           sendto
  0.00    0.011765         152        77         1 connect
  0.00    0.008267          44       185           madvise
  0.00    0.007717          16       468         1 ioctl
  0.00    0.005688          13       425           mmap
  0.00    0.004725          16       287           munmap
  0.00    0.003532          18       186           rseq
  0.00    0.003476          18       186           set_robust_list
  0.00    0.003201           7       408           brk
  0.00    0.001084          15        68         2 openat
  0.00    0.000540           6        88         1 newfstatat
  0.00    0.000344          12        28           recvmsg
  0.00    0.000341           3        95           setsockopt
  0.00    0.000296           3        92           socket
  0.00    0.000265           4        55           read
  0.00    0.000116           7        16           epoll_ctl
  0.00    0.000072           5        14           bind
  0.00    0.000064          16         4           lseek
  0.00    0.000049          16         3         3 unlinkat
  0.00    0.000044           7         6           fcntl
  0.00    0.000037          12         3         3 symlinkat
  0.00    0.000036           4         8           listen
  0.00    0.000031           7         4           eventfd2
  0.00    0.000031           5         6           getsockname
  0.00    0.000030           7         4           uname
  0.00    0.000026          13         2           getdents64
  0.00    0.000017          17         1           sched_getaffinity
  0.00    0.000013           3         4           timerfd_create
  0.00    0.000012           3         4           epoll_create1
  0.00    0.000002           1         2           getuid
  0.00    0.000002           0         3           geteuid
  0.00    0.000000           0         1         1 faccessat
  0.00    0.000000           0         1           set_tid_address
  0.00    0.000000           0        15           rt_sigaction
  0.00    0.000000           0         3           sendmsg
  0.00    0.000000           0         1           execve
  0.00    0.000000           0         2           prlimit64
  0.00    0.000000           0         1           getrandom
------ ----------- ----------- --------- --------- ------------------
100.00  722.451949        2557    282529     60008 total",
2026-03-17T17:48:33,basic_ring,128.110.216.196,26500,75,2,0,35.081999160931446,5.70695e-06,basic_ring,basic_ring,75,7.99747,9.37796,106629.0,106586.0,107415.0,107501.0,105384.0,113263.0,OK,"NO shared receive
>>>>>>>> post recvs
connect request had data with it: 56 bytes
>>>>>>>> post recvs
[BasicServer] accepted client 2
NO shared receive
>>>>>>>> post recvs
connect request had data with it: 56 bytes
>>>>>>>> post recvs
[BasicServer] accepted client 2
NO shared receive
>>>>>>>> post recvs
connect request had data with it: 56 bytes
>>>>>>>> post recvs
[BasicServer] accepted client 2
NO shared receive
>>>>>>>> post recvs
connect request had data with it: 56 bytes
>>>>>>>> post recvs
[BasicServer] accepted client 2
NO shared receive
>>>>>>>> post recvs
connect request had data with it: 56 bytes
>>>>>>>> post recvs
[BasicServer] accepted client 3
NO shared receive
>>>>>>>> post recvs
connect request had data with it: 56 bytes
>>>>>>>> post recvs
[BasicServer] accepted client 3
NO shared receive
>>>>>>>> post recvs
connect request had data with it: 56 bytes
>>>>>>>> post recvs
[BasicServer] accepted client 3
NO shared receive
>>>>>>>> post recvs
connect request had data with it: 56 bytes
>>>>>>>> post recvs
[BasicServer] accepted client 3","E20260317 17:47:18.737759 440687 rdma_replica_communicator.cpp:75] [RDMA] send target id=4 ip=128.110.216.196 base_port=26504 rdma_port=26504 payload_bytes=53
E20260317 17:47:18.737833 440696 consensus_manager_pbft.cpp:208] recv impl type:5 sender id:3 seq:76 primary:1 is recovery:0
E20260317 17:47:18.738255 440696 message_manager.cpp:204]  add request fail
E20260317 17:47:18.736737 440653 rdma_replica_communicator.cpp:75] [RDMA] send target id=4 ip=128.110.216.196 base_port=26504 rdma_port=26504 payload_bytes=53
E20260317 17:47:18.737949 440692 checkpoint_manager.cpp:530]  add commited state:76
E20260317 17:47:18.737960 440558 transaction_manager.cpp:91]  execute batch seq:75
E20260317 17:47:18.737977 440578 lock_free_collector_pool.cpp:71]  update:332 seq:332 cap:256 update seq:76
E20260317 17:47:18.737090 440662 consensus_manager_pbft.cpp:208] recv impl type:5 sender id:1 seq:76 primary:1 is recovery:0
E20260317 17:47:18.738014 440634 response_manager.cpp:187]  receive request seq:76 type:7 local id:76
E20260317 17:47:18.737540 440716 consensus_manager_pbft.cpp:208] recv impl type:5 sender id:1 seq:76 primary:1 is recovery:0
E20260317 17:47:18.738096 440590 commitment.cpp:363] send back to proxy:1
E20260317 17:47:18.738281 440721 consensus_manager_pbft.cpp:208] recv impl type:5 sender id:3 seq:76 primary:1 is recovery:0
E20260317 17:47:18.737905 440556 lock_free_collector_pool.cpp:71]  update:332 seq:332 cap:256 update seq:76
E20260317 17:47:18.738749 440600 lock_free_collector_pool.cpp:71]  update:332 seq:332 cap:256 update seq:76
E20260317 17:47:18.738488 440568 commitment.cpp:363] send back to proxy:1
E20260317 17:47:18.738533 440662 message_manager.cpp:188]  seq:76 type:5 has been committed
E20260317 17:47:18.738574 440634 response_manager.cpp:214]  get receive count:0 seq:76
E20260317 17:47:18.738662 440590 rdma_replica_communicator.cpp:75] [RDMA] send target id=1 ip=128.110.216.196 base_port=26501 rdma_port=26501 payload_bytes=53
E20260317 17:47:18.738713 440721 checkpoint_manager.cpp:530]  add commited state:76
E20260317 17:47:18.738762 440610 transaction_manager.cpp:91]  execute batch seq:75
E20260317 17:47:18.739035 440634 consensus_manager_pbft.cpp:208] recv impl type:7 sender id:3 seq:76 primary:1 is recovery:0
E20260317 17:47:18.738423 440723 consensus_manager_pbft.cpp:208] recv impl type:5 sender id:2 seq:76 primary:1 is recovery:0
E20260317 17:47:18.739086 440634 response_manager.cpp:187]  receive request seq:76 type:7 local id:76
E20260317 17:47:18.739089 440612 commitment.cpp:363] send back to proxy:1
E20260317 17:47:18.738854 440568 rdma_replica_communicator.cpp:75] [RDMA] send target id=1 ip=128.110.216.196 base_port=26501 rdma_port=26501 payload_bytes=53
E20260317 17:47:18.739125 440723 message_manager.cpp:188]  seq:76 type:5 has been committed
E20260317 17:47:18.739326 440628 consensus_manager_pbft.cpp:208] recv impl type:7 sender id:2 seq:76 primary:1 is recovery:0
E20260317 17:47:18.739223 440612 rdma_replica_communicator.cpp:75] [RDMA] send target id=1 ip=128.110.216.196 base_port=26501 rdma_port=26501 payload_bytes=53
E20260317 17:47:18.739169 440634 response_manager.cpp:214]  get receive count:1 seq:76
E20260317 17:47:18.739465 440634 lock_free_collector_pool.cpp:71]  update:332 seq:332 cap:256 update seq:76
E20260317 17:47:18.739476 440627 consensus_manager_pbft.cpp:208] recv impl type:7 sender id:4 seq:76 primary:1 is recovery:0
E20260317 17:47:18.739607 440627 response_manager.cpp:187]  receive request seq:76 type:7 local id:76
E20260317 17:47:18.739373 440628 response_manager.cpp:187]  receive request seq:76 type:7 local id:76
E20260317 17:47:18.739565 440634 response_manager.cpp:227] SendResponseToClient local_id:76 seq:76 proxy_id:1
E20260317 17:47:18.739723 440634 lock_free_collector_pool.cpp:71]  update:332 seq:332 cap:256 update seq:76
E20260317 17:47:18.739838 440634 response_manager.cpp:259] response sent to client local_id:76 seq:76
E20260317 17:47:18.739847 440532 consensus_server.cpp:223] Selftest completed request i=74 ret=0 value=light_value
E20260317 17:47:19.827394 440532 consensus_server.cpp:291] Self-test passed mode=basic_ring (GET verified, last_value=light_value)
E20260317 17:47:19.827836 440532 consensus_server.cpp:294] RESULT mode=basic_ring num_requests=75 total_time_s=7.99747 throughput_rps=9.37796 avg_us=106629 p50_us=106586 p95_us=107415 p99_us=107501 min_us=105384 max_us=113263 status=OK
E20260317 17:47:22.905917 440533 stats.cpp:474]   req client latency:6.77488e-06","E20260317 17:48:08.252590 440800 rdma_replica_communicator.cpp:75] [RDMA] send target id=1 ip=128.110.216.196 base_port=26501 rdma_port=26501 payload_bytes=53
E20260317 17:48:08.253427 440850 response_manager.cpp:187]  receive request seq:75 type:7 local id:75
E20260317 17:48:08.264495 440849 consensus_manager_pbft.cpp:208] recv impl type:7 sender id:3 seq:75 primary:1 is recovery:0
E20260317 17:48:08.257236 440822 commitment.cpp:363] send back to proxy:1
E20260317 17:48:08.260923 440836 consensus_manager_pbft.cpp:208] recv impl type:7 sender id:2 seq:75 primary:1 is recovery:0
E20260317 17:48:08.254200 440920 message_manager.cpp:204]  add request fail
E20260317 17:48:08.264793 440850 response_manager.cpp:214]  get receive count:0 seq:75
E20260317 17:48:08.265635 440849 response_manager.cpp:187]  receive request seq:75 type:7 local id:75
E20260317 17:48:08.266609 440822 rdma_replica_communicator.cpp:75] [RDMA] send target id=1 ip=128.110.216.196 base_port=26501 rdma_port=26501 payload_bytes=53
E20260317 17:48:08.267365 440836 response_manager.cpp:187]  receive request seq:75 type:7 local id:75
E20260317 17:48:08.270081 440849 response_manager.cpp:214]  get receive count:1 seq:75
E20260317 17:48:08.273527 440850 consensus_manager_pbft.cpp:208] recv impl type:7 sender id:4 seq:75 primary:1 is recovery:0
E20260317 17:48:08.274847 440849 lock_free_collector_pool.cpp:71]  update:331 seq:331 cap:256 update seq:75
E20260317 17:48:08.275681 440850 response_manager.cpp:187]  receive request seq:75 type:7 local id:75
E20260317 17:48:08.276485 440849 response_manager.cpp:227] SendResponseToClient local_id:75 seq:75 proxy_id:1
E20260317 17:48:08.278080 440849 lock_free_collector_pool.cpp:71]  update:331 seq:331 cap:256 update seq:75
E20260317 17:48:08.279178 440742 consensus_server.cpp:223] Selftest completed request i=73 ret=0 value=light_value
E20260317 17:48:08.279184 440849 response_manager.cpp:259] response sent to client local_id:75 seq:75
E20260317 17:48:08.280164 440742 consensus_server.cpp:221] Selftest sending request i=74
E20260317 17:48:08.285542 440850 consensus_manager_pbft.cpp:208] recv impl type:2 sender id:0 seq:0 primary:1 is recovery:0
E20260317 17:48:08.386811 440758 response_manager.cpp:327] add context list:0 list size:1 local_id:76
E20260317 17:48:08.387625 440758 rdma_replica_communicator.cpp:75] [RDMA] send target id=1 ip=128.110.216.196 base_port=26501 rdma_port=26501 payload_bytes=82
E20260317 17:48:08.391263 440850 consensus_manager_pbft.cpp:208] recv impl type:14 sender id:1 seq:0 primary:1 is recovery:0
E20260317 17:48:08.392055 440850 rdma_replica_communicator.cpp:75] [RDMA] send target id=1 ip=128.110.216.196 base_port=26501 rdma_port=26501 payload_bytes=89
E20260317 17:48:08.392853 440850 rdma_replica_communicator.cpp:75] [RDMA] send target id=2 ip=128.110.216.196 base_port=26502 rdma_port=26502 payload_bytes=89
E20260317 17:48:08.395591 440849 consensus_manager_pbft.cpp:208] recv impl type:3 sender id:1 seq:76 primary:1 is recovery:0
E20260317 17:48:08.396194 440850 rdma_replica_communicator.cpp:75] [RDMA] send target id=3 ip=128.110.216.196 base_port=26503 rdma_port=26503 payload_bytes=89
E20260317 17:48:08.398852 440874 consensus_manager_pbft.cpp:208] recv impl type:3 sender id:1 seq:76 primary:1 is recovery:0
E20260317 17:48:08.399283 440849 rdma_replica_communicator.cpp:75] [RDMA] send target id=1 ip=128.110.216.196 base_port=26501 rdma_port=26501 payload_bytes=51
E20260317 17:48:08.400153 440850 rdma_replica_communicator.cpp:75] [RDMA] send target id=4 ip=128.110.216.196 base_port=26504 rdma_port=26504 payload_bytes=89
E20260317 17:48:08.402704 440898 consensus_manager_pbft.cpp:208] recv impl type:3 sender id:1 seq:76 primary:1 is recovery:0
E20260317 17:48:08.403218 440874 rdma_replica_communicator.cpp:75] [RDMA] send target id=1 ip=128.110.216.196 base_port=26501 rdma_port=26501 payload_bytes=51
E20260317 17:48:08.404007 440849 rdma_replica_communicator.cpp:75] [RDMA] send target id=2 ip=128.110.216.196 base_port=26502 rdma_port=26502 payload_bytes=51
E20260317 17:48:08.406876 440848 consensus_manager_pbft.cpp:208] recv impl type:4 sender id:1 seq:76 primary:1 is recovery:0
E20260317 17:48:08.409689 440922 consensus_manager_pbft.cpp:208] recv impl type:3 sender id:1 seq:76 primary:1 is recovery:0
E20260317 17:48:08.410370 440898 rdma_replica_communicator.cpp:75] [RDMA] send target id=1 ip=128.110.216.196 base_port=26501 rdma_port=26501 payload_bytes=51
E20260317 17:48:08.411217 440874 rdma_replica_communicator.cpp:75] [RDMA] send target id=2 ip=128.110.216.196 base_port=26502 rdma_port=26502 payload_bytes=51
E20260317 17:48:08.413851 440850 consensus_manager_pbft.cpp:208] recv impl type:4 sender id:2 seq:76 primary:1 is recovery:0
E20260317 17:48:08.414462 440849 rdma_replica_communicator.cpp:75] [RDMA] send target id=3 ip=128.110.216.196 base_port=26503 rdma_port=26503 payload_bytes=51
E20260317 17:48:08.417038 440873 consensus_manager_pbft.cpp:208] recv impl type:4 sender id:1 seq:76 primary:1 is recovery:0
E20260317 17:48:08.418272 440922 rdma_replica_communicator.cpp:75] [RDMA] send target id=1 ip=128.110.216.196 base_port=26501 rdma_port=26501 payload_bytes=51
E20260317 17:48:08.419121 440898 rdma_replica_communicator.cpp:75] [RDMA] send target id=2 ip=128.110.216.196 base_port=26502 rdma_port=26502 payload_bytes=51
E20260317 17:48:08.421631 440848 consensus_manager_pbft.cpp:208] recv impl type:4 sender id:3 seq:76 primary:1 is recovery:0
E20260317 17:48:08.422107 440874 rdma_replica_communicator.cpp:75] [RDMA] send target id=3 ip=128.110.216.196 base_port=26503 rdma_port=26503 payload_bytes=51
E20260317 17:48:08.424628 440872 consensus_manager_pbft.cpp:208] recv impl type:4 sender id:2 seq:76 primary:1 is recovery:0
E20260317 17:48:08.426060 440849 rdma_replica_communicator.cpp:75] [RDMA] send target id=4 ip=128.110.216.196 base_port=26504 rdma_port=26504 payload_bytes=51
E20260317 17:48:08.428493 440897 consensus_manager_pbft.cpp:208] recv impl type:4 sender id:1 seq:76 primary:1 is recovery:0
E20260317 17:48:08.429725 440922 rdma_replica_communicator.cpp:75] [RDMA] send target id=2 ip=128.110.216.196 base_port=26502 rdma_port=26502 payload_bytes=51
E20260317 17:48:08.432286 440850 consensus_manager_pbft.cpp:208] recv impl type:4 sender id:4 seq:76 primary:1 is recovery:0
E20260317 17:48:08.432690 440898 rdma_replica_communicator.cpp:75] [RDMA] send target id=3 ip=128.110.216.196 base_port=26503 rdma_port=26503 payload_bytes=51
E20260317 17:48:08.435009 440873 consensus_manager_pbft.cpp:208] recv impl type:4 sender id:3 seq:76 primary:1 is recovery:0
E20260317 17:48:08.435465 440848 checkpoint_manager.cpp:495] get high prepared seq:75
E20260317 17:48:08.436297 440874 rdma_replica_communicator.cpp:75] [RDMA] send target id=4 ip=128.110.216.196 base_port=26504 rdma_port=26504 payload_bytes=51
E20260317 17:48:08.438714 440896 consensus_manager_pbft.cpp:208] recv impl type:4 sender id:2 seq:76 primary:1 is recovery:0
E20260317 17:48:08.442459 440921 consensus_manager_pbft.cpp:208] recv impl type:4 sender id:1 seq:76 primary:1 is recovery:0
E20260317 17:48:08.443632 440922 rdma_replica_communicator.cpp:75] [RDMA] send target id=3 ip=128.110.216.196 base_port=26503 rdma_port=26503 payload_bytes=51
E20260317 17:48:08.446136 440872 consensus_manager_pbft.cpp:208] recv impl type:4 sender id:4 seq:76 primary:1 is recovery:0
E20260317 17:48:08.447326 440898 rdma_replica_communicator.cpp:75] [RDMA] send target id=4 ip=128.110.216.196 base_port=26504 rdma_port=26504 payload_bytes=51
E20260317 17:48:08.449549 440897 consensus_manager_pbft.cpp:208] recv impl type:4 sender id:3 seq:76 primary:1 is recovery:0
E20260317 17:48:08.450037 440873 checkpoint_manager.cpp:495] get high prepared seq:75
E20260317 17:48:08.451279 440848 checkpoint_manager.cpp:500] set high prepared seq:76
E20260317 17:48:08.454260 440920 consensus_manager_pbft.cpp:208] recv impl type:4 sender id:2 seq:76 primary:1 is recovery:0
E20260317 17:48:08.454617 440896 checkpoint_manager.cpp:495] get high prepared seq:75
E20260317 17:48:08.456357 440922 rdma_replica_communicator.cpp:75] [RDMA] send target id=4 ip=128.110.216.196 base_port=26504 rdma_port=26504 payload_bytes=51
E20260317 17:48:08.458520 440895 consensus_manager_pbft.cpp:208] recv impl type:4 sender id:4 seq:76 primary:1 is recovery:0
E20260317 17:48:08.461859 440921 consensus_manager_pbft.cpp:208] recv impl type:4 sender id:3 seq:76 primary:1 is recovery:0
E20260317 17:48:08.463194 440873 checkpoint_manager.cpp:500] set high prepared seq:76
E20260317 17:48:08.463940 440848 rdma_replica_communicator.cpp:75] [RDMA] send target id=1 ip=128.110.216.196 base_port=26501 rdma_port=26501 payload_bytes=53
E20260317 17:48:08.464731 440920 checkpoint_manager.cpp:495] get high prepared seq:75
E20260317 17:48:08.465814 440896 checkpoint_manager.cpp:500] set high prepared seq:76
E20260317 17:48:08.466909 440922 consensus_manager_pbft.cpp:208] recv impl type:4 sender id:4 seq:76 primary:1 is recovery:0
E20260317 17:48:08.470752 440873 rdma_replica_communicator.cpp:75] [RDMA] send target id=1 ip=128.110.216.196 base_port=26501 rdma_port=26501 payload_bytes=53
E20260317 17:48:08.471623 440848 rdma_replica_communicator.cpp:75] [RDMA] send target id=2 ip=128.110.216.196 base_port=26502 rdma_port=26502 payload_bytes=53
E20260317 17:48:08.474490 440850 consensus_manager_pbft.cpp:208] recv impl type:5 sender id:1 seq:76 primary:1 is recovery:0
E20260317 17:48:08.475064 440920 checkpoint_manager.cpp:500] set high prepared seq:76
E20260317 17:48:08.475785 440896 rdma_replica_communicator.cpp:75] [RDMA] send target id=1 ip=128.110.216.196 base_port=26501 rdma_port=26501 payload_bytes=53
E20260317 17:48:08.477357 440873 rdma_replica_communicator.cpp:75] [RDMA] send target id=2 ip=128.110.216.196 base_port=26502 rdma_port=26502 payload_bytes=53
E20260317 17:48:08.479957 440849 consensus_manager_pbft.cpp:208] recv impl type:5 sender id:2 seq:76 primary:1 is recovery:0
E20260317 17:48:08.480456 440848 rdma_replica_communicator.cpp:75] [RDMA] send target id=3 ip=128.110.216.196 base_port=26503 rdma_port=26503 payload_bytes=53
E20260317 17:48:08.482969 440874 consensus_manager_pbft.cpp:208] recv impl type:5 sender id:1 seq:76 primary:1 is recovery:0
E20260317 17:48:08.484505 440920 rdma_replica_communicator.cpp:75] [RDMA] send target id=1 ip=128.110.216.196 base_port=26501 rdma_port=26501 payload_bytes=53
E20260317 17:48:08.485351 440896 rdma_replica_communicator.cpp:75] [RDMA] send target id=2 ip=128.110.216.196 base_port=26502 rdma_port=26502 payload_bytes=53
E20260317 17:48:08.487829 440850 consensus_manager_pbft.cpp:208] recv impl type:5 sender id:3 seq:76 primary:1 is recovery:0
E20260317 17:48:08.488209 440873 rdma_replica_communicator.cpp:75] [RDMA] send target id=3 ip=128.110.216.196 base_port=26503 rdma_port=26503 payload_bytes=53
E20260317 17:48:08.502580 440744 lock_free_collector_pool.cpp:71]  update:332 seq:332 cap:256 update seq:76
E20260317 17:48:08.505693 440897 consensus_manager_pbft.cpp:208] recv impl type:5 sender id:2 seq:76 primary:1 is recovery:0
E20260317 17:48:08.494715 440898 consensus_manager_pbft.cpp:208] recv impl type:5 sender id:1 seq:76 primary:1 is recovery:0
E20260317 17:48:08.496022 440920 rdma_replica_communicator.cpp:75] [RDMA] send target id=2 ip=128.110.216.196 base_port=26502 rdma_port=26502 payload_bytes=53
E20260317 17:48:08.498526 440849 consensus_manager_pbft.cpp:208] recv impl type:5 sender id:4 seq:76 primary:1 is recovery:0
E20260317 17:48:08.498934 440896 rdma_replica_communicator.cpp:75] [RDMA] send target id=3 ip=128.110.216.196 base_port=26503 rdma_port=26503 payload_bytes=53
E20260317 17:48:08.501255 440874 consensus_manager_pbft.cpp:208] recv impl type:5 sender id:3 seq:76 primary:1 is recovery:0
E20260317 17:48:08.501814 440850 checkpoint_manager.cpp:530]  add commited state:76
E20260317 17:48:08.490808 440872 consensus_manager_pbft.cpp:208] recv impl type:5 sender id:2 seq:76 primary:1 is recovery:0
E20260317 17:48:08.502804 440753 transaction_manager.cpp:91]  execute batch seq:75
E20260317 17:48:08.518076 440773 transaction_manager.cpp:91]  execute batch seq:75
E20260317 17:48:08.492228 440848 rdma_replica_communicator.cpp:75] [RDMA] send target id=4 ip=128.110.216.196 base_port=26504 rdma_port=26504 payload_bytes=53
E20260317 17:48:08.508476 440920 rdma_replica_communicator.cpp:75] [RDMA] send target id=3 ip=128.110.216.196 base_port=26503 rdma_port=26503 payload_bytes=53
E20260317 17:48:08.510824 440871 consensus_manager_pbft.cpp:208] recv impl type:5 sender id:4 seq:76 primary:1 is recovery:0
E20260317 17:48:08.511467 440849 message_manager.cpp:204]  add request fail
E20260317 17:48:08.512332 440896 rdma_replica_communicator.cpp:75] [RDMA] send target id=4 ip=128.110.216.196 base_port=26504 rdma_port=26504 payload_bytes=53
E20260317 17:48:08.514716 440898 consensus_manager_pbft.cpp:208] recv impl type:5 sender id:3 seq:76 primary:1 is recovery:0
E20260317 17:48:08.516903 440872 checkpoint_manager.cpp:530]  add commited state:76
E20260317 17:48:08.530934 440788 lock_free_collector_pool.cpp:71]  update:332 seq:332 cap:256 update seq:76
E20260317 17:48:08.517812 440766 lock_free_collector_pool.cpp:71]  update:332 seq:332 cap:256 update seq:76
E20260317 17:48:08.519017 440756 commitment.cpp:363] send back to proxy:1
E20260317 17:48:08.520016 440778 commitment.cpp:363] send back to proxy:1
E20260317 17:48:08.522867 440922 consensus_manager_pbft.cpp:208] recv impl type:5 sender id:1 seq:76 primary:1 is recovery:0
E20260317 17:48:08.523197 440920 rdma_replica_communicator.cpp:75] [RDMA] send target id=4 ip=128.110.216.196 base_port=26504 rdma_port=26504 payload_bytes=53
E20260317 17:48:08.525485 440897 consensus_manager_pbft.cpp:208] recv impl type:5 sender id:4 seq:76 primary:1 is recovery:0
E20260317 17:48:08.526041 440871 message_manager.cpp:204]  add request fail
E20260317 17:48:08.529742 440921 consensus_manager_pbft.cpp:208] recv impl type:5 sender id:3 seq:76 primary:1 is recovery:0
E20260317 17:48:08.530238 440898 checkpoint_manager.cpp:530]  add commited state:76
E20260317 17:48:08.503129 440873 rdma_replica_communicator.cpp:75] [RDMA] send target id=4 ip=128.110.216.196 base_port=26504 rdma_port=26504 payload_bytes=53
E20260317 17:48:08.531117 440796 transaction_manager.cpp:91]  execute batch seq:75
E20260317 17:48:08.533880 440756 rdma_replica_communicator.cpp:75] [RDMA] send target id=1 ip=128.110.216.196 base_port=26501 rdma_port=26501 payload_bytes=53
E20260317 17:48:08.534739 440778 rdma_replica_communicator.cpp:75] [RDMA] send target id=1 ip=128.110.216.196 base_port=26501 rdma_port=26501 payload_bytes=53
E20260317 17:48:08.536685 440920 consensus_manager_pbft.cpp:208] recv impl type:5 sender id:4 seq:76 primary:1 is recovery:0
E20260317 17:48:08.538830 440897 message_manager.cpp:204]  add request fail
E20260317 17:48:08.553645 440820 transaction_manager.cpp:91]  execute batch seq:75
E20260317 17:48:08.545073 440800 commitment.cpp:363] send back to proxy:1
E20260317 17:48:08.548579 440850 consensus_manager_pbft.cpp:208] recv impl type:7 sender id:1 seq:76 primary:1 is recovery:0
E20260317 17:48:08.552016 440849 consensus_manager_pbft.cpp:208] recv impl type:7 sender id:2 seq:76 primary:1 is recovery:0
E20260317 17:48:08.552814 440920 checkpoint_manager.cpp:530]  add commited state:76
E20260317 17:48:08.553318 440810 lock_free_collector_pool.cpp:71]  update:332 seq:332 cap:256 update seq:76
E20260317 17:48:08.544080 440922 consensus_manager_pbft.cpp:208] recv impl type:5 sender id:2 seq:76 primary:1 is recovery:0
E20260317 17:48:08.555128 440822 commitment.cpp:363] send back to proxy:1
E20260317 17:48:08.555650 440800 rdma_replica_communicator.cpp:75] [RDMA] send target id=1 ip=128.110.216.196 base_port=26501 rdma_port=26501 payload_bytes=53
E20260317 17:48:08.556653 440850 response_manager.cpp:187]  receive request seq:76 type:7 local id:76
E20260317 17:48:08.557498 440849 response_manager.cpp:187]  receive request seq:76 type:7 local id:76
E20260317 17:48:08.559933 440922 message_manager.cpp:188]  seq:76 type:5 has been committed
E20260317 17:48:08.560782 440822 rdma_replica_communicator.cpp:75] [RDMA] send target id=1 ip=128.110.216.196 base_port=26501 rdma_port=26501 payload_bytes=53
E20260317 17:48:08.564144 440848 consensus_manager_pbft.cpp:208] recv impl type:7 sender id:3 seq:76 primary:1 is recovery:0
E20260317 17:48:08.570375 440846 consensus_manager_pbft.cpp:208] recv impl type:7 sender id:4 seq:76 primary:1 is recovery:0
E20260317 17:48:08.565598 440849 response_manager.cpp:214]  get receive count:1 seq:76
E20260317 17:48:08.564625 440850 response_manager.cpp:214]  get receive count:0 seq:76
E20260317 17:48:08.570721 440848 response_manager.cpp:187]  receive request seq:76 type:7 local id:76
E20260317 17:48:08.571520 440846 response_manager.cpp:187]  receive request seq:76 type:7 local id:76
E20260317 17:48:08.572459 440849 lock_free_collector_pool.cpp:71]  update:332 seq:332 cap:256 update seq:76
E20260317 17:48:08.575984 440849 response_manager.cpp:227] SendResponseToClient local_id:76 seq:76 proxy_id:1
E20260317 17:48:08.576830 440849 lock_free_collector_pool.cpp:71]  update:332 seq:332 cap:256 update seq:76
E20260317 17:48:08.578081 440742 consensus_server.cpp:223] Selftest completed request i=74 ret=0 value=light_value
E20260317 17:48:08.578094 440849 response_manager.cpp:259] response sent to client local_id:76 seq:76
E20260317 17:48:09.581557 440742 consensus_server.cpp:291] Self-test passed mode=basic_ring (GET verified, last_value=light_value)
E20260317 17:48:09.582051 440742 consensus_server.cpp:294] RESULT mode=basic_ring num_requests=75 total_time_s=22.3648 throughput_rps=3.35348 avg_us=298193 p50_us=298109 p95_us=301383 p99_us=302415 min_us=291764 max_us=302977 status=OK
E20260317 17:48:13.048826 440743 stats.cpp:474]   req client latency:0.00018915
% time     seconds  usecs/call     calls    errors syscall
------ ----------- ----------- --------- --------- ------------------
 89.43  653.863426        3300    198109     59777 futex
  2.99   21.831305        3147      6936           clock_nanosleep
  2.28   16.684352     2085544         8           epoll_pwait
  2.25   16.451787       16034      1026           ppoll
  2.20   16.081778      103088       156        80 accept
  0.52    3.825133       12582       304           recvfrom
  0.14    0.987221          33     29213         4 write
  0.09    0.693507          24     28452           getpid
  0.09    0.636445          49     12773           gettid
  0.00    0.020095          64       312           sendto
  0.00    0.016670          16      1037           mprotect
  0.00    0.012982          70       185           clone
  0.00    0.012355          54       226           close
  0.00    0.012104         157        77         1 connect
  0.00    0.010094          13       751           rt_sigprocmask
  0.00    0.007810          82        95           setsockopt
  0.00    0.004978          11       425           mmap
  0.00    0.004763          10       468         1 ioctl
  0.00    0.003221           7       408           brk
  0.00    0.003161          16       186           rseq
  0.00    0.003069          10       287           munmap
  0.00    0.003004          16       185           madvise
  0.00    0.002742          14       186           set_robust_list
  0.00    0.000783          11        68         2 openat
  0.00    0.000597           6        88         1 newfstatat
  0.00    0.000470         470         1           execve
  0.00    0.000403           7        55           read
  0.00    0.000322          11        28           recvmsg
  0.00    0.000269           2        92           socket
  0.00    0.000137           9        14           bind
  0.00    0.000118           7        16           epoll_ctl
  0.00    0.000088          29         3           sendmsg
  0.00    0.000070          35         2           getdents64
  0.00    0.000044           5         8           listen
  0.00    0.000044           7         6           getsockname
  0.00    0.000042          10         4           eventfd2
  0.00    0.000041          41         1           sched_getaffinity
  0.00    0.000023           5         4           epoll_create1
  0.00    0.000023           5         4           timerfd_create
  0.00    0.000020          20         1         1 faccessat
  0.00    0.000019           6         3           geteuid
  0.00    0.000017           1        15           rt_sigaction
  0.00    0.000014           7         2           getuid
  0.00    0.000009           4         2           prlimit64
  0.00    0.000006           6         1           set_tid_address
  0.00    0.000000           0         6           fcntl
  0.00    0.000000           0         3         3 unlinkat
  0.00    0.000000           0         3         3 symlinkat
  0.00    0.000000           0         4           lseek
  0.00    0.000000           0         4           uname
  0.00    0.000000           0         1           getrandom
------ ----------- ----------- --------- --------- ------------------
100.00  731.175561        2590    282244     59873 total",
2026-03-17T17:49:58,basic_ring,128.110.216.196,26500,75,3,0,35.08211069891695,5.69619e-06,basic_ring,basic_ring,75,7.99798,9.37736,106636.0,106661.0,107254.0,107520.0,105326.0,107730.0,OK,"NO shared receive
>>>>>>>> post recvs
connect request had data with it: 56 bytes
>>>>>>>> post recvs
[BasicServer] accepted client 2
NO shared receive
>>>>>>>> post recvs
connect request had data with it: 56 bytes
>>>>>>>> post recvs
[BasicServer] accepted client 2
NO shared receive
>>>>>>>> post recvs
connect request had data with it: 56 bytes
>>>>>>>> post recvs
[BasicServer] accepted client 2
NO shared receive
>>>>>>>> post recvs
connect request had data with it: 56 bytes
>>>>>>>> post recvs
[BasicServer] accepted client 2
NO shared receive
>>>>>>>> post recvs
connect request had data with it: 56 bytes
>>>>>>>> post recvs
[BasicServer] accepted client 3
NO shared receive
>>>>>>>> post recvs
connect request had data with it: 56 bytes
>>>>>>>> post recvs
[BasicServer] accepted client 3
NO shared receive
>>>>>>>> post recvs
connect request had data with it: 56 bytes
>>>>>>>> post recvs
[BasicServer] accepted client 3
NO shared receive
>>>>>>>> post recvs
connect request had data with it: 56 bytes
>>>>>>>> post recvs
[BasicServer] accepted client 3","E20260317 17:48:43.977811 440987 transaction_manager.cpp:91]  execute batch seq:75
E20260317 17:48:43.977712 441041 consensus_manager_pbft.cpp:208] recv impl type:5 sender id:4 seq:76 primary:1 is recovery:0
E20260317 17:48:43.977922 441124 rdma_replica_communicator.cpp:75] [RDMA] send target id=4 ip=128.110.216.196 base_port=26504 rdma_port=26504 payload_bytes=53
E20260317 17:48:43.977927 441059 consensus_manager_pbft.cpp:208] recv impl type:5 sender id:4 seq:76 primary:1 is recovery:0
E20260317 17:48:43.978022 440950 commitment.cpp:363] send back to proxy:1
E20260317 17:48:43.978389 440950 rdma_replica_communicator.cpp:75] [RDMA] send target id=1 ip=128.110.216.196 base_port=26501 rdma_port=26501 payload_bytes=53
E20260317 17:48:43.978041 440972 commitment.cpp:363] send back to proxy:1
E20260317 17:48:43.978045 441089 message_manager.cpp:204]  add request fail
E20260317 17:48:43.978515 441031 consensus_manager_pbft.cpp:208] recv impl type:7 sender id:1 seq:76 primary:1 is recovery:0
E20260317 17:48:43.978569 441031 response_manager.cpp:187]  receive request seq:76 type:7 local id:76
E20260317 17:48:43.978644 441031 response_manager.cpp:214]  get receive count:0 seq:76
E20260317 17:48:43.977878 441118 consensus_manager_pbft.cpp:208] recv impl type:5 sender id:3 seq:76 primary:1 is recovery:0
E20260317 17:48:43.978173 440994 commitment.cpp:363] send back to proxy:1
E20260317 17:48:43.978236 441041 message_manager.cpp:188]  seq:76 type:5 has been committed
E20260317 17:48:43.978307 441124 consensus_manager_pbft.cpp:208] recv impl type:5 sender id:4 seq:76 primary:1 is recovery:0
E20260317 17:48:43.978868 441124 message_manager.cpp:204]  add request fail
E20260317 17:48:43.978478 440972 rdma_replica_communicator.cpp:75] [RDMA] send target id=1 ip=128.110.216.196 base_port=26501 rdma_port=26501 payload_bytes=53
E20260317 17:48:43.977757 441100 checkpoint_manager.cpp:530]  add commited state:76
E20260317 17:48:43.978744 441118 checkpoint_manager.cpp:530]  add commited state:76
E20260317 17:48:43.979036 441031 consensus_manager_pbft.cpp:208] recv impl type:7 sender id:2 seq:76 primary:1 is recovery:0
E20260317 17:48:43.978828 441004 lock_free_collector_pool.cpp:71]  update:332 seq:332 cap:256 update seq:76
E20260317 17:48:43.978869 441011 transaction_manager.cpp:91]  execute batch seq:75
E20260317 17:48:43.978338 441059 message_manager.cpp:188]  seq:76 type:5 has been committed
E20260317 17:48:43.978791 440994 rdma_replica_communicator.cpp:75] [RDMA] send target id=1 ip=128.110.216.196 base_port=26501 rdma_port=26501 payload_bytes=53
E20260317 17:48:43.979079 441031 response_manager.cpp:187]  receive request seq:76 type:7 local id:76
E20260317 17:48:43.979285 441031 response_manager.cpp:214]  get receive count:1 seq:76
E20260317 17:48:43.979315 441031 lock_free_collector_pool.cpp:71]  update:332 seq:332 cap:256 update seq:76
E20260317 17:48:43.979319 441039 consensus_manager_pbft.cpp:208] recv impl type:7 sender id:3 seq:76 primary:1 is recovery:0
E20260317 17:48:43.979223 441016 commitment.cpp:363] send back to proxy:1
E20260317 17:48:43.979362 441031 response_manager.cpp:227] SendResponseToClient local_id:76 seq:76 proxy_id:1
E20260317 17:48:43.979461 441031 lock_free_collector_pool.cpp:71]  update:332 seq:332 cap:256 update seq:76
E20260317 17:48:43.979430 441016 rdma_replica_communicator.cpp:75] [RDMA] send target id=1 ip=128.110.216.196 base_port=26501 rdma_port=26501 payload_bytes=53
E20260317 17:48:43.979399 441039 response_manager.cpp:187]  receive request seq:76 type:7 local id:76
E20260317 17:48:43.979599 441039 consensus_manager_pbft.cpp:208] recv impl type:7 sender id:4 seq:76 primary:1 is recovery:0
E20260317 17:48:43.979604 441031 response_manager.cpp:259] response sent to client local_id:76 seq:76
E20260317 17:48:43.979640 440936 consensus_server.cpp:223] Selftest completed request i=74 ret=0 value=light_value
E20260317 17:48:43.979642 441039 response_manager.cpp:187]  receive request seq:76 type:7 local id:76
E20260317 17:48:45.075295 440936 consensus_server.cpp:291] Self-test passed mode=basic_ring (GET verified, last_value=light_value)
E20260317 17:48:45.075389 440936 consensus_server.cpp:294] RESULT mode=basic_ring num_requests=75 total_time_s=7.99798 throughput_rps=9.37736 avg_us=106636 p50_us=106661 p95_us=107254 p99_us=107520 min_us=105326 max_us=107730 status=OK
E20260317 17:48:48.148234 440937 stats.cpp:474]   req client latency:5.56412e-06","E20260317 17:49:33.446995 441181 rdma_replica_communicator.cpp:75] [RDMA] send target id=1 ip=128.110.216.196 base_port=26501 rdma_port=26501 payload_bytes=53
E20260317 17:49:33.450775 441253 consensus_manager_pbft.cpp:208] recv impl type:7 sender id:1 seq:75 primary:1 is recovery:0
E20260317 17:49:33.451157 441323 message_manager.cpp:204]  add request fail
E20260317 17:49:33.455086 441225 rdma_replica_communicator.cpp:75] [RDMA] send target id=1 ip=128.110.216.196 base_port=26501 rdma_port=26501 payload_bytes=53
E20260317 17:49:33.458820 441252 consensus_manager_pbft.cpp:208] recv impl type:7 sender id:3 seq:75 primary:1 is recovery:0
E20260317 17:49:33.461838 441251 consensus_manager_pbft.cpp:208] recv impl type:7 sender id:2 seq:75 primary:1 is recovery:0
E20260317 17:49:33.462250 441253 response_manager.cpp:187]  receive request seq:75 type:7 local id:75
E20260317 17:49:33.466106 441250 consensus_manager_pbft.cpp:208] recv impl type:7 sender id:4 seq:75 primary:1 is recovery:0
E20260317 17:49:33.466470 441252 response_manager.cpp:187]  receive request seq:75 type:7 local id:75
E20260317 17:49:33.467330 441251 response_manager.cpp:187]  receive request seq:75 type:7 local id:75
E20260317 17:49:33.468129 441253 response_manager.cpp:214]  get receive count:0 seq:75
E20260317 17:49:33.468917 441250 response_manager.cpp:187]  receive request seq:75 type:7 local id:75
E20260317 17:49:33.469699 441252 response_manager.cpp:214]  get receive count:1 seq:75
E20260317 17:49:33.472803 441252 lock_free_collector_pool.cpp:71]  update:331 seq:331 cap:256 update seq:75
E20260317 17:49:33.473654 441252 response_manager.cpp:227] SendResponseToClient local_id:75 seq:75 proxy_id:1
E20260317 17:49:33.474431 441252 lock_free_collector_pool.cpp:71]  update:331 seq:331 cap:256 update seq:75
E20260317 17:49:33.475522 441145 consensus_server.cpp:223] Selftest completed request i=73 ret=0 value=light_value
E20260317 17:49:33.475520 441252 response_manager.cpp:259] response sent to client local_id:75 seq:75
E20260317 17:49:33.476370 441145 consensus_server.cpp:221] Selftest sending request i=74
E20260317 17:49:33.481668 441253 consensus_manager_pbft.cpp:208] recv impl type:2 sender id:0 seq:0 primary:1 is recovery:0
E20260317 17:49:33.582896 441161 response_manager.cpp:327] add context list:0 list size:1 local_id:76
E20260317 17:49:33.583673 441161 rdma_replica_communicator.cpp:75] [RDMA] send target id=1 ip=128.110.216.196 base_port=26501 rdma_port=26501 payload_bytes=82
E20260317 17:49:33.587144 441253 consensus_manager_pbft.cpp:208] recv impl type:14 sender id:1 seq:0 primary:1 is recovery:0
E20260317 17:49:33.587916 441253 rdma_replica_communicator.cpp:75] [RDMA] send target id=1 ip=128.110.216.196 base_port=26501 rdma_port=26501 payload_bytes=89
E20260317 17:49:33.588660 441253 rdma_replica_communicator.cpp:75] [RDMA] send target id=2 ip=128.110.216.196 base_port=26502 rdma_port=26502 payload_bytes=89
E20260317 17:49:33.591255 441252 consensus_manager_pbft.cpp:208] recv impl type:3 sender id:1 seq:76 primary:1 is recovery:0
E20260317 17:49:33.591864 441253 rdma_replica_communicator.cpp:75] [RDMA] send target id=3 ip=128.110.216.196 base_port=26503 rdma_port=26503 payload_bytes=89
E20260317 17:49:33.594722 441277 consensus_manager_pbft.cpp:208] recv impl type:3 sender id:1 seq:76 primary:1 is recovery:0
E20260317 17:49:33.595389 441252 rdma_replica_communicator.cpp:75] [RDMA] send target id=1 ip=128.110.216.196 base_port=26501 rdma_port=26501 payload_bytes=51
E20260317 17:49:33.596289 441253 rdma_replica_communicator.cpp:75] [RDMA] send target id=4 ip=128.110.216.196 base_port=26504 rdma_port=26504 payload_bytes=89
E20260317 17:49:33.599119 441301 consensus_manager_pbft.cpp:208] recv impl type:3 sender id:1 seq:76 primary:1 is recovery:0
E20260317 17:49:33.599879 441277 rdma_replica_communicator.cpp:75] [RDMA] send target id=1 ip=128.110.216.196 base_port=26501 rdma_port=26501 payload_bytes=51
E20260317 17:49:33.600790 441252 rdma_replica_communicator.cpp:75] [RDMA] send target id=2 ip=128.110.216.196 base_port=26502 rdma_port=26502 payload_bytes=51
E20260317 17:49:33.603325 441251 consensus_manager_pbft.cpp:208] recv impl type:4 sender id:1 seq:76 primary:1 is recovery:0
E20260317 17:49:33.606274 441325 consensus_manager_pbft.cpp:208] recv impl type:3 sender id:1 seq:76 primary:1 is recovery:0
E20260317 17:49:33.606827 441301 rdma_replica_communicator.cpp:75] [RDMA] send target id=1 ip=128.110.216.196 base_port=26501 rdma_port=26501 payload_bytes=51
E20260317 17:49:33.607579 441277 rdma_replica_communicator.cpp:75] [RDMA] send target id=2 ip=128.110.216.196 base_port=26502 rdma_port=26502 payload_bytes=51
E20260317 17:49:33.610083 441253 consensus_manager_pbft.cpp:208] recv impl type:4 sender id:2 seq:76 primary:1 is recovery:0
E20260317 17:49:33.610666 441252 rdma_replica_communicator.cpp:75] [RDMA] send target id=3 ip=128.110.216.196 base_port=26503 rdma_port=26503 payload_bytes=51
E20260317 17:49:33.613137 441276 consensus_manager_pbft.cpp:208] recv impl type:4 sender id:1 seq:76 primary:1 is recovery:0
E20260317 17:49:33.614331 441325 rdma_replica_communicator.cpp:75] [RDMA] send target id=1 ip=128.110.216.196 base_port=26501 rdma_port=26501 payload_bytes=51
E20260317 17:49:33.615082 441301 rdma_replica_communicator.cpp:75] [RDMA] send target id=2 ip=128.110.216.196 base_port=26502 rdma_port=26502 payload_bytes=51
E20260317 17:49:33.618075 441251 consensus_manager_pbft.cpp:208] recv impl type:4 sender id:3 seq:76 primary:1 is recovery:0
E20260317 17:49:33.618630 441277 rdma_replica_communicator.cpp:75] [RDMA] send target id=3 ip=128.110.216.196 base_port=26503 rdma_port=26503 payload_bytes=51
E20260317 17:49:33.620955 441275 consensus_manager_pbft.cpp:208] recv impl type:4 sender id:2 seq:76 primary:1 is recovery:0
E20260317 17:49:33.622175 441252 rdma_replica_communicator.cpp:75] [RDMA] send target id=4 ip=128.110.216.196 base_port=26504 rdma_port=26504 payload_bytes=51
E20260317 17:49:33.624437 441300 consensus_manager_pbft.cpp:208] recv impl type:4 sender id:1 seq:76 primary:1 is recovery:0
E20260317 17:49:33.625646 441325 rdma_replica_communicator.cpp:75] [RDMA] send target id=2 ip=128.110.216.196 base_port=26502 rdma_port=26502 payload_bytes=51
E20260317 17:49:33.628100 441253 consensus_manager_pbft.cpp:208] recv impl type:4 sender id:4 seq:76 primary:1 is recovery:0
E20260317 17:49:33.628599 441301 rdma_replica_communicator.cpp:75] [RDMA] send target id=3 ip=128.110.216.196 base_port=26503 rdma_port=26503 payload_bytes=51
E20260317 17:49:33.630874 441276 consensus_manager_pbft.cpp:208] recv impl type:4 sender id:3 seq:76 primary:1 is recovery:0
E20260317 17:49:33.631268 441251 checkpoint_manager.cpp:495] get high prepared seq:75
E20260317 17:49:33.632076 441277 rdma_replica_communicator.cpp:75] [RDMA] send target id=4 ip=128.110.216.196 base_port=26504 rdma_port=26504 payload_bytes=51
E20260317 17:49:33.634490 441299 consensus_manager_pbft.cpp:208] recv impl type:4 sender id:2 seq:76 primary:1 is recovery:0
E20260317 17:49:33.637981 441324 consensus_manager_pbft.cpp:208] recv impl type:4 sender id:1 seq:76 primary:1 is recovery:0
E20260317 17:49:33.639178 441325 rdma_replica_communicator.cpp:75] [RDMA] send target id=3 ip=128.110.216.196 base_port=26503 rdma_port=26503 payload_bytes=51
E20260317 17:49:33.641525 441275 consensus_manager_pbft.cpp:208] recv impl type:4 sender id:4 seq:76 primary:1 is recovery:0
E20260317 17:49:33.642781 441301 rdma_replica_communicator.cpp:75] [RDMA] send target id=4 ip=128.110.216.196 base_port=26504 rdma_port=26504 payload_bytes=51
E20260317 17:49:33.645558 441300 consensus_manager_pbft.cpp:208] recv impl type:4 sender id:3 seq:76 primary:1 is recovery:0
E20260317 17:49:33.646184 441276 checkpoint_manager.cpp:495] get high prepared seq:75
E20260317 17:49:33.647151 441251 checkpoint_manager.cpp:500] set high prepared seq:76
E20260317 17:49:33.650173 441323 consensus_manager_pbft.cpp:208] recv impl type:4 sender id:2 seq:76 primary:1 is recovery:0
E20260317 17:49:33.650496 441299 checkpoint_manager.cpp:495] get high prepared seq:75
E20260317 17:49:33.652072 441325 rdma_replica_communicator.cpp:75] [RDMA] send target id=4 ip=128.110.216.196 base_port=26504 rdma_port=26504 payload_bytes=51
E20260317 17:49:33.654247 441298 consensus_manager_pbft.cpp:208] recv impl type:4 sender id:4 seq:76 primary:1 is recovery:0
E20260317 17:49:33.657848 441324 consensus_manager_pbft.cpp:208] recv impl type:4 sender id:3 seq:76 primary:1 is recovery:0
E20260317 17:49:33.659160 441276 checkpoint_manager.cpp:500] set high prepared seq:76
E20260317 17:49:33.660027 441251 rdma_replica_communicator.cpp:75] [RDMA] send target id=1 ip=128.110.216.196 base_port=26501 rdma_port=26501 payload_bytes=53
E20260317 17:49:33.660822 441323 checkpoint_manager.cpp:495] get high prepared seq:75
E20260317 17:49:33.661952 441299 checkpoint_manager.cpp:500] set high prepared seq:76
E20260317 17:49:33.663087 441325 consensus_manager_pbft.cpp:208] recv impl type:4 sender id:4 seq:76 primary:1 is recovery:0
E20260317 17:49:33.666778 441276 rdma_replica_communicator.cpp:75] [RDMA] send target id=1 ip=128.110.216.196 base_port=26501 rdma_port=26501 payload_bytes=53
E20260317 17:49:33.667670 441251 rdma_replica_communicator.cpp:75] [RDMA] send target id=2 ip=128.110.216.196 base_port=26502 rdma_port=26502 payload_bytes=53
E20260317 17:49:33.670264 441253 consensus_manager_pbft.cpp:208] recv impl type:5 sender id:1 seq:76 primary:1 is recovery:0
E20260317 17:49:33.670789 441323 checkpoint_manager.cpp:500] set high prepared seq:76
E20260317 17:49:33.671527 441299 rdma_replica_communicator.cpp:75] [RDMA] send target id=1 ip=128.110.216.196 base_port=26501 rdma_port=26501 payload_bytes=53
E20260317 17:49:33.673170 441276 rdma_replica_communicator.cpp:75] [RDMA] send target id=2 ip=128.110.216.196 base_port=26502 rdma_port=26502 payload_bytes=53
E20260317 17:49:33.675724 441252 consensus_manager_pbft.cpp:208] recv impl type:5 sender id:2 seq:76 primary:1 is recovery:0
E20260317 17:49:33.676222 441251 rdma_replica_communicator.cpp:75] [RDMA] send target id=3 ip=128.110.216.196 base_port=26503 rdma_port=26503 payload_bytes=53
E20260317 17:49:33.678747 441277 consensus_manager_pbft.cpp:208] recv impl type:5 sender id:1 seq:76 primary:1 is recovery:0
E20260317 17:49:33.680233 441323 rdma_replica_communicator.cpp:75] [RDMA] send target id=1 ip=128.110.216.196 base_port=26501 rdma_port=26501 payload_bytes=53
E20260317 17:49:33.681355 441299 rdma_replica_communicator.cpp:75] [RDMA] send target id=2 ip=128.110.216.196 base_port=26502 rdma_port=26502 payload_bytes=53
E20260317 17:49:33.683936 441253 consensus_manager_pbft.cpp:208] recv impl type:5 sender id:3 seq:76 primary:1 is recovery:0
E20260317 17:49:33.684347 441276 rdma_replica_communicator.cpp:75] [RDMA] send target id=3 ip=128.110.216.196 base_port=26503 rdma_port=26503 payload_bytes=53
E20260317 17:49:33.698994 441147 lock_free_collector_pool.cpp:71]  update:332 seq:332 cap:256 update seq:76
E20260317 17:49:33.688009 441251 rdma_replica_communicator.cpp:75] [RDMA] send target id=4 ip=128.110.216.196 base_port=26504 rdma_port=26504 payload_bytes=53
E20260317 17:49:33.690394 441300 consensus_manager_pbft.cpp:208] recv impl type:5 sender id:1 seq:76 primary:1 is recovery:0
E20260317 17:49:33.691620 441323 rdma_replica_communicator.cpp:75] [RDMA] send target id=2 ip=128.110.216.196 base_port=26502 rdma_port=26502 payload_bytes=53
E20260317 17:49:33.694149 441252 consensus_manager_pbft.cpp:208] recv impl type:5 sender id:4 seq:76 primary:1 is recovery:0
E20260317 17:49:33.694609 441299 rdma_replica_communicator.cpp:75] [RDMA] send target id=3 ip=128.110.216.196 base_port=26503 rdma_port=26503 payload_bytes=53
E20260317 17:49:33.697199 441274 consensus_manager_pbft.cpp:208] recv impl type:5 sender id:3 seq:76 primary:1 is recovery:0
E20260317 17:49:33.698048 441253 checkpoint_manager.cpp:530]  add commited state:76
E20260317 17:49:33.686791 441275 consensus_manager_pbft.cpp:208] recv impl type:5 sender id:2 seq:76 primary:1 is recovery:0
E20260317 17:49:33.699241 441276 rdma_replica_communicator.cpp:75] [RDMA] send target id=4 ip=128.110.216.196 base_port=26504 rdma_port=26504 payload_bytes=53
E20260317 17:49:33.699229 441155 transaction_manager.cpp:91]  execute batch seq:75
E20260317 17:49:33.702260 441301 consensus_manager_pbft.cpp:208] recv impl type:5 sender id:2 seq:76 primary:1 is recovery:0
E20260317 17:49:33.705809 441325 consensus_manager_pbft.cpp:208] recv impl type:5 sender id:1 seq:76 primary:1 is recovery:0
E20260317 17:49:33.707270 441323 rdma_replica_communicator.cpp:75] [RDMA] send target id=3 ip=128.110.216.196 base_port=26503 rdma_port=26503 payload_bytes=53
E20260317 17:49:33.709498 441277 consensus_manager_pbft.cpp:208] recv impl type:5 sender id:4 seq:76 primary:1 is recovery:0
E20260317 17:49:33.709972 441252 message_manager.cpp:204]  add request fail
E20260317 17:49:33.710813 441299 rdma_replica_communicator.cpp:75] [RDMA] send target id=4 ip=128.110.216.196 base_port=26504 rdma_port=26504 payload_bytes=53
E20260317 17:49:33.713080 441300 consensus_manager_pbft.cpp:208] recv impl type:5 sender id:3 seq:76 primary:1 is recovery:0
E20260317 17:49:33.715359 441275 checkpoint_manager.cpp:530]  add commited state:76
E20260317 17:49:33.715895 441169 lock_free_collector_pool.cpp:71]  update:332 seq:332 cap:256 update seq:76
E20260317 17:49:33.716084 441178 transaction_manager.cpp:91]  execute batch seq:75
E20260317 17:49:33.719237 441324 consensus_manager_pbft.cpp:208] recv impl type:5 sender id:2 seq:76 primary:1 is recovery:0
E20260317 17:49:33.720201 441159 commitment.cpp:363] send back to proxy:1
E20260317 17:49:33.722222 441323 rdma_replica_communicator.cpp:75] [RDMA] send target id=4 ip=128.110.216.196 base_port=26504 rdma_port=26504 payload_bytes=53
E20260317 17:49:33.724388 441301 consensus_manager_pbft.cpp:208] recv impl type:5 sender id:4 seq:76 primary:1 is recovery:0
E20260317 17:49:33.724802 441277 message_manager.cpp:204]  add request fail
E20260317 17:49:33.728513 441325 consensus_manager_pbft.cpp:208] recv impl type:5 sender id:3 seq:76 primary:1 is recovery:0
E20260317 17:49:33.729082 441300 checkpoint_manager.cpp:530]  add commited state:76
E20260317 17:49:33.739851 441221 transaction_manager.cpp:91]  execute batch seq:75
E20260317 17:49:33.729852 441191 lock_free_collector_pool.cpp:71]  update:332 seq:332 cap:256 update seq:76
E20260317 17:49:33.732484 441181 commitment.cpp:363] send back to proxy:1
E20260317 17:49:33.733856 441159 rdma_replica_communicator.cpp:75] [RDMA] send target id=1 ip=128.110.216.196 base_port=26501 rdma_port=26501 payload_bytes=53
E20260317 17:49:33.735090 441323 consensus_manager_pbft.cpp:208] recv impl type:5 sender id:4 seq:76 primary:1 is recovery:0
E20260317 17:49:33.737241 441301 message_manager.cpp:204]  add request fail
E20260317 17:49:33.738998 441325 checkpoint_manager.cpp:530]  add commited state:76
E20260317 17:49:33.739519 441213 lock_free_collector_pool.cpp:71]  update:332 seq:332 cap:256 update seq:76
E20260317 17:49:33.730082 441200 transaction_manager.cpp:91]  execute batch seq:75
E20260317 17:49:33.741178 441225 commitment.cpp:363] send back to proxy:1
E20260317 17:49:33.742790 441181 rdma_replica_communicator.cpp:75] [RDMA] send target id=1 ip=128.110.216.196 base_port=26501 rdma_port=26501 payload_bytes=53
E20260317 17:49:33.746834 441253 consensus_manager_pbft.cpp:208] recv impl type:7 sender id:1 seq:76 primary:1 is recovery:0
E20260317 17:49:33.747237 441323 message_manager.cpp:204]  add request fail
E20260317 17:49:33.751137 441203 commitment.cpp:363] send back to proxy:1
E20260317 17:49:33.751714 441225 rdma_replica_communicator.cpp:75] [RDMA] send target id=1 ip=128.110.216.196 base_port=26501 rdma_port=26501 payload_bytes=53
E20260317 17:49:33.755266 441252 consensus_manager_pbft.cpp:208] recv impl type:7 sender id:2 seq:76 primary:1 is recovery:0
E20260317 17:49:33.755633 441253 response_manager.cpp:187]  receive request seq:76 type:7 local id:76
E20260317 17:49:33.757261 441203 rdma_replica_communicator.cpp:75] [RDMA] send target id=1 ip=128.110.216.196 base_port=26501 rdma_port=26501 payload_bytes=53
E20260317 17:49:33.760485 441251 consensus_manager_pbft.cpp:208] recv impl type:7 sender id:4 seq:76 primary:1 is recovery:0
E20260317 17:49:33.760896 441252 response_manager.cpp:187]  receive request seq:76 type:7 local id:76
E20260317 17:49:33.761710 441253 response_manager.cpp:214]  get receive count:0 seq:76
E20260317 17:49:33.764858 441250 consensus_manager_pbft.cpp:208] recv impl type:7 sender id:3 seq:76 primary:1 is recovery:0
E20260317 17:49:33.765411 441251 response_manager.cpp:187]  receive request seq:76 type:7 local id:76
E20260317 17:49:33.766223 441252 response_manager.cpp:214]  get receive count:1 seq:76
E20260317 17:49:33.767843 441250 response_manager.cpp:187]  receive request seq:76 type:7 local id:76
E20260317 17:49:33.769416 441252 lock_free_collector_pool.cpp:71]  update:332 seq:332 cap:256 update seq:76
E20260317 17:49:33.771181 441252 response_manager.cpp:227] SendResponseToClient local_id:76 seq:76 proxy_id:1
E20260317 17:49:33.771922 441252 lock_free_collector_pool.cpp:71]  update:332 seq:332 cap:256 update seq:76
E20260317 17:49:33.772969 441252 response_manager.cpp:259] response sent to client local_id:76 seq:76
E20260317 17:49:33.772970 441145 consensus_server.cpp:223] Selftest completed request i=74 ret=0 value=light_value
E20260317 17:49:34.775513 441145 consensus_server.cpp:291] Self-test passed mode=basic_ring (GET verified, last_value=light_value)
E20260317 17:49:34.775980 441145 consensus_server.cpp:294] RESULT mode=basic_ring num_requests=75 total_time_s=22.3136 throughput_rps=3.36118 avg_us=297510 p50_us=297324 p95_us=301155 p99_us=303299 min_us=293725 max_us=303382 status=OK
E20260317 17:49:38.308642 441146 stats.cpp:474]   req client latency:0.000188987
% time     seconds  usecs/call     calls    errors syscall
------ ----------- ----------- --------- --------- ------------------
 89.44  644.277447        3248    198304     59917 futex
  2.99   21.526070        3107      6928           clock_nanosleep
  2.28   16.417597     2052199         8           epoll_pwait
  2.24   16.165653       15755      1026           ppoll
  2.19   15.799965      101281       156        80 accept
  0.52    3.738083       12296       304           recvfrom
  0.13    0.929725          31     29213         4 write
  0.10    0.703594          55     12773           gettid
  0.09    0.677506          23     28452           getpid
  0.01    0.039037         125       312           sendto
  0.00    0.018036          17      1059           mprotect
  0.00    0.013475          72       185           clone
  0.00    0.012235          54       226           close
  0.00    0.011809         124        95           setsockopt
  0.00    0.010089          13       751           rt_sigprocmask
  0.00    0.006772          14       468         1 ioctl
  0.00    0.005446          12       425           mmap
  0.00    0.004082          53        77         1 connect
  0.00    0.003498           8       408           brk
  0.00    0.003235          17       186           rseq
  0.00    0.002968          15       186           set_robust_list
  0.00    0.002332           8       287           munmap
  0.00    0.001084           5       185           madvise
  0.00    0.001004          14        68         2 openat
  0.00    0.000647           7        88         1 newfstatat
  0.00    0.000398           7        55           read
  0.00    0.000324           3        92           socket
  0.00    0.000302          10        28           recvmsg
  0.00    0.000099           7        14           bind
  0.00    0.000098           6        15           rt_sigaction
  0.00    0.000085          28         3           sendmsg
  0.00    0.000074           4        16           epoll_ctl
  0.00    0.000070          35         2           getdents64
  0.00    0.000044           5         8           listen
  0.00    0.000038           9         4           lseek
  0.00    0.000036           6         6           getsockname
  0.00    0.000033          11         3         3 unlinkat
  0.00    0.000029           7         4           eventfd2
  0.00    0.000028           4         6           fcntl
  0.00    0.000025           8         3         3 symlinkat
  0.00    0.000024          24         1           sched_getaffinity
  0.00    0.000022           7         3           geteuid
  0.00    0.000019           4         4           timerfd_create
  0.00    0.000019           4         4           uname
  0.00    0.000017           8         2           prlimit64
  0.00    0.000015           3         4           epoll_create1
  0.00    0.000013           6         2           getuid
  0.00    0.000009           9         1           getrandom
  0.00    0.000000           0         1         1 faccessat
  0.00    0.000000           0         1           set_tid_address
  0.00    0.000000           0         1           execve
------ ----------- ----------- --------- --------- ------------------
100.00  720.373210        2550    282453     60013 total",
2026-03-17T17:51:23,basic_ring,128.110.216.196,26500,75,4,0,35.08312818198465,5.72348e-06,basic_ring,basic_ring,75,7.98815,9.38891,106505.0,106579.0,107120.0,107271.0,105564.0,107284.0,OK,"NO shared receive
>>>>>>>> post recvs
connect request had data with it: 56 bytes
>>>>>>>> post recvs
[BasicServer] accepted client 2
NO shared receive
>>>>>>>> post recvs
connect request had data with it: 56 bytes
>>>>>>>> post recvs
[BasicServer] accepted client 2
NO shared receive
>>>>>>>> post recvs
connect request had data with it: 56 bytes
>>>>>>>> post recvs
[BasicServer] accepted client 2
NO shared receive
>>>>>>>> post recvs
connect request had data with it: 56 bytes
>>>>>>>> post recvs
[BasicServer] accepted client 2
NO shared receive
>>>>>>>> post recvs
connect request had data with it: 56 bytes
>>>>>>>> post recvs
[BasicServer] accepted client 3
NO shared receive
>>>>>>>> post recvs
connect request had data with it: 56 bytes
>>>>>>>> post recvs
[BasicServer] accepted client 3
NO shared receive
>>>>>>>> post recvs
connect request had data with it: 56 bytes
>>>>>>>> post recvs
[BasicServer] accepted client 3
NO shared receive
>>>>>>>> post recvs
connect request had data with it: 56 bytes
>>>>>>>> post recvs
[BasicServer] accepted client 3","E20260317 17:50:09.227208 441373 rdma_replica_communicator.cpp:75] [RDMA] send target id=1 ip=128.110.216.196 base_port=26501 rdma_port=26501 payload_bytes=53
E20260317 17:50:09.226783 441513 rdma_replica_communicator.cpp:75] [RDMA] send target id=4 ip=128.110.216.196 base_port=26504 rdma_port=26504 payload_bytes=53
E20260317 17:50:09.226886 441351 commitment.cpp:363] send back to proxy:1
E20260317 17:50:09.227348 441351 rdma_replica_communicator.cpp:75] [RDMA] send target id=1 ip=128.110.216.196 base_port=26501 rdma_port=26501 payload_bytes=53
E20260317 17:50:09.227378 441527 consensus_manager_pbft.cpp:208] recv impl type:5 sender id:4 seq:76 primary:1 is recovery:0
E20260317 17:50:09.227162 441443 message_manager.cpp:188]  seq:76 type:5 has been committed
E20260317 17:50:09.227458 441405 lock_free_collector_pool.cpp:71]  update:332 seq:332 cap:256 update seq:76
E20260317 17:50:09.227490 441444 consensus_manager_pbft.cpp:208] recv impl type:7 sender id:1 seq:76 primary:1 is recovery:0
E20260317 17:50:09.226326 441455 rdma_replica_communicator.cpp:75] [RDMA] send target id=2 ip=128.110.216.196 base_port=26502 rdma_port=26502 payload_bytes=53
E20260317 17:50:09.227145 441395 commitment.cpp:363] send back to proxy:1
E20260317 17:50:09.227437 441527 checkpoint_manager.cpp:530]  add commited state:76
E20260317 17:50:09.227725 441467 consensus_manager_pbft.cpp:208] recv impl type:5 sender id:2 seq:76 primary:1 is recovery:0
E20260317 17:50:09.227767 441467 message_manager.cpp:188]  seq:76 type:5 has been committed
E20260317 17:50:09.227322 441431 consensus_manager_pbft.cpp:208] recv impl type:7 sender id:2 seq:76 primary:1 is recovery:0
E20260317 17:50:09.227540 441444 response_manager.cpp:187]  receive request seq:76 type:7 local id:76
E20260317 17:50:09.227541 441408 transaction_manager.cpp:91]  execute batch seq:75
E20260317 17:50:09.227655 441455 rdma_replica_communicator.cpp:75] [RDMA] send target id=3 ip=128.110.216.196 base_port=26503 rdma_port=26503 payload_bytes=53
E20260317 17:50:09.227698 441395 rdma_replica_communicator.cpp:75] [RDMA] send target id=1 ip=128.110.216.196 base_port=26501 rdma_port=26501 payload_bytes=53
E20260317 17:50:09.227841 441431 response_manager.cpp:187]  receive request seq:76 type:7 local id:76
E20260317 17:50:09.227878 441444 response_manager.cpp:214]  get receive count:0 seq:76
E20260317 17:50:09.227955 441417 commitment.cpp:363] send back to proxy:1
E20260317 17:50:09.228013 441455 rdma_replica_communicator.cpp:75] [RDMA] send target id=4 ip=128.110.216.196 base_port=26504 rdma_port=26504 payload_bytes=53
E20260317 17:50:09.228084 441500 consensus_manager_pbft.cpp:208] recv impl type:5 sender id:2 seq:76 primary:1 is recovery:0
E20260317 17:50:09.228123 441434 consensus_manager_pbft.cpp:208] recv impl type:7 sender id:3 seq:76 primary:1 is recovery:0
E20260317 17:50:09.228328 441434 response_manager.cpp:187]  receive request seq:76 type:7 local id:76
E20260317 17:50:09.228207 441417 rdma_replica_communicator.cpp:75] [RDMA] send target id=1 ip=128.110.216.196 base_port=26501 rdma_port=26501 payload_bytes=53
E20260317 17:50:09.228128 441431 response_manager.cpp:214]  get receive count:1 seq:76
E20260317 17:50:09.228276 441500 message_manager.cpp:188]  seq:76 type:5 has been committed
E20260317 17:50:09.228331 441521 consensus_manager_pbft.cpp:208] recv impl type:5 sender id:2 seq:76 primary:1 is recovery:0
E20260317 17:50:09.228506 441521 message_manager.cpp:188]  seq:76 type:5 has been committed
E20260317 17:50:09.228479 441433 consensus_manager_pbft.cpp:208] recv impl type:7 sender id:4 seq:76 primary:1 is recovery:0
E20260317 17:50:09.228425 441431 lock_free_collector_pool.cpp:71]  update:332 seq:332 cap:256 update seq:76
E20260317 17:50:09.228583 441433 response_manager.cpp:187]  receive request seq:76 type:7 local id:76
E20260317 17:50:09.228633 441431 response_manager.cpp:227] SendResponseToClient local_id:76 seq:76 proxy_id:1
E20260317 17:50:09.228694 441431 lock_free_collector_pool.cpp:71]  update:332 seq:332 cap:256 update seq:76
E20260317 17:50:09.228821 441431 response_manager.cpp:259] response sent to client local_id:76 seq:76
E20260317 17:50:09.228828 441337 consensus_server.cpp:223] Selftest completed request i=74 ret=0 value=light_value
E20260317 17:50:10.323249 441337 consensus_server.cpp:291] Self-test passed mode=basic_ring (GET verified, last_value=light_value)
E20260317 17:50:10.323347 441337 consensus_server.cpp:294] RESULT mode=basic_ring num_requests=75 total_time_s=7.98815 throughput_rps=9.38891 avg_us=106505 p50_us=106579 p95_us=107120 p99_us=107271 min_us=105564 max_us=107284 status=OK
E20260317 17:50:13.407263 441338 stats.cpp:474]   req client latency:5.40325e-06","E20260317 17:50:58.707103 441653 consensus_manager_pbft.cpp:208] recv impl type:7 sender id:2 seq:75 primary:1 is recovery:0
E20260317 17:50:58.707542 441723 message_manager.cpp:204]  add request fail
E20260317 17:50:58.712126 441625 rdma_replica_communicator.cpp:75] [RDMA] send target id=1 ip=128.110.216.196 base_port=26501 rdma_port=26501 payload_bytes=53
E20260317 17:50:58.713088 441603 rdma_replica_communicator.cpp:75] [RDMA] send target id=1 ip=128.110.216.196 base_port=26501 rdma_port=26501 payload_bytes=53
E20260317 17:50:58.716784 441652 consensus_manager_pbft.cpp:208] recv impl type:7 sender id:1 seq:75 primary:1 is recovery:0
E20260317 17:50:58.717216 441653 response_manager.cpp:187]  receive request seq:75 type:7 local id:75
E20260317 17:50:58.721323 441651 consensus_manager_pbft.cpp:208] recv impl type:7 sender id:4 seq:75 primary:1 is recovery:0
E20260317 17:50:58.724094 441650 consensus_manager_pbft.cpp:208] recv impl type:7 sender id:3 seq:75 primary:1 is recovery:0
E20260317 17:50:58.724563 441652 response_manager.cpp:187]  receive request seq:75 type:7 local id:75
E20260317 17:50:58.725471 441653 response_manager.cpp:214]  get receive count:0 seq:75
E20260317 17:50:58.726328 441651 response_manager.cpp:187]  receive request seq:75 type:7 local id:75
E20260317 17:50:58.727102 441650 response_manager.cpp:187]  receive request seq:75 type:7 local id:75
E20260317 17:50:58.727921 441652 response_manager.cpp:214]  get receive count:1 seq:75
E20260317 17:50:58.731178 441652 lock_free_collector_pool.cpp:71]  update:331 seq:331 cap:256 update seq:75
E20260317 17:50:58.732077 441652 response_manager.cpp:227] SendResponseToClient local_id:75 seq:75 proxy_id:1
E20260317 17:50:58.732975 441652 lock_free_collector_pool.cpp:71]  update:331 seq:331 cap:256 update seq:75
E20260317 17:50:58.734256 441545 consensus_server.cpp:223] Selftest completed request i=73 ret=0 value=light_value
E20260317 17:50:58.734258 441652 response_manager.cpp:259] response sent to client local_id:75 seq:75
E20260317 17:50:58.735253 441545 consensus_server.cpp:221] Selftest sending request i=74
E20260317 17:50:58.740934 441653 consensus_manager_pbft.cpp:208] recv impl type:2 sender id:0 seq:0 primary:1 is recovery:0
E20260317 17:50:58.842170 441561 response_manager.cpp:327] add context list:0 list size:1 local_id:76
E20260317 17:50:58.843042 441561 rdma_replica_communicator.cpp:75] [RDMA] send target id=1 ip=128.110.216.196 base_port=26501 rdma_port=26501 payload_bytes=82
E20260317 17:50:58.846609 441653 consensus_manager_pbft.cpp:208] recv impl type:14 sender id:1 seq:0 primary:1 is recovery:0
E20260317 17:50:58.847476 441653 rdma_replica_communicator.cpp:75] [RDMA] send target id=1 ip=128.110.216.196 base_port=26501 rdma_port=26501 payload_bytes=89
E20260317 17:50:58.849781 441653 rdma_replica_communicator.cpp:75] [RDMA] send target id=2 ip=128.110.216.196 base_port=26502 rdma_port=26502 payload_bytes=89
E20260317 17:50:58.852465 441652 consensus_manager_pbft.cpp:208] recv impl type:3 sender id:1 seq:76 primary:1 is recovery:0
E20260317 17:50:58.852973 441653 rdma_replica_communicator.cpp:75] [RDMA] send target id=3 ip=128.110.216.196 base_port=26503 rdma_port=26503 payload_bytes=89
E20260317 17:50:58.855548 441677 consensus_manager_pbft.cpp:208] recv impl type:3 sender id:1 seq:76 primary:1 is recovery:0
E20260317 17:50:58.855996 441652 rdma_replica_communicator.cpp:75] [RDMA] send target id=1 ip=128.110.216.196 base_port=26501 rdma_port=26501 payload_bytes=51
E20260317 17:50:58.856745 441653 rdma_replica_communicator.cpp:75] [RDMA] send target id=4 ip=128.110.216.196 base_port=26504 rdma_port=26504 payload_bytes=89
E20260317 17:50:58.859349 441701 consensus_manager_pbft.cpp:208] recv impl type:3 sender id:1 seq:76 primary:1 is recovery:0
E20260317 17:50:58.860240 441677 rdma_replica_communicator.cpp:75] [RDMA] send target id=1 ip=128.110.216.196 base_port=26501 rdma_port=26501 payload_bytes=51
E20260317 17:50:58.861079 441652 rdma_replica_communicator.cpp:75] [RDMA] send target id=2 ip=128.110.216.196 base_port=26502 rdma_port=26502 payload_bytes=51
E20260317 17:50:58.863780 441650 consensus_manager_pbft.cpp:208] recv impl type:4 sender id:1 seq:76 primary:1 is recovery:0
E20260317 17:50:58.866549 441725 consensus_manager_pbft.cpp:208] recv impl type:3 sender id:1 seq:76 primary:1 is recovery:0
E20260317 17:50:58.866883 441701 rdma_replica_communicator.cpp:75] [RDMA] send target id=1 ip=128.110.216.196 base_port=26501 rdma_port=26501 payload_bytes=51
E20260317 17:50:58.867862 441677 rdma_replica_communicator.cpp:75] [RDMA] send target id=2 ip=128.110.216.196 base_port=26502 rdma_port=26502 payload_bytes=51
E20260317 17:50:58.870496 441653 consensus_manager_pbft.cpp:208] recv impl type:4 sender id:2 seq:76 primary:1 is recovery:0
E20260317 17:50:58.870996 441652 rdma_replica_communicator.cpp:75] [RDMA] send target id=3 ip=128.110.216.196 base_port=26503 rdma_port=26503 payload_bytes=51
E20260317 17:50:58.873437 441676 consensus_manager_pbft.cpp:208] recv impl type:4 sender id:1 seq:76 primary:1 is recovery:0
E20260317 17:50:58.874756 441725 rdma_replica_communicator.cpp:75] [RDMA] send target id=1 ip=128.110.216.196 base_port=26501 rdma_port=26501 payload_bytes=51
E20260317 17:50:58.875540 441701 rdma_replica_communicator.cpp:75] [RDMA] send target id=2 ip=128.110.216.196 base_port=26502 rdma_port=26502 payload_bytes=51
E20260317 17:50:58.878116 441650 consensus_manager_pbft.cpp:208] recv impl type:4 sender id:3 seq:76 primary:1 is recovery:0
E20260317 17:50:58.878542 441677 rdma_replica_communicator.cpp:75] [RDMA] send target id=3 ip=128.110.216.196 base_port=26503 rdma_port=26503 payload_bytes=51
E20260317 17:50:58.880885 441675 consensus_manager_pbft.cpp:208] recv impl type:4 sender id:2 seq:76 primary:1 is recovery:0
E20260317 17:50:58.882150 441652 rdma_replica_communicator.cpp:75] [RDMA] send target id=4 ip=128.110.216.196 base_port=26504 rdma_port=26504 payload_bytes=51
E20260317 17:50:58.884516 441700 consensus_manager_pbft.cpp:208] recv impl type:4 sender id:1 seq:76 primary:1 is recovery:0
E20260317 17:50:58.885684 441725 rdma_replica_communicator.cpp:75] [RDMA] send target id=2 ip=128.110.216.196 base_port=26502 rdma_port=26502 payload_bytes=51
E20260317 17:50:58.888283 441653 consensus_manager_pbft.cpp:208] recv impl type:4 sender id:4 seq:76 primary:1 is recovery:0
E20260317 17:50:58.888696 441701 rdma_replica_communicator.cpp:75] [RDMA] send target id=3 ip=128.110.216.196 base_port=26503 rdma_port=26503 payload_bytes=51
E20260317 17:50:58.891595 441676 consensus_manager_pbft.cpp:208] recv impl type:4 sender id:3 seq:76 primary:1 is recovery:0
E20260317 17:50:58.892308 441650 checkpoint_manager.cpp:495] get high prepared seq:75
E20260317 17:50:58.893146 441677 rdma_replica_communicator.cpp:75] [RDMA] send target id=4 ip=128.110.216.196 base_port=26504 rdma_port=26504 payload_bytes=51
E20260317 17:50:58.895398 441699 consensus_manager_pbft.cpp:208] recv impl type:4 sender id:2 seq:76 primary:1 is recovery:0
E20260317 17:50:58.899168 441723 consensus_manager_pbft.cpp:208] recv impl type:4 sender id:1 seq:76 primary:1 is recovery:0
E20260317 17:50:58.900298 441725 rdma_replica_communicator.cpp:75] [RDMA] send target id=3 ip=128.110.216.196 base_port=26503 rdma_port=26503 payload_bytes=51
E20260317 17:50:58.902982 441675 consensus_manager_pbft.cpp:208] recv impl type:4 sender id:4 seq:76 primary:1 is recovery:0
E20260317 17:50:58.904479 441701 rdma_replica_communicator.cpp:75] [RDMA] send target id=4 ip=128.110.216.196 base_port=26504 rdma_port=26504 payload_bytes=51
E20260317 17:50:58.906844 441698 consensus_manager_pbft.cpp:208] recv impl type:4 sender id:3 seq:76 primary:1 is recovery:0
E20260317 17:50:58.907231 441676 checkpoint_manager.cpp:495] get high prepared seq:75
E20260317 17:50:58.908218 441650 checkpoint_manager.cpp:500] set high prepared seq:76
E20260317 17:50:58.911298 441724 consensus_manager_pbft.cpp:208] recv impl type:4 sender id:2 seq:76 primary:1 is recovery:0
E20260317 17:50:58.911700 441699 checkpoint_manager.cpp:495] get high prepared seq:75
E20260317 17:50:58.913322 441725 rdma_replica_communicator.cpp:75] [RDMA] send target id=4 ip=128.110.216.196 base_port=26504 rdma_port=26504 payload_bytes=51
E20260317 17:50:58.915629 441700 consensus_manager_pbft.cpp:208] recv impl type:4 sender id:4 seq:76 primary:1 is recovery:0
E20260317 17:50:58.918895 441723 consensus_manager_pbft.cpp:208] recv impl type:4 sender id:3 seq:76 primary:1 is recovery:0
E20260317 17:50:58.920250 441676 checkpoint_manager.cpp:500] set high prepared seq:76
E20260317 17:50:58.921188 441650 rdma_replica_communicator.cpp:75] [RDMA] send target id=1 ip=128.110.216.196 base_port=26501 rdma_port=26501 payload_bytes=53
E20260317 17:50:58.921981 441724 checkpoint_manager.cpp:495] get high prepared seq:75
E20260317 17:50:58.922960 441699 checkpoint_manager.cpp:500] set high prepared seq:76
E20260317 17:50:58.924036 441725 consensus_manager_pbft.cpp:208] recv impl type:4 sender id:4 seq:76 primary:1 is recovery:0
E20260317 17:50:58.927596 441676 rdma_replica_communicator.cpp:75] [RDMA] send target id=1 ip=128.110.216.196 base_port=26501 rdma_port=26501 payload_bytes=53
E20260317 17:50:58.928411 441650 rdma_replica_communicator.cpp:75] [RDMA] send target id=2 ip=128.110.216.196 base_port=26502 rdma_port=26502 payload_bytes=53
E20260317 17:50:58.931068 441653 consensus_manager_pbft.cpp:208] recv impl type:5 sender id:1 seq:76 primary:1 is recovery:0
E20260317 17:50:58.931588 441724 checkpoint_manager.cpp:500] set high prepared seq:76
E20260317 17:50:58.932312 441699 rdma_replica_communicator.cpp:75] [RDMA] send target id=1 ip=128.110.216.196 base_port=26501 rdma_port=26501 payload_bytes=53
E20260317 17:50:58.933825 441676 rdma_replica_communicator.cpp:75] [RDMA] send target id=2 ip=128.110.216.196 base_port=26502 rdma_port=26502 payload_bytes=53
E20260317 17:50:58.936316 441652 consensus_manager_pbft.cpp:208] recv impl type:5 sender id:2 seq:76 primary:1 is recovery:0
E20260317 17:50:58.936733 441650 rdma_replica_communicator.cpp:75] [RDMA] send target id=3 ip=128.110.216.196 base_port=26503 rdma_port=26503 payload_bytes=53
E20260317 17:50:58.939515 441677 consensus_manager_pbft.cpp:208] recv impl type:5 sender id:1 seq:76 primary:1 is recovery:0
E20260317 17:50:58.940925 441724 rdma_replica_communicator.cpp:75] [RDMA] send target id=1 ip=128.110.216.196 base_port=26501 rdma_port=26501 payload_bytes=53
E20260317 17:50:58.941751 441699 rdma_replica_communicator.cpp:75] [RDMA] send target id=2 ip=128.110.216.196 base_port=26502 rdma_port=26502 payload_bytes=53
E20260317 17:50:58.944237 441653 consensus_manager_pbft.cpp:208] recv impl type:5 sender id:3 seq:76 primary:1 is recovery:0
E20260317 17:50:58.944700 441676 rdma_replica_communicator.cpp:75] [RDMA] send target id=3 ip=128.110.216.196 base_port=26503 rdma_port=26503 payload_bytes=53
E20260317 17:50:58.947059 441675 consensus_manager_pbft.cpp:208] recv impl type:5 sender id:2 seq:76 primary:1 is recovery:0
E20260317 17:50:58.948311 441650 rdma_replica_communicator.cpp:75] [RDMA] send target id=4 ip=128.110.216.196 base_port=26504 rdma_port=26504 payload_bytes=53
E20260317 17:50:58.952307 441701 consensus_manager_pbft.cpp:208] recv impl type:5 sender id:1 seq:76 primary:1 is recovery:0
E20260317 17:50:58.953439 441724 rdma_replica_communicator.cpp:75] [RDMA] send target id=2 ip=128.110.216.196 base_port=26502 rdma_port=26502 payload_bytes=53
E20260317 17:50:58.955937 441652 consensus_manager_pbft.cpp:208] recv impl type:5 sender id:4 seq:76 primary:1 is recovery:0
E20260317 17:50:58.956382 441699 rdma_replica_communicator.cpp:75] [RDMA] send target id=3 ip=128.110.216.196 base_port=26503 rdma_port=26503 payload_bytes=53
E20260317 17:50:58.958732 441677 consensus_manager_pbft.cpp:208] recv impl type:5 sender id:3 seq:76 primary:1 is recovery:0
E20260317 17:50:58.959275 441653 checkpoint_manager.cpp:530]  add commited state:76
E20260317 17:50:58.974695 441575 transaction_manager.cpp:91]  execute batch seq:75
E20260317 17:50:58.960389 441556 transaction_manager.cpp:91]  execute batch seq:75
E20260317 17:50:58.960575 441676 rdma_replica_communicator.cpp:75] [RDMA] send target id=4 ip=128.110.216.196 base_port=26504 rdma_port=26504 payload_bytes=53
E20260317 17:50:58.962854 441700 consensus_manager_pbft.cpp:208] recv impl type:5 sender id:2 seq:76 primary:1 is recovery:0
E20260317 17:50:58.966288 441725 consensus_manager_pbft.cpp:208] recv impl type:5 sender id:1 seq:76 primary:1 is recovery:0
E20260317 17:50:58.967420 441724 rdma_replica_communicator.cpp:75] [RDMA] send target id=3 ip=128.110.216.196 base_port=26503 rdma_port=26503 payload_bytes=53
E20260317 17:50:58.969753 441675 consensus_manager_pbft.cpp:208] recv impl type:5 sender id:4 seq:76 primary:1 is recovery:0
E20260317 17:50:58.970177 441652 message_manager.cpp:204]  add request fail
E20260317 17:50:58.971000 441699 rdma_replica_communicator.cpp:75] [RDMA] send target id=4 ip=128.110.216.196 base_port=26504 rdma_port=26504 payload_bytes=53
E20260317 17:50:58.973299 441701 consensus_manager_pbft.cpp:208] recv impl type:5 sender id:3 seq:76 primary:1 is recovery:0
E20260317 17:50:58.973943 441677 checkpoint_manager.cpp:530]  add commited state:76
E20260317 17:50:58.990108 441600 transaction_manager.cpp:91]  execute batch seq:75
E20260317 17:50:58.959789 441547 lock_free_collector_pool.cpp:71]  update:332 seq:332 cap:256 update seq:76
E20260317 17:50:58.976560 441581 commitment.cpp:363] send back to proxy:1
E20260317 17:50:58.977558 441559 commitment.cpp:363] send back to proxy:1
E20260317 17:50:58.980279 441723 consensus_manager_pbft.cpp:208] recv impl type:5 sender id:2 seq:76 primary:1 is recovery:0
E20260317 17:50:58.982131 441724 rdma_replica_communicator.cpp:75] [RDMA] send target id=4 ip=128.110.216.196 base_port=26504 rdma_port=26504 payload_bytes=53
E20260317 17:50:58.984393 441700 consensus_manager_pbft.cpp:208] recv impl type:5 sender id:4 seq:76 primary:1 is recovery:0
E20260317 17:50:58.984867 441675 message_manager.cpp:204]  add request fail
E20260317 17:50:58.988605 441725 consensus_manager_pbft.cpp:208] recv impl type:5 sender id:3 seq:76 primary:1 is recovery:0
E20260317 17:50:58.989154 441701 checkpoint_manager.cpp:530]  add commited state:76
E20260317 17:50:59.000742 441623 transaction_manager.cpp:91]  execute batch seq:75
E20260317 17:50:58.974502 441569 lock_free_collector_pool.cpp:71]  update:332 seq:332 cap:256 update seq:76
E20260317 17:50:58.991508 441603 commitment.cpp:363] send back to proxy:1
E20260317 17:50:58.993139 441581 rdma_replica_communicator.cpp:75] [RDMA] send target id=1 ip=128.110.216.196 base_port=26501 rdma_port=26501 payload_bytes=53
E20260317 17:50:58.994046 441559 rdma_replica_communicator.cpp:75] [RDMA] send target id=1 ip=128.110.216.196 base_port=26501 rdma_port=26501 payload_bytes=53
E20260317 17:50:58.997714 441724 consensus_manager_pbft.cpp:208] recv impl type:5 sender id:4 seq:76 primary:1 is recovery:0
E20260317 17:50:58.998184 441700 message_manager.cpp:204]  add request fail
E20260317 17:50:58.999926 441725 checkpoint_manager.cpp:530]  add commited state:76
E20260317 17:50:59.000429 441613 lock_free_collector_pool.cpp:71]  update:332 seq:332 cap:256 update seq:76
E20260317 17:50:58.989701 441591 lock_free_collector_pool.cpp:71]  update:332 seq:332 cap:256 update seq:76
E20260317 17:50:59.002261 441625 commitment.cpp:363] send back to proxy:1
E20260317 17:50:59.003779 441603 rdma_replica_communicator.cpp:75] [RDMA] send target id=1 ip=128.110.216.196 base_port=26501 rdma_port=26501 payload_bytes=53
E20260317 17:50:59.007407 441653 consensus_manager_pbft.cpp:208] recv impl type:7 sender id:2 seq:76 primary:1 is recovery:0
E20260317 17:50:59.010421 441652 consensus_manager_pbft.cpp:208] recv impl type:7 sender id:1 seq:76 primary:1 is recovery:0
E20260317 17:50:59.010783 441724 message_manager.cpp:204]  add request fail
E20260317 17:50:59.014991 441625 rdma_replica_communicator.cpp:75] [RDMA] send target id=1 ip=128.110.216.196 base_port=26501 rdma_port=26501 payload_bytes=53
E20260317 17:50:59.018313 441651 consensus_manager_pbft.cpp:208] recv impl type:7 sender id:3 seq:76 primary:1 is recovery:0
E20260317 17:50:59.018684 441653 response_manager.cpp:187]  receive request seq:76 type:7 local id:76
E20260317 17:50:59.019516 441652 response_manager.cpp:187]  receive request seq:76 type:7 local id:76
E20260317 17:50:59.023540 441650 consensus_manager_pbft.cpp:208] recv impl type:7 sender id:4 seq:76 primary:1 is recovery:0
E20260317 17:50:59.023913 441651 response_manager.cpp:187]  receive request seq:76 type:7 local id:76
E20260317 17:50:59.024712 441653 response_manager.cpp:214]  get receive count:0 seq:76
E20260317 17:50:59.025524 441652 response_manager.cpp:214]  get receive count:1 seq:76
E20260317 17:50:59.026340 441650 response_manager.cpp:187]  receive request seq:76 type:7 local id:76
E20260317 17:50:59.028544 441652 lock_free_collector_pool.cpp:71]  update:332 seq:332 cap:256 update seq:76
E20260317 17:50:59.030207 441652 response_manager.cpp:227] SendResponseToClient local_id:76 seq:76 proxy_id:1
E20260317 17:50:59.030958 441652 lock_free_collector_pool.cpp:71]  update:332 seq:332 cap:256 update seq:76
E20260317 17:50:59.032050 441545 consensus_server.cpp:223] Selftest completed request i=74 ret=0 value=light_value
E20260317 17:50:59.032197 441652 response_manager.cpp:259] response sent to client local_id:76 seq:76
E20260317 17:51:00.035678 441545 consensus_server.cpp:291] Self-test passed mode=basic_ring (GET verified, last_value=light_value)
E20260317 17:51:00.036134 441545 consensus_server.cpp:294] RESULT mode=basic_ring num_requests=75 total_time_s=22.3184 throughput_rps=3.36046 avg_us=297574 p50_us=297496 p95_us=300909 p99_us=301924 min_us=294069 max_us=301932 status=OK
E20260317 17:51:03.555122 441546 stats.cpp:474]   req client latency:0.000189587
% time     seconds  usecs/call     calls    errors syscall
------ ----------- ----------- --------- --------- ------------------
 89.47  623.381650        3146    198100     59772 futex
  2.97   20.717053        2980      6951           clock_nanosleep
  2.28   15.897790     1987223         8           epoll_pwait
  2.24   15.635454       15209      1028           ppoll
  2.20   15.363072       98481       156        80 accept
  0.53    3.663053       12049       304           recvfrom
  0.12    0.853918          29     29213         4 write
  0.08    0.589580          20     28452           getpid
  0.08    0.522802          40     12773           gettid
  0.00    0.020040          19      1044           mprotect
  0.00    0.019858          63       312           sendto
  0.00    0.019325         203        95           setsockopt
  0.00    0.010176          55       185           clone
  0.00    0.009628          12       751           rt_sigprocmask
  0.00    0.004498          10       426           mmap
  0.00    0.004419          19       226           close
  0.00    0.004260          23       185           madvise
  0.00    0.004117          53        77         1 connect
  0.00    0.004058           9       408           brk
  0.00    0.003744           8       468         1 ioctl
  0.00    0.003179          11       287           munmap
  0.00    0.002748          14       186           set_robust_list
  0.00    0.002574          13       186           rseq
  0.00    0.000784          11        68         2 openat
  0.00    0.000616           7        88         1 newfstatat
  0.00    0.000397           7        55           read
  0.00    0.000190           6        28           recvmsg
  0.00    0.000116           1        92           socket
  0.00    0.000098           6        16           epoll_ctl
  0.00    0.000091          30         3           sendmsg
  0.00    0.000067          33         2           getdents64
  0.00    0.000038           2        14           bind
  0.00    0.000026           4         6           getsockname
  0.00    0.000024          24         1           sched_getaffinity
  0.00    0.000016           5         3         3 unlinkat
  0.00    0.000014           3         4           lseek
  0.00    0.000014           4         3           geteuid
  0.00    0.000013           2         6           fcntl
  0.00    0.000013           4         3         3 symlinkat
  0.00    0.000012           6         2           prlimit64
  0.00    0.000010           2         4           uname
  0.00    0.000009           4         2           getuid
  0.00    0.000006           6         1           set_tid_address
  0.00    0.000006           6         1           getrandom
  0.00    0.000003           0        15           rt_sigaction
  0.00    0.000002           0         8           listen
  0.00    0.000000           0         4           eventfd2
  0.00    0.000000           0         4           epoll_create1
  0.00    0.000000           0         1         1 faccessat
  0.00    0.000000           0         4           timerfd_create
  0.00    0.000000           0         1           execve
------ ----------- ----------- --------- --------- ------------------
100.00  696.739561        2468    282260     59868 total",
2026-03-17T17:52:48,basic_ring,128.110.216.196,26500,75,5,0,35.08402753807604,5.89276e-06,basic_ring,basic_ring,75,7.99393,9.38212,106582.0,106638.0,107223.0,108043.0,105765.0,108231.0,OK,"NO shared receive
>>>>>>>> post recvs
connect request had data with it: 56 bytes
>>>>>>>> post recvs
[BasicServer] accepted client 2
NO shared receive
>>>>>>>> post recvs
connect request had data with it: 56 bytes
>>>>>>>> post recvs
[BasicServer] accepted client 2
NO shared receive
>>>>>>>> post recvs
connect request had data with it: 56 bytes
>>>>>>>> post recvs
[BasicServer] accepted client 2
NO shared receive
>>>>>>>> post recvs
connect request had data with it: 56 bytes
>>>>>>>> post recvs
[BasicServer] accepted client 2
NO shared receive
>>>>>>>> post recvs
connect request had data with it: 56 bytes
>>>>>>>> post recvs
[BasicServer] accepted client 3
NO shared receive
>>>>>>>> post recvs
connect request had data with it: 56 bytes
>>>>>>>> post recvs
[BasicServer] accepted client 3
NO shared receive
>>>>>>>> post recvs
connect request had data with it: 56 bytes
>>>>>>>> post recvs
[BasicServer] accepted client 3
NO shared receive
>>>>>>>> post recvs
connect request had data with it: 56 bytes
>>>>>>>> post recvs
[BasicServer] accepted client 3","E20260317 17:51:34.480177 441928 rdma_replica_communicator.cpp:75] [RDMA] send target id=3 ip=128.110.216.196 base_port=26503 rdma_port=26503 payload_bytes=53
E20260317 17:51:34.480722 441928 rdma_replica_communicator.cpp:75] [RDMA] send target id=4 ip=128.110.216.196 base_port=26504 rdma_port=26504 payload_bytes=53
E20260317 17:51:34.480186 441792 transaction_manager.cpp:91]  execute batch seq:75
E20260317 17:51:34.479902 441844 checkpoint_manager.cpp:530]  add commited state:76
E20260317 17:51:34.480293 441868 message_manager.cpp:204]  add request fail
E20260317 17:51:34.480334 441833 message_manager.cpp:204]  add request fail
E20260317 17:51:34.480082 441772 rdma_replica_communicator.cpp:75] [RDMA] send target id=1 ip=128.110.216.196 base_port=26501 rdma_port=26501 payload_bytes=53
E20260317 17:51:34.480477 441915 consensus_manager_pbft.cpp:208] recv impl type:5 sender id:2 seq:76 primary:1 is recovery:0
E20260317 17:51:34.480129 441900 checkpoint_manager.cpp:530]  add commited state:76
E20260317 17:51:34.480574 441750 rdma_replica_communicator.cpp:75] [RDMA] send target id=1 ip=128.110.216.196 base_port=26501 rdma_port=26501 payload_bytes=53
E20260317 17:51:34.480672 441921 consensus_manager_pbft.cpp:208] recv impl type:5 sender id:3 seq:76 primary:1 is recovery:0
E20260317 17:51:34.481281 441921 checkpoint_manager.cpp:530]  add commited state:76
E20260317 17:51:34.480865 441794 commitment.cpp:363] send back to proxy:1
E20260317 17:51:34.480953 441914 consensus_manager_pbft.cpp:208] recv impl type:5 sender id:4 seq:76 primary:1 is recovery:0
E20260317 17:51:34.481138 441844 consensus_manager_pbft.cpp:208] recv impl type:7 sender id:2 seq:76 primary:1 is recovery:0
E20260317 17:51:34.481459 441844 response_manager.cpp:187]  receive request seq:76 type:7 local id:76
E20260317 17:51:34.480784 441896 consensus_manager_pbft.cpp:208] recv impl type:5 sender id:4 seq:76 primary:1 is recovery:0
E20260317 17:51:34.481352 441804 lock_free_collector_pool.cpp:71]  update:332 seq:332 cap:256 update seq:76
E20260317 17:51:34.481379 441794 rdma_replica_communicator.cpp:75] [RDMA] send target id=1 ip=128.110.216.196 base_port=26501 rdma_port=26501 payload_bytes=53
E20260317 17:51:34.481381 441809 transaction_manager.cpp:91]  execute batch seq:75
E20260317 17:51:34.481746 441830 consensus_manager_pbft.cpp:208] recv impl type:7 sender id:3 seq:76 primary:1 is recovery:0
E20260317 17:51:34.481794 441830 response_manager.cpp:187]  receive request seq:76 type:7 local id:76
E20260317 17:51:34.481832 441830 response_manager.cpp:214]  get receive count:1 seq:76
E20260317 17:51:34.481860 441830 lock_free_collector_pool.cpp:71]  update:332 seq:332 cap:256 update seq:76
E20260317 17:51:34.481755 441816 commitment.cpp:363] send back to proxy:1
E20260317 17:51:34.481299 441835 consensus_manager_pbft.cpp:208] recv impl type:7 sender id:1 seq:76 primary:1 is recovery:0
E20260317 17:51:34.481496 441844 response_manager.cpp:214]  get receive count:0 seq:76
E20260317 17:51:34.481544 441896 message_manager.cpp:188]  seq:76 type:5 has been committed
E20260317 17:51:34.481909 441830 response_manager.cpp:227] SendResponseToClient local_id:76 seq:76 proxy_id:1
E20260317 17:51:34.481419 441914 message_manager.cpp:188]  seq:76 type:5 has been committed
E20260317 17:51:34.481978 441816 rdma_replica_communicator.cpp:75] [RDMA] send target id=1 ip=128.110.216.196 base_port=26501 rdma_port=26501 payload_bytes=53
E20260317 17:51:34.482016 441835 response_manager.cpp:187]  receive request seq:76 type:7 local id:76
E20260317 17:51:34.482326 441835 consensus_manager_pbft.cpp:208] recv impl type:7 sender id:4 seq:76 primary:1 is recovery:0
E20260317 17:51:34.482354 441835 response_manager.cpp:187]  receive request seq:76 type:7 local id:76
E20260317 17:51:34.482188 441830 lock_free_collector_pool.cpp:71]  update:332 seq:332 cap:256 update seq:76
E20260317 17:51:34.482529 441830 response_manager.cpp:259] response sent to client local_id:76 seq:76
E20260317 17:51:34.482538 441736 consensus_server.cpp:223] Selftest completed request i=74 ret=0 value=light_value
E20260317 17:51:35.571352 441736 consensus_server.cpp:291] Self-test passed mode=basic_ring (GET verified, last_value=light_value)
E20260317 17:51:35.571449 441736 consensus_server.cpp:294] RESULT mode=basic_ring num_requests=75 total_time_s=7.99393 throughput_rps=9.38212 avg_us=106582 p50_us=106638 p95_us=107223 p99_us=108043 min_us=105765 max_us=108231 status=OK
E20260317 17:51:38.654114 441737 stats.cpp:474]   req client latency:5.62862e-06","E20260317 17:52:23.874692 442054 consensus_manager_pbft.cpp:208] recv impl type:7 sender id:1 seq:75 primary:1 is recovery:0
E20260317 17:52:23.876645 442102 message_manager.cpp:188]  seq:75 type:5 has been committed
E20260317 17:52:23.877410 442125 message_manager.cpp:188]  seq:75 type:5 has been committed
E20260317 17:52:23.878449 442027 rdma_replica_communicator.cpp:75] [RDMA] send target id=1 ip=128.110.216.196 base_port=26501 rdma_port=26501 payload_bytes=53
E20260317 17:52:23.879292 442005 rdma_replica_communicator.cpp:75] [RDMA] send target id=1 ip=128.110.216.196 base_port=26501 rdma_port=26501 payload_bytes=53
E20260317 17:52:23.880126 442055 response_manager.cpp:187]  receive request seq:75 type:7 local id:75
E20260317 17:52:23.880937 442054 response_manager.cpp:187]  receive request seq:75 type:7 local id:75
E20260317 17:52:23.886092 442053 consensus_manager_pbft.cpp:208] recv impl type:7 sender id:4 seq:75 primary:1 is recovery:0
E20260317 17:52:23.888860 442052 consensus_manager_pbft.cpp:208] recv impl type:7 sender id:3 seq:75 primary:1 is recovery:0
E20260317 17:52:23.889318 442055 response_manager.cpp:214]  get receive count:0 seq:75
E20260317 17:52:23.890139 442054 response_manager.cpp:214]  get receive count:1 seq:75
E20260317 17:52:23.890991 442053 response_manager.cpp:187]  receive request seq:75 type:7 local id:75
E20260317 17:52:23.891845 442052 response_manager.cpp:187]  receive request seq:75 type:7 local id:75
E20260317 17:52:23.893496 442054 lock_free_collector_pool.cpp:71]  update:331 seq:331 cap:256 update seq:75
E20260317 17:52:23.896005 442054 response_manager.cpp:227] SendResponseToClient local_id:75 seq:75 proxy_id:1
E20260317 17:52:23.896795 442054 lock_free_collector_pool.cpp:71]  update:331 seq:331 cap:256 update seq:75
E20260317 17:52:23.897943 441947 consensus_server.cpp:223] Selftest completed request i=73 ret=0 value=light_value
E20260317 17:52:23.897943 442054 response_manager.cpp:259] response sent to client local_id:75 seq:75
E20260317 17:52:23.899199 441947 consensus_server.cpp:221] Selftest sending request i=74
E20260317 17:52:23.904687 442055 consensus_manager_pbft.cpp:208] recv impl type:2 sender id:0 seq:0 primary:1 is recovery:0
E20260317 17:52:24.006304 441963 response_manager.cpp:327] add context list:0 list size:1 local_id:76
E20260317 17:52:24.007149 441963 rdma_replica_communicator.cpp:75] [RDMA] send target id=1 ip=128.110.216.196 base_port=26501 rdma_port=26501 payload_bytes=82
E20260317 17:52:24.010641 442055 consensus_manager_pbft.cpp:208] recv impl type:14 sender id:1 seq:0 primary:1 is recovery:0
E20260317 17:52:24.011443 442055 rdma_replica_communicator.cpp:75] [RDMA] send target id=1 ip=128.110.216.196 base_port=26501 rdma_port=26501 payload_bytes=89
E20260317 17:52:24.012247 442055 rdma_replica_communicator.cpp:75] [RDMA] send target id=2 ip=128.110.216.196 base_port=26502 rdma_port=26502 payload_bytes=89
E20260317 17:52:24.014756 442054 consensus_manager_pbft.cpp:208] recv impl type:3 sender id:1 seq:76 primary:1 is recovery:0
E20260317 17:52:24.015264 442055 rdma_replica_communicator.cpp:75] [RDMA] send target id=3 ip=128.110.216.196 base_port=26503 rdma_port=26503 payload_bytes=89
E20260317 17:52:24.017923 442079 consensus_manager_pbft.cpp:208] recv impl type:3 sender id:1 seq:76 primary:1 is recovery:0
E20260317 17:52:24.018460 442054 rdma_replica_communicator.cpp:75] [RDMA] send target id=1 ip=128.110.216.196 base_port=26501 rdma_port=26501 payload_bytes=51
E20260317 17:52:24.019279 442055 rdma_replica_communicator.cpp:75] [RDMA] send target id=4 ip=128.110.216.196 base_port=26504 rdma_port=26504 payload_bytes=89
E20260317 17:52:24.021750 442103 consensus_manager_pbft.cpp:208] recv impl type:3 sender id:1 seq:76 primary:1 is recovery:0
E20260317 17:52:24.022364 442079 rdma_replica_communicator.cpp:75] [RDMA] send target id=1 ip=128.110.216.196 base_port=26501 rdma_port=26501 payload_bytes=51
E20260317 17:52:24.023142 442054 rdma_replica_communicator.cpp:75] [RDMA] send target id=2 ip=128.110.216.196 base_port=26502 rdma_port=26502 payload_bytes=51
E20260317 17:52:24.025616 442053 consensus_manager_pbft.cpp:208] recv impl type:4 sender id:1 seq:76 primary:1 is recovery:0
E20260317 17:52:24.028517 442127 consensus_manager_pbft.cpp:208] recv impl type:3 sender id:1 seq:76 primary:1 is recovery:0
E20260317 17:52:24.028846 442103 rdma_replica_communicator.cpp:75] [RDMA] send target id=1 ip=128.110.216.196 base_port=26501 rdma_port=26501 payload_bytes=51
E20260317 17:52:24.029758 442079 rdma_replica_communicator.cpp:75] [RDMA] send target id=2 ip=128.110.216.196 base_port=26502 rdma_port=26502 payload_bytes=51
E20260317 17:52:24.032248 442055 consensus_manager_pbft.cpp:208] recv impl type:4 sender id:2 seq:76 primary:1 is recovery:0
E20260317 17:52:24.032639 442054 rdma_replica_communicator.cpp:75] [RDMA] send target id=3 ip=128.110.216.196 base_port=26503 rdma_port=26503 payload_bytes=51
E20260317 17:52:24.035089 442078 consensus_manager_pbft.cpp:208] recv impl type:4 sender id:1 seq:76 primary:1 is recovery:0
E20260317 17:52:24.036324 442127 rdma_replica_communicator.cpp:75] [RDMA] send target id=1 ip=128.110.216.196 base_port=26501 rdma_port=26501 payload_bytes=51
E20260317 17:52:24.037065 442103 rdma_replica_communicator.cpp:75] [RDMA] send target id=2 ip=128.110.216.196 base_port=26502 rdma_port=26502 payload_bytes=51
E20260317 17:52:24.039492 442053 consensus_manager_pbft.cpp:208] recv impl type:4 sender id:3 seq:76 primary:1 is recovery:0
E20260317 17:52:24.039887 442079 rdma_replica_communicator.cpp:75] [RDMA] send target id=3 ip=128.110.216.196 base_port=26503 rdma_port=26503 payload_bytes=51
E20260317 17:52:24.042390 442077 consensus_manager_pbft.cpp:208] recv impl type:4 sender id:2 seq:76 primary:1 is recovery:0
E20260317 17:52:24.043599 442054 rdma_replica_communicator.cpp:75] [RDMA] send target id=4 ip=128.110.216.196 base_port=26504 rdma_port=26504 payload_bytes=51
E20260317 17:52:24.046072 442102 consensus_manager_pbft.cpp:208] recv impl type:4 sender id:1 seq:76 primary:1 is recovery:0
E20260317 17:52:24.047529 442127 rdma_replica_communicator.cpp:75] [RDMA] send target id=2 ip=128.110.216.196 base_port=26502 rdma_port=26502 payload_bytes=51
E20260317 17:52:24.049935 442055 consensus_manager_pbft.cpp:208] recv impl type:4 sender id:4 seq:76 primary:1 is recovery:0
E20260317 17:52:24.050331 442103 rdma_replica_communicator.cpp:75] [RDMA] send target id=3 ip=128.110.216.196 base_port=26503 rdma_port=26503 payload_bytes=51
E20260317 17:52:24.052806 442078 consensus_manager_pbft.cpp:208] recv impl type:4 sender id:3 seq:76 primary:1 is recovery:0
E20260317 17:52:24.053191 442053 checkpoint_manager.cpp:495] get high prepared seq:75
E20260317 17:52:24.054040 442079 rdma_replica_communicator.cpp:75] [RDMA] send target id=4 ip=128.110.216.196 base_port=26504 rdma_port=26504 payload_bytes=51
E20260317 17:52:24.056334 442101 consensus_manager_pbft.cpp:208] recv impl type:4 sender id:2 seq:76 primary:1 is recovery:0
E20260317 17:52:24.059913 442126 consensus_manager_pbft.cpp:208] recv impl type:4 sender id:1 seq:76 primary:1 is recovery:0
E20260317 17:52:24.061148 442127 rdma_replica_communicator.cpp:75] [RDMA] send target id=3 ip=128.110.216.196 base_port=26503 rdma_port=26503 payload_bytes=51
E20260317 17:52:24.063701 442077 consensus_manager_pbft.cpp:208] recv impl type:4 sender id:4 seq:76 primary:1 is recovery:0
E20260317 17:52:24.064885 442103 rdma_replica_communicator.cpp:75] [RDMA] send target id=4 ip=128.110.216.196 base_port=26504 rdma_port=26504 payload_bytes=51
E20260317 17:52:24.067134 442102 consensus_manager_pbft.cpp:208] recv impl type:4 sender id:3 seq:76 primary:1 is recovery:0
E20260317 17:52:24.067703 442078 checkpoint_manager.cpp:495] get high prepared seq:75
E20260317 17:52:24.068708 442053 checkpoint_manager.cpp:500] set high prepared seq:76
E20260317 17:52:24.071584 442125 consensus_manager_pbft.cpp:208] recv impl type:4 sender id:2 seq:76 primary:1 is recovery:0
E20260317 17:52:24.072024 442101 checkpoint_manager.cpp:495] get high prepared seq:75
E20260317 17:52:24.073680 442127 rdma_replica_communicator.cpp:75] [RDMA] send target id=4 ip=128.110.216.196 base_port=26504 rdma_port=26504 payload_bytes=51
E20260317 17:52:24.075786 442100 consensus_manager_pbft.cpp:208] recv impl type:4 sender id:4 seq:76 primary:1 is recovery:0
E20260317 17:52:24.079105 442126 consensus_manager_pbft.cpp:208] recv impl type:4 sender id:3 seq:76 primary:1 is recovery:0
E20260317 17:52:24.080400 442078 checkpoint_manager.cpp:500] set high prepared seq:76
E20260317 17:52:24.081127 442053 rdma_replica_communicator.cpp:75] [RDMA] send target id=1 ip=128.110.216.196 base_port=26501 rdma_port=26501 payload_bytes=53
E20260317 17:52:24.082079 442125 checkpoint_manager.cpp:495] get high prepared seq:75
E20260317 17:52:24.083011 442101 checkpoint_manager.cpp:500] set high prepared seq:76
E20260317 17:52:24.084260 442127 consensus_manager_pbft.cpp:208] recv impl type:4 sender id:4 seq:76 primary:1 is recovery:0
E20260317 17:52:24.088145 442078 rdma_replica_communicator.cpp:75] [RDMA] send target id=1 ip=128.110.216.196 base_port=26501 rdma_port=26501 payload_bytes=53
E20260317 17:52:24.088963 442053 rdma_replica_communicator.cpp:75] [RDMA] send target id=2 ip=128.110.216.196 base_port=26502 rdma_port=26502 payload_bytes=53
E20260317 17:52:24.091576 442055 consensus_manager_pbft.cpp:208] recv impl type:5 sender id:1 seq:76 primary:1 is recovery:0
E20260317 17:52:24.092052 442125 checkpoint_manager.cpp:500] set high prepared seq:76
E20260317 17:52:24.092751 442101 rdma_replica_communicator.cpp:75] [RDMA] send target id=1 ip=128.110.216.196 base_port=26501 rdma_port=26501 payload_bytes=53
E20260317 17:52:24.094206 442078 rdma_replica_communicator.cpp:75] [RDMA] send target id=2 ip=128.110.216.196 base_port=26502 rdma_port=26502 payload_bytes=53
E20260317 17:52:24.096856 442054 consensus_manager_pbft.cpp:208] recv impl type:5 sender id:2 seq:76 primary:1 is recovery:0
E20260317 17:52:24.097270 442053 rdma_replica_communicator.cpp:75] [RDMA] send target id=3 ip=128.110.216.196 base_port=26503 rdma_port=26503 payload_bytes=53
E20260317 17:52:24.099962 442079 consensus_manager_pbft.cpp:208] recv impl type:5 sender id:1 seq:76 primary:1 is recovery:0
E20260317 17:52:24.101202 442125 rdma_replica_communicator.cpp:75] [RDMA] send target id=1 ip=128.110.216.196 base_port=26501 rdma_port=26501 payload_bytes=53
E20260317 17:52:24.101989 442101 rdma_replica_communicator.cpp:75] [RDMA] send target id=2 ip=128.110.216.196 base_port=26502 rdma_port=26502 payload_bytes=53
E20260317 17:52:24.105101 442055 consensus_manager_pbft.cpp:208] recv impl type:5 sender id:3 seq:76 primary:1 is recovery:0
E20260317 17:52:24.105530 442078 rdma_replica_communicator.cpp:75] [RDMA] send target id=3 ip=128.110.216.196 base_port=26503 rdma_port=26503 payload_bytes=53
E20260317 17:52:24.108279 442064 consensus_manager_pbft.cpp:208] recv impl type:5 sender id:2 seq:76 primary:1 is recovery:0
E20260317 17:52:24.109615 442053 rdma_replica_communicator.cpp:75] [RDMA] send target id=4 ip=128.110.216.196 base_port=26504 rdma_port=26504 payload_bytes=53
E20260317 17:52:24.111971 442103 consensus_manager_pbft.cpp:208] recv impl type:5 sender id:1 seq:76 primary:1 is recovery:0
E20260317 17:52:24.113185 442125 rdma_replica_communicator.cpp:75] [RDMA] send target id=2 ip=128.110.216.196 base_port=26502 rdma_port=26502 payload_bytes=53
E20260317 17:52:24.115707 442052 consensus_manager_pbft.cpp:208] recv impl type:5 sender id:4 seq:76 primary:1 is recovery:0
E20260317 17:52:24.116122 442101 rdma_replica_communicator.cpp:75] [RDMA] send target id=3 ip=128.110.216.196 base_port=26503 rdma_port=26503 payload_bytes=53
E20260317 17:52:24.118534 442079 consensus_manager_pbft.cpp:208] recv impl type:5 sender id:3 seq:76 primary:1 is recovery:0
E20260317 17:52:24.119076 442055 checkpoint_manager.cpp:530]  add commited state:76
E20260317 17:52:24.134282 441971 lock_free_collector_pool.cpp:71]  update:332 seq:332 cap:256 update seq:76
E20260317 17:52:24.120055 441955 transaction_manager.cpp:91]  execute batch seq:75
E20260317 17:52:24.120174 442078 rdma_replica_communicator.cpp:75] [RDMA] send target id=4 ip=128.110.216.196 base_port=26504 rdma_port=26504 payload_bytes=53
E20260317 17:52:24.122507 442102 consensus_manager_pbft.cpp:208] recv impl type:5 sender id:2 seq:76 primary:1 is recovery:0
E20260317 17:52:24.126077 442127 consensus_manager_pbft.cpp:208] recv impl type:5 sender id:1 seq:76 primary:1 is recovery:0
E20260317 17:52:24.127147 442125 rdma_replica_communicator.cpp:75] [RDMA] send target id=3 ip=128.110.216.196 base_port=26503 rdma_port=26503 payload_bytes=53
E20260317 17:52:24.129501 442077 consensus_manager_pbft.cpp:208] recv impl type:5 sender id:4 seq:76 primary:1 is recovery:0
E20260317 17:52:24.129875 442052 message_manager.cpp:204]  add request fail
E20260317 17:52:24.130739 442101 rdma_replica_communicator.cpp:75] [RDMA] send target id=4 ip=128.110.216.196 base_port=26504 rdma_port=26504 payload_bytes=53
E20260317 17:52:24.132987 442103 consensus_manager_pbft.cpp:208] recv impl type:5 sender id:3 seq:76 primary:1 is recovery:0
E20260317 17:52:24.133553 442079 checkpoint_manager.cpp:530]  add commited state:76
E20260317 17:52:24.149765 442003 transaction_manager.cpp:91]  execute batch seq:75
E20260317 17:52:24.119635 441949 lock_free_collector_pool.cpp:71]  update:332 seq:332 cap:256 update seq:76
E20260317 17:52:24.136988 441961 commitment.cpp:363] send back to proxy:1
E20260317 17:52:24.139631 442126 consensus_manager_pbft.cpp:208] recv impl type:5 sender id:2 seq:76 primary:1 is recovery:0
E20260317 17:52:24.141546 442125 rdma_replica_communicator.cpp:75] [RDMA] send target id=4 ip=128.110.216.196 base_port=26504 rdma_port=26504 payload_bytes=53
E20260317 17:52:24.143829 442102 consensus_manager_pbft.cpp:208] recv impl type:5 sender id:4 seq:76 primary:1 is recovery:0
E20260317 17:52:24.144392 442077 message_manager.cpp:204]  add request fail
E20260317 17:52:24.147852 442113 consensus_manager_pbft.cpp:208] recv impl type:5 sender id:3 seq:76 primary:1 is recovery:0
E20260317 17:52:24.148912 442103 checkpoint_manager.cpp:530]  add commited state:76
E20260317 17:52:24.159228 442015 lock_free_collector_pool.cpp:71]  update:332 seq:332 cap:256 update seq:76
E20260317 17:52:24.134491 441978 transaction_manager.cpp:91]  execute batch seq:75
E20260317 17:52:24.151304 442005 commitment.cpp:363] send back to proxy:1
E20260317 17:52:24.152644 441961 rdma_replica_communicator.cpp:75] [RDMA] send target id=1 ip=128.110.216.196 base_port=26501 rdma_port=26501 payload_bytes=53
E20260317 17:52:24.154706 442125 consensus_manager_pbft.cpp:208] recv impl type:5 sender id:4 seq:76 primary:1 is recovery:0
E20260317 17:52:24.156782 442102 message_manager.cpp:204]  add request fail
E20260317 17:52:24.158532 442113 checkpoint_manager.cpp:530]  add commited state:76
E20260317 17:52:24.149416 441993 lock_free_collector_pool.cpp:71]  update:332 seq:332 cap:256 update seq:76
E20260317 17:52:24.159428 442023 transaction_manager.cpp:91]  execute batch seq:75
E20260317 17:52:24.161931 441983 commitment.cpp:363] send back to proxy:1
E20260317 17:52:24.162434 442005 rdma_replica_communicator.cpp:75] [RDMA] send target id=1 ip=128.110.216.196 base_port=26501 rdma_port=26501 payload_bytes=53
E20260317 17:52:24.166067 442055 consensus_manager_pbft.cpp:208] recv impl type:7 sender id:1 seq:76 primary:1 is recovery:0
E20260317 17:52:24.166427 442125 message_manager.cpp:204]  add request fail
E20260317 17:52:24.170209 442027 commitment.cpp:363] send back to proxy:1
E20260317 17:52:24.170732 441983 rdma_replica_communicator.cpp:75] [RDMA] send target id=1 ip=128.110.216.196 base_port=26501 rdma_port=26501 payload_bytes=53
E20260317 17:52:24.174191 442054 consensus_manager_pbft.cpp:208] recv impl type:7 sender id:3 seq:76 primary:1 is recovery:0
E20260317 17:52:24.174525 442055 response_manager.cpp:187]  receive request seq:76 type:7 local id:76
E20260317 17:52:24.176132 442027 rdma_replica_communicator.cpp:75] [RDMA] send target id=1 ip=128.110.216.196 base_port=26501 rdma_port=26501 payload_bytes=53
E20260317 17:52:24.179436 442053 consensus_manager_pbft.cpp:208] recv impl type:7 sender id:2 seq:76 primary:1 is recovery:0
E20260317 17:52:24.179826 442054 response_manager.cpp:187]  receive request seq:76 type:7 local id:76
E20260317 17:52:24.180635 442055 response_manager.cpp:214]  get receive count:0 seq:76
E20260317 17:52:24.183873 442052 consensus_manager_pbft.cpp:208] recv impl type:7 sender id:4 seq:76 primary:1 is recovery:0
E20260317 17:52:24.184271 442053 response_manager.cpp:187]  receive request seq:76 type:7 local id:76
E20260317 17:52:24.185047 442054 response_manager.cpp:214]  get receive count:1 seq:76
E20260317 17:52:24.186954 442052 response_manager.cpp:187]  receive request seq:76 type:7 local id:76
E20260317 17:52:24.188570 442054 lock_free_collector_pool.cpp:71]  update:332 seq:332 cap:256 update seq:76
E20260317 17:52:24.190193 442054 response_manager.cpp:227] SendResponseToClient local_id:76 seq:76 proxy_id:1
E20260317 17:52:24.190987 442054 lock_free_collector_pool.cpp:71]  update:332 seq:332 cap:256 update seq:76
E20260317 17:52:24.192639 441947 consensus_server.cpp:223] Selftest completed request i=74 ret=0 value=light_value
E20260317 17:52:24.192950 442054 response_manager.cpp:259] response sent to client local_id:76 seq:76
E20260317 17:52:25.196025 441947 consensus_server.cpp:291] Self-test passed mode=basic_ring (GET verified, last_value=light_value)
E20260317 17:52:25.196532 441947 consensus_server.cpp:294] RESULT mode=basic_ring num_requests=75 total_time_s=22.2291 throughput_rps=3.37395 avg_us=296384 p50_us=296468 p95_us=299379 p99_us=299738 min_us=291734 max_us=301659 status=OK
E20260317 17:52:28.799382 441948 stats.cpp:474]   req client latency:0.000184669
% time     seconds  usecs/call     calls    errors syscall
------ ----------- ----------- --------- --------- ------------------
 89.43  673.775368        3400    198123     59815 futex
  2.98   22.481080        3235      6948           clock_nanosleep
  2.28   17.176277     2147034         8           epoll_pwait
  2.25   16.943092       16545      1024           ppoll
  2.20   16.569853      106217       156        80 accept
  0.52    3.945169       12977       304           recvfrom
  0.13    1.004504          34     29213         4 write
  0.09    0.711634          25     28452           getpid
  0.09    0.654730          51     12773           gettid
  0.00    0.032191          30      1047           mprotect
  0.00    0.024811          79       312           sendto
  0.00    0.018503          39       468         1 ioctl
  0.00    0.015017         195        77         1 connect
  0.00    0.013719          74       185           clone
  0.00    0.012398          16       751           rt_sigprocmask
  0.00    0.011896         125        95           setsockopt
  0.00    0.010316          35       287           munmap
  0.00    0.008199          36       227           close
  0.00    0.005571          13       425           mmap
  0.00    0.005000          26       186           madvise
  0.00    0.003328          17       186           set_robust_list
  0.00    0.003236          17       186           rseq
  0.00    0.002973           7       408           brk
  0.00    0.000777          11        69         2 openat
  0.00    0.000380          13        28           recvmsg
  0.00    0.000316           3        88         1 newfstatat
  0.00    0.000208           2        92           socket
  0.00    0.000153           9        16           epoll_ctl
  0.00    0.000129           9        14           bind
  0.00    0.000118           2        56           read
  0.00    0.000081           5        15           rt_sigaction
  0.00    0.000063          63         1           sched_getaffinity
  0.00    0.000049          16         3         3 unlinkat
  0.00    0.000046           5         8           listen
  0.00    0.000045           7         6           fcntl
  0.00    0.000044          14         3           sendmsg
  0.00    0.000039           6         6           getsockname
  0.00    0.000038           9         4           lseek
  0.00    0.000037           9         4           eventfd2
  0.00    0.000037          12         3         3 symlinkat
  0.00    0.000032           8         4           uname
  0.00    0.000023           5         4           epoll_create1
  0.00    0.000023           5         4           timerfd_create
  0.00    0.000012           6         2           getdents64
  0.00    0.000003           1         3           geteuid
  0.00    0.000002           1         2           getuid
  0.00    0.000001           0         2           prlimit64
  0.00    0.000000           0         1         1 faccessat
  0.00    0.000000           0         1           set_tid_address
  0.00    0.000000           0         1           execve
  0.00    0.000000           0         1           getrandom
------ ----------- ----------- --------- --------- ------------------
100.00  753.431521        2669    282282     59911 total",
