timestamp_iso,variant,ip,base_port,num_requests,trial,exit_code,wall_time_s,client_latency_s,selftest_mode_reported,result_mode,result_num_requests,result_total_time_s,result_throughput_rps,result_avg_us,result_p50_us,result_p95_us,result_p99_us,result_min_us,result_max_us,result_status,stdout_tail,stderr_tail,strace_summary,perf_stat
2026-03-17T16:54:17,tcp,128.110.216.196,29000,55,1,0,35.032347803004086,0.000104653,tcp,tcp,55,11.0184,4.99164,200330.0,200302.0,200453.0,201381.0,187560.0,213225.0,OK,,"E20260317 16:53:10.770056 428932 transaction_manager.cpp:91]  execute batch seq:55
E20260317 16:53:10.769901 429116 checkpoint_manager.cpp:530]  add commited state:56
E20260317 16:53:10.769908 428985 lock_free_collector_pool.cpp:71]  update:312 seq:312 cap:256 update seq:56
E20260317 16:53:10.769937 428986 transaction_manager.cpp:91]  execute batch seq:55
E20260317 16:53:10.770303 428997 commitment.cpp:363] send back to proxy:1
E20260317 16:53:10.770358 429021 consensus_manager_pbft.cpp:208] recv impl type:5 sender id:3 seq:56 primary:1 is recovery:0
E20260317 16:53:10.770398 429107 consensus_manager_pbft.cpp:208] recv impl type:5 sender id:3 seq:56 primary:1 is recovery:0
E20260317 16:53:10.770054 429018 checkpoint_manager.cpp:530]  add commited state:56
E20260317 16:53:10.769847 428959 transaction_manager.cpp:91]  execute batch seq:55
E20260317 16:53:10.770079 428904 lock_free_collector_pool.cpp:71]  update:312 seq:312 cap:256 update seq:56
E20260317 16:53:10.770135 428913 transaction_manager.cpp:91]  execute batch seq:55
E20260317 16:53:10.770184 429077 consensus_manager_pbft.cpp:208] recv impl type:5 sender id:3 seq:56 primary:1 is recovery:0
E20260317 16:53:10.770205 429043 consensus_manager_pbft.cpp:208] recv impl type:5 sender id:3 seq:56 primary:1 is recovery:0
E20260317 16:53:10.770219 428943 commitment.cpp:363] send back to proxy:1
E20260317 16:53:10.770004 429054 checkpoint_manager.cpp:530]  add commited state:56
E20260317 16:53:10.769817 428958 lock_free_collector_pool.cpp:71]  update:312 seq:312 cap:256 update seq:56
E20260317 16:53:10.770412 429021 message_manager.cpp:204]  add request fail
E20260317 16:53:10.770450 429107 message_manager.cpp:188]  seq:56 type:5 has been committed
E20260317 16:53:10.770561 428970 commitment.cpp:363] send back to proxy:1
E20260317 16:53:10.770663 428916 commitment.cpp:363] send back to proxy:1
E20260317 16:53:10.770663 429077 message_manager.cpp:188]  seq:56 type:5 has been committed
E20260317 16:53:10.770709 429043 message_manager.cpp:204]  add request fail
E20260317 16:53:10.803514 429020 consensus_manager_pbft.cpp:208] recv impl type:7 sender id:1 seq:56 primary:1 is recovery:0
E20260317 16:53:10.803570 429020 response_manager.cpp:187]  receive request seq:56 type:7 local id:56
E20260317 16:53:10.803601 429020 response_manager.cpp:214]  get receive count:0 seq:56
E20260317 16:53:10.813400 429011 consensus_manager_pbft.cpp:208] recv impl type:7 sender id:4 seq:56 primary:1 is recovery:0
E20260317 16:53:10.813454 429011 response_manager.cpp:187]  receive request seq:56 type:7 local id:56
E20260317 16:53:10.813485 429011 response_manager.cpp:214]  get receive count:1 seq:56
E20260317 16:53:10.813511 429011 lock_free_collector_pool.cpp:71]  update:312 seq:312 cap:256 update seq:56
E20260317 16:53:10.813562 429011 response_manager.cpp:227] SendResponseToClient local_id:56 seq:56 proxy_id:1
E20260317 16:53:10.813594 429011 lock_free_collector_pool.cpp:71]  update:312 seq:312 cap:256 update seq:56
E20260317 16:53:10.813699 429011 response_manager.cpp:259] response sent to client local_id:56 seq:56
E20260317 16:53:10.813707 428895 consensus_server.cpp:223] Selftest completed request i=54 ret=0 value=light_value
E20260317 16:53:10.814713 429015 consensus_manager_pbft.cpp:208] recv impl type:7 sender id:3 seq:56 primary:1 is recovery:0
E20260317 16:53:10.814792 429015 response_manager.cpp:187]  receive request seq:56 type:7 local id:56
E20260317 16:53:10.814713 429022 consensus_manager_pbft.cpp:208] recv impl type:7 sender id:2 seq:56 primary:1 is recovery:0
E20260317 16:53:10.814965 429022 response_manager.cpp:187]  receive request seq:56 type:7 local id:56
E20260317 16:53:11.827239 428895 consensus_server.cpp:291] Self-test passed mode=tcp (GET verified, last_value=light_value)
E20260317 16:53:11.827510 428895 consensus_server.cpp:294] RESULT mode=tcp num_requests=55 total_time_s=11.0184 throughput_rps=4.99164 avg_us=200330 p50_us=200302 p95_us=200453 p99_us=201381 min_us=187560 max_us=213225 status=OK
E20260317 16:53:12.359050 428896 stats.cpp:474]   req client latency:9.95311e-05","E20260317 16:53:55.723887 429330 consensus_manager_pbft.cpp:208] recv impl type:4 sender id:2 seq:55 primary:1 is recovery:0
E20260317 16:53:55.723891 429328 consensus_manager_pbft.cpp:208] recv impl type:4 sender id:1 seq:55 primary:1 is recovery:0
E20260317 16:53:55.723901 429305 consensus_manager_pbft.cpp:208] recv impl type:4 sender id:1 seq:55 primary:1 is recovery:0
E20260317 16:53:55.696632 429283 consensus_manager_pbft.cpp:208] recv impl type:4 sender id:2 seq:55 primary:1 is recovery:0
E20260317 16:53:55.727458 429354 consensus_manager_pbft.cpp:208] recv impl type:4 sender id:2 seq:55 primary:1 is recovery:0
E20260317 16:53:55.729771 429308 checkpoint_manager.cpp:495] get high prepared seq:54
E20260317 16:53:55.733801 429284 checkpoint_manager.cpp:495] get high prepared seq:54
E20260317 16:53:55.735507 429355 checkpoint_manager.cpp:495] get high prepared seq:54
E20260317 16:53:55.736310 429330 checkpoint_manager.cpp:495] get high prepared seq:54
E20260317 16:53:55.741616 429308 checkpoint_manager.cpp:500] set high prepared seq:55
E20260317 16:53:55.742861 429284 checkpoint_manager.cpp:500] set high prepared seq:55
E20260317 16:53:55.743772 429355 checkpoint_manager.cpp:500] set high prepared seq:55
E20260317 16:53:55.744757 429330 checkpoint_manager.cpp:500] set high prepared seq:55
E20260317 16:53:55.766074 429284 consensus_manager_pbft.cpp:208] recv impl type:5 sender id:2 seq:55 primary:1 is recovery:0
E20260317 16:53:55.787909 429356 consensus_manager_pbft.cpp:208] recv impl type:5 sender id:2 seq:55 primary:1 is recovery:0
E20260317 16:53:55.810428 429355 consensus_manager_pbft.cpp:208] recv impl type:5 sender id:1 seq:55 primary:1 is recovery:0
E20260317 16:53:55.772260 429308 consensus_manager_pbft.cpp:208] recv impl type:5 sender id:2 seq:55 primary:1 is recovery:0
E20260317 16:53:55.792171 429307 consensus_manager_pbft.cpp:208] recv impl type:5 sender id:1 seq:55 primary:1 is recovery:0
E20260317 16:53:55.795737 429283 consensus_manager_pbft.cpp:208] recv impl type:5 sender id:1 seq:55 primary:1 is recovery:0
E20260317 16:53:55.797174 429331 consensus_manager_pbft.cpp:208] recv impl type:5 sender id:1 seq:55 primary:1 is recovery:0
E20260317 16:53:55.798830 429282 consensus_manager_pbft.cpp:208] recv impl type:5 sender id:4 seq:55 primary:1 is recovery:0
E20260317 16:53:55.801759 429281 consensus_manager_pbft.cpp:208] recv impl type:5 sender id:3 seq:55 primary:1 is recovery:0
E20260317 16:53:55.805194 429306 consensus_manager_pbft.cpp:208] recv impl type:5 sender id:3 seq:55 primary:1 is recovery:0
E20260317 16:53:55.806558 429329 consensus_manager_pbft.cpp:208] recv impl type:5 sender id:4 seq:55 primary:1 is recovery:0
E20260317 16:53:55.823104 429192 lock_free_collector_pool.cpp:71]  update:311 seq:311 cap:256 update seq:55
E20260317 16:53:55.808871 429330 consensus_manager_pbft.cpp:208] recv impl type:5 sender id:3 seq:55 primary:1 is recovery:0
E20260317 16:53:55.775288 429332 consensus_manager_pbft.cpp:208] recv impl type:5 sender id:2 seq:55 primary:1 is recovery:0
E20260317 16:53:55.810731 429305 consensus_manager_pbft.cpp:208] recv impl type:5 sender id:4 seq:55 primary:1 is recovery:0
E20260317 16:53:55.812875 429356 consensus_manager_pbft.cpp:208] recv impl type:5 sender id:4 seq:55 primary:1 is recovery:0
E20260317 16:53:55.819796 429282 checkpoint_manager.cpp:530]  add commited state:55
E20260317 16:53:55.830447 429254 transaction_manager.cpp:91]  execute batch seq:54
E20260317 16:53:55.820942 429175 transaction_manager.cpp:91]  execute batch seq:54
E20260317 16:53:55.821130 429281 message_manager.cpp:204]  add request fail
E20260317 16:53:55.822329 429306 checkpoint_manager.cpp:530]  add commited state:55
E20260317 16:53:55.810427 429354 consensus_manager_pbft.cpp:208] recv impl type:5 sender id:3 seq:55 primary:1 is recovery:0
E20260317 16:53:55.823325 429199 transaction_manager.cpp:91]  execute batch seq:54
E20260317 16:53:55.825416 429330 checkpoint_manager.cpp:530]  add commited state:55
E20260317 16:53:55.826159 429219 lock_free_collector_pool.cpp:71]  update:311 seq:311 cap:256 update seq:55
E20260317 16:53:55.826555 429229 transaction_manager.cpp:91]  execute batch seq:54
E20260317 16:53:55.826745 429332 message_manager.cpp:204]  add request fail
E20260317 16:53:55.827940 429305 message_manager.cpp:204]  add request fail
E20260317 16:53:55.829377 429356 checkpoint_manager.cpp:530]  add commited state:55
E20260317 16:53:55.830047 429246 lock_free_collector_pool.cpp:71]  update:311 seq:311 cap:256 update seq:55
E20260317 16:53:55.820525 429165 lock_free_collector_pool.cpp:71]  update:311 seq:311 cap:256 update seq:55
E20260317 16:53:55.832154 429258 commitment.cpp:363] send back to proxy:1
E20260317 16:53:55.833230 429177 commitment.cpp:363] send back to proxy:1
E20260317 16:53:55.835443 429354 message_manager.cpp:204]  add request fail
E20260317 16:53:55.836968 429204 commitment.cpp:363] send back to proxy:1
E20260317 16:53:55.840467 429231 commitment.cpp:363] send back to proxy:1
E20260317 16:53:55.858269 429284 consensus_manager_pbft.cpp:208] recv impl type:7 sender id:1 seq:55 primary:1 is recovery:0
E20260317 16:53:55.861122 429284 response_manager.cpp:187]  receive request seq:55 type:7 local id:55
E20260317 16:53:55.863540 429283 consensus_manager_pbft.cpp:208] recv impl type:7 sender id:2 seq:55 primary:1 is recovery:0
E20260317 16:53:55.864224 429284 response_manager.cpp:214]  get receive count:0 seq:55
E20260317 16:53:55.865108 429283 response_manager.cpp:187]  receive request seq:55 type:7 local id:55
E20260317 16:53:55.866720 429283 response_manager.cpp:214]  get receive count:1 seq:55
E20260317 16:53:55.867480 429283 lock_free_collector_pool.cpp:71]  update:311 seq:311 cap:256 update seq:55
E20260317 16:53:55.868274 429283 response_manager.cpp:227] SendResponseToClient local_id:55 seq:55 proxy_id:1
E20260317 16:53:55.869122 429283 lock_free_collector_pool.cpp:71]  update:311 seq:311 cap:256 update seq:55
E20260317 16:53:55.870261 429283 response_manager.cpp:259] response sent to client local_id:55 seq:55
E20260317 16:53:55.870265 429156 consensus_server.cpp:223] Selftest completed request i=53 ret=0 value=light_value
E20260317 16:53:55.872624 429156 consensus_server.cpp:221] Selftest sending request i=54
E20260317 16:53:55.877836 429284 consensus_manager_pbft.cpp:208] recv impl type:2 sender id:0 seq:0 primary:1 is recovery:0
E20260317 16:53:55.882916 429283 consensus_manager_pbft.cpp:208] recv impl type:7 sender id:4 seq:55 primary:1 is recovery:0
E20260317 16:53:55.885207 429283 response_manager.cpp:187]  receive request seq:55 type:7 local id:55
E20260317 16:53:55.888573 429284 consensus_manager_pbft.cpp:208] recv impl type:7 sender id:3 seq:55 primary:1 is recovery:0
E20260317 16:53:55.889984 429284 response_manager.cpp:187]  receive request seq:55 type:7 local id:55
E20260317 16:53:55.982937 429179 response_manager.cpp:327] add context list:0 list size:1 local_id:56
E20260317 16:53:56.009404 429284 consensus_manager_pbft.cpp:208] recv impl type:14 sender id:1 seq:0 primary:1 is recovery:0
E20260317 16:53:56.031394 429284 consensus_manager_pbft.cpp:208] recv impl type:3 sender id:1 seq:56 primary:1 is recovery:0
E20260317 16:53:56.036533 429308 consensus_manager_pbft.cpp:208] recv impl type:3 sender id:1 seq:56 primary:1 is recovery:0
E20260317 16:53:56.038159 429332 consensus_manager_pbft.cpp:208] recv impl type:3 sender id:1 seq:56 primary:1 is recovery:0
E20260317 16:53:56.040014 429356 consensus_manager_pbft.cpp:208] recv impl type:3 sender id:1 seq:56 primary:1 is recovery:0
E20260317 16:53:56.055682 429284 consensus_manager_pbft.cpp:208] recv impl type:4 sender id:3 seq:56 primary:1 is recovery:0
E20260317 16:53:56.061127 429308 consensus_manager_pbft.cpp:208] recv impl type:4 sender id:3 seq:56 primary:1 is recovery:0
E20260317 16:53:56.073346 429356 consensus_manager_pbft.cpp:208] recv impl type:4 sender id:3 seq:56 primary:1 is recovery:0
E20260317 16:53:56.109455 429329 consensus_manager_pbft.cpp:208] recv impl type:4 sender id:1 seq:56 primary:1 is recovery:0
E20260317 16:53:56.080560 429307 consensus_manager_pbft.cpp:208] recv impl type:4 sender id:4 seq:56 primary:1 is recovery:0
E20260317 16:53:56.080587 429283 consensus_manager_pbft.cpp:208] recv impl type:4 sender id:4 seq:56 primary:1 is recovery:0
E20260317 16:53:56.080586 429282 consensus_manager_pbft.cpp:208] recv impl type:4 sender id:2 seq:56 primary:1 is recovery:0
E20260317 16:53:56.092810 429306 consensus_manager_pbft.cpp:208] recv impl type:4 sender id:2 seq:56 primary:1 is recovery:0
E20260317 16:53:56.096079 429354 consensus_manager_pbft.cpp:208] recv impl type:4 sender id:4 seq:56 primary:1 is recovery:0
E20260317 16:53:56.099673 429331 consensus_manager_pbft.cpp:208] recv impl type:4 sender id:4 seq:56 primary:1 is recovery:0
E20260317 16:53:56.099679 429330 consensus_manager_pbft.cpp:208] recv impl type:4 sender id:2 seq:56 primary:1 is recovery:0
E20260317 16:53:56.102545 429284 consensus_manager_pbft.cpp:208] recv impl type:4 sender id:1 seq:56 primary:1 is recovery:0
E20260317 16:53:56.104115 429305 consensus_manager_pbft.cpp:208] recv impl type:4 sender id:1 seq:56 primary:1 is recovery:0
E20260317 16:53:56.105266 429355 consensus_manager_pbft.cpp:208] recv impl type:4 sender id:2 seq:56 primary:1 is recovery:0
E20260317 16:53:56.106463 429353 consensus_manager_pbft.cpp:208] recv impl type:4 sender id:1 seq:56 primary:1 is recovery:0
E20260317 16:53:56.073356 429332 consensus_manager_pbft.cpp:208] recv impl type:4 sender id:3 seq:56 primary:1 is recovery:0
E20260317 16:53:56.111435 429307 checkpoint_manager.cpp:495] get high prepared seq:55
E20260317 16:53:56.112818 429283 checkpoint_manager.cpp:495] get high prepared seq:55
E20260317 16:53:56.117424 429331 checkpoint_manager.cpp:495] get high prepared seq:55
E20260317 16:53:56.121099 429355 checkpoint_manager.cpp:495] get high prepared seq:55
E20260317 16:53:56.124462 429307 checkpoint_manager.cpp:500] set high prepared seq:56
E20260317 16:53:56.125514 429283 checkpoint_manager.cpp:500] set high prepared seq:56
E20260317 16:53:56.126720 429331 checkpoint_manager.cpp:500] set high prepared seq:56
E20260317 16:53:56.128098 429355 checkpoint_manager.cpp:500] set high prepared seq:56
E20260317 16:53:56.142100 429284 consensus_manager_pbft.cpp:208] recv impl type:5 sender id:1 seq:56 primary:1 is recovery:0
E20260317 16:53:56.147892 429308 consensus_manager_pbft.cpp:208] recv impl type:5 sender id:1 seq:56 primary:1 is recovery:0
E20260317 16:53:56.150259 429332 consensus_manager_pbft.cpp:208] recv impl type:5 sender id:1 seq:56 primary:1 is recovery:0
E20260317 16:53:56.153803 429356 consensus_manager_pbft.cpp:208] recv impl type:5 sender id:1 seq:56 primary:1 is recovery:0
E20260317 16:53:56.161922 429284 consensus_manager_pbft.cpp:208] recv impl type:5 sender id:3 seq:56 primary:1 is recovery:0
E20260317 16:53:56.169332 429283 consensus_manager_pbft.cpp:208] recv impl type:5 sender id:2 seq:56 primary:1 is recovery:0
E20260317 16:53:56.169338 429282 consensus_manager_pbft.cpp:208] recv impl type:5 sender id:4 seq:56 primary:1 is recovery:0
E20260317 16:53:56.194341 429174 transaction_manager.cpp:91]  execute batch seq:55
E20260317 16:53:56.174192 429331 consensus_manager_pbft.cpp:208] recv impl type:5 sender id:3 seq:56 primary:1 is recovery:0
E20260317 16:53:56.183190 429330 consensus_manager_pbft.cpp:208] recv impl type:5 sender id:2 seq:56 primary:1 is recovery:0
E20260317 16:53:56.183161 429355 consensus_manager_pbft.cpp:208] recv impl type:5 sender id:3 seq:56 primary:1 is recovery:0
E20260317 16:53:56.184594 429306 consensus_manager_pbft.cpp:208] recv impl type:5 sender id:4 seq:56 primary:1 is recovery:0
E20260317 16:53:56.184603 429305 consensus_manager_pbft.cpp:208] recv impl type:5 sender id:3 seq:56 primary:1 is recovery:0
E20260317 16:53:56.183162 429354 consensus_manager_pbft.cpp:208] recv impl type:5 sender id:2 seq:56 primary:1 is recovery:0
E20260317 16:53:56.202587 429200 transaction_manager.cpp:91]  execute batch seq:55
E20260317 16:53:56.204159 429255 transaction_manager.cpp:91]  execute batch seq:55
E20260317 16:53:56.193320 429283 checkpoint_manager.cpp:530]  add commited state:56
E20260317 16:53:56.193841 429165 lock_free_collector_pool.cpp:71]  update:312 seq:312 cap:256 update seq:56
E20260317 16:53:56.171749 429307 consensus_manager_pbft.cpp:208] recv impl type:5 sender id:2 seq:56 primary:1 is recovery:0
E20260317 16:53:56.194782 429282 message_manager.cpp:204]  add request fail
E20260317 16:53:56.196292 429177 commitment.cpp:363] send back to proxy:1
E20260317 16:53:56.197979 429330 checkpoint_manager.cpp:530]  add commited state:56
E20260317 16:53:56.199003 429219 lock_free_collector_pool.cpp:71]  update:312 seq:312 cap:256 update seq:56
E20260317 16:53:56.199580 429223 transaction_manager.cpp:91]  execute batch seq:55
E20260317 16:53:56.201730 429305 checkpoint_manager.cpp:530]  add commited state:56
E20260317 16:53:56.202183 429192 lock_free_collector_pool.cpp:71]  update:312 seq:312 cap:256 update seq:56
E20260317 16:53:56.189671 429329 consensus_manager_pbft.cpp:208] recv impl type:5 sender id:4 seq:56 primary:1 is recovery:0
E20260317 16:53:56.203256 429354 checkpoint_manager.cpp:530]  add commited state:56
E20260317 16:53:56.203650 429246 lock_free_collector_pool.cpp:71]  update:312 seq:312 cap:256 update seq:56
E20260317 16:53:56.190335 429353 consensus_manager_pbft.cpp:208] recv impl type:5 sender id:4 seq:56 primary:1 is recovery:0
E20260317 16:53:56.205097 429204 commitment.cpp:363] send back to proxy:1
E20260317 16:53:56.206121 429258 commitment.cpp:363] send back to proxy:1
E20260317 16:53:56.208155 429307 message_manager.cpp:204]  add request fail
E20260317 16:53:56.213586 429231 commitment.cpp:363] send back to proxy:1
E20260317 16:53:56.220978 429284 consensus_manager_pbft.cpp:208] recv impl type:7 sender id:1 seq:56 primary:1 is recovery:0
E20260317 16:53:56.221848 429329 message_manager.cpp:188]  seq:56 type:5 has been committed
E20260317 16:53:56.224328 429353 message_manager.cpp:188]  seq:56 type:5 has been committed
E20260317 16:53:56.229084 429284 response_manager.cpp:187]  receive request seq:56 type:7 local id:56
E20260317 16:53:56.231978 429284 response_manager.cpp:214]  get receive count:0 seq:56
E20260317 16:53:56.246546 429284 consensus_manager_pbft.cpp:208] recv impl type:7 sender id:4 seq:56 primary:1 is recovery:0
E20260317 16:53:56.248199 429284 response_manager.cpp:187]  receive request seq:56 type:7 local id:56
E20260317 16:53:56.251508 429283 consensus_manager_pbft.cpp:208] recv impl type:7 sender id:3 seq:56 primary:1 is recovery:0
E20260317 16:53:56.251981 429284 response_manager.cpp:214]  get receive count:1 seq:56
E20260317 16:53:56.253378 429283 response_manager.cpp:187]  receive request seq:56 type:7 local id:56
E20260317 16:53:56.254211 429284 lock_free_collector_pool.cpp:71]  update:312 seq:312 cap:256 update seq:56
E20260317 16:53:56.255906 429284 response_manager.cpp:227] SendResponseToClient local_id:56 seq:56 proxy_id:1
E20260317 16:53:56.256680 429284 lock_free_collector_pool.cpp:71]  update:312 seq:312 cap:256 update seq:56
E20260317 16:53:56.257916 429156 consensus_server.cpp:223] Selftest completed request i=54 ret=0 value=light_value
E20260317 16:53:56.258077 429284 response_manager.cpp:259] response sent to client local_id:56 seq:56
E20260317 16:53:56.275847 429283 consensus_manager_pbft.cpp:208] recv impl type:7 sender id:2 seq:56 primary:1 is recovery:0
E20260317 16:53:56.278867 429283 response_manager.cpp:187]  receive request seq:56 type:7 local id:56
E20260317 16:53:57.240078 429156 consensus_server.cpp:291] Self-test passed mode=tcp (GET verified, last_value=light_value)
E20260317 16:53:57.240669 429156 consensus_server.cpp:294] RESULT mode=tcp num_requests=55 total_time_s=20.8687 throughput_rps=2.63553 avg_us=379427 p50_us=381984 p95_us=411164 p99_us=413332 min_us=338635 max_us=414974 status=OK
E20260317 16:53:57.452589 429157 stats.cpp:474]   req client latency:0.000268379
% time     seconds  usecs/call     calls    errors syscall
------ ----------- ----------- --------- --------- ------------------
 90.51  845.393420        3903    216594     72460 futex
  3.56   33.205654        9244      3592           epoll_pwait
  2.66   24.822189      636466        39           clock_nanosleep
  1.97   18.433291      113785       162        90 accept
  0.78    7.244508         916      7902      3072 recvfrom
  0.18    1.645404         230      7141           gettid
  0.17    1.569650         325      4824           sendto
  0.08    0.718785          50     14257           write
  0.07    0.616584          43     14125           getpid
  0.02    0.176941          46      3823           mprotect
  0.01    0.063476         289       219           epoll_ctl
  0.00    0.020444          24       847           rt_sigprocmask
  0.00    0.015182          72       210           madvise
  0.00    0.014199          67       209           clone
  0.00    0.009936          52       188           close
  0.00    0.009129          29       312           mmap
  0.00    0.008725         121        72        16 connect
  0.00    0.006660          24       277           munmap
  0.00    0.006505          91        71           setsockopt
  0.00    0.003755          17       210           set_robust_list
  0.00    0.003549          16       210           rseq
  0.00    0.002753           6       397           brk
  0.00    0.002633          32        81           socket
  0.00    0.002617          28        92           ioctl
  0.00    0.000959          59        16           ppoll
  0.00    0.000895          55        16           getsockopt
  0.00    0.000209          26         8           eventfd2
  0.00    0.000157          19         8           epoll_create1
  0.00    0.000136          17         8           timerfd_create
  0.00    0.000075           9         8           bind
  0.00    0.000046           5         8           listen
  0.00    0.000005           5         1           sched_getaffinity
  0.00    0.000004           0        15           rt_sigaction
  0.00    0.000000           0         6           fcntl
  0.00    0.000000           0         3         3 unlinkat
  0.00    0.000000           0         3         3 symlinkat
  0.00    0.000000           0         1         1 faccessat
  0.00    0.000000           0        15         1 openat
  0.00    0.000000           0         4           lseek
  0.00    0.000000           0        11           read
  0.00    0.000000           0        16         1 newfstatat
  0.00    0.000000           0         1           set_tid_address
  0.00    0.000000           0         4           uname
  0.00    0.000000           0         1           execve
  0.00    0.000000           0         1           prlimit64
  0.00    0.000000           0         1           getrandom
------ ----------- ----------- --------- --------- ------------------
100.00  933.998475        3383    276009     75647 total",
2026-03-17T16:55:37,tcp,128.110.216.196,29000,55,2,0,35.030811532982625,0.00010484,tcp,tcp,55,11.017,4.99227,200305.0,200298.0,200555.0,200655.0,200009.0,200674.0,OK,,"E20260317 16:54:30.900382 429499 checkpoint_manager.cpp:530]  add commited state:56
E20260317 16:54:30.900609 429413 transaction_manager.cpp:91]  execute batch seq:55
E20260317 16:54:30.900437 429553 checkpoint_manager.cpp:530]  add commited state:56
E20260317 16:54:30.900439 429390 transaction_manager.cpp:91]  execute batch seq:55
E20260317 16:54:30.900465 429434 lock_free_collector_pool.cpp:71]  update:312 seq:312 cap:256 update seq:56
E20260317 16:54:30.900480 429444 transaction_manager.cpp:91]  execute batch seq:55
E20260317 16:54:30.900520 429571 checkpoint_manager.cpp:530]  add commited state:56
E20260317 16:54:30.900862 429446 commitment.cpp:363] send back to proxy:1
E20260317 16:54:30.900563 429468 transaction_manager.cpp:91]  execute batch seq:55
E20260317 16:54:30.900573 429518 checkpoint_manager.cpp:530]  add commited state:56
E20260317 16:54:30.900974 429473 commitment.cpp:363] send back to proxy:1
E20260317 16:54:30.900403 429380 lock_free_collector_pool.cpp:71]  update:312 seq:312 cap:256 update seq:56
E20260317 16:54:30.900688 429419 commitment.cpp:363] send back to proxy:1
E20260317 16:54:30.900774 429392 commitment.cpp:363] send back to proxy:1
E20260317 16:54:30.900542 429461 lock_free_collector_pool.cpp:71]  update:312 seq:312 cap:256 update seq:56
E20260317 16:54:30.900588 429407 lock_free_collector_pool.cpp:71]  update:312 seq:312 cap:256 update seq:56
E20260317 16:54:30.902417 429495 consensus_manager_pbft.cpp:208] recv impl type:5 sender id:3 seq:56 primary:1 is recovery:0
E20260317 16:54:30.902480 429495 message_manager.cpp:188]  seq:56 type:5 has been committed
E20260317 16:54:30.902460 429522 consensus_manager_pbft.cpp:208] recv impl type:5 sender id:3 seq:56 primary:1 is recovery:0
E20260317 16:54:30.902493 429549 consensus_manager_pbft.cpp:208] recv impl type:5 sender id:3 seq:56 primary:1 is recovery:0
E20260317 16:54:30.902604 429581 consensus_manager_pbft.cpp:208] recv impl type:5 sender id:3 seq:56 primary:1 is recovery:0
E20260317 16:54:30.902567 429522 message_manager.cpp:188]  seq:56 type:5 has been committed
E20260317 16:54:30.902621 429549 message_manager.cpp:188]  seq:56 type:5 has been committed
E20260317 16:54:30.902653 429581 message_manager.cpp:188]  seq:56 type:5 has been committed
E20260317 16:54:30.928691 429498 consensus_manager_pbft.cpp:208] recv impl type:7 sender id:1 seq:56 primary:1 is recovery:0
E20260317 16:54:30.928748 429498 response_manager.cpp:187]  receive request seq:56 type:7 local id:56
E20260317 16:54:30.928777 429498 response_manager.cpp:214]  get receive count:0 seq:56
E20260317 16:54:30.940732 429491 consensus_manager_pbft.cpp:208] recv impl type:7 sender id:2 seq:56 primary:1 is recovery:0
E20260317 16:54:30.940791 429491 response_manager.cpp:187]  receive request seq:56 type:7 local id:56
E20260317 16:54:30.940822 429491 response_manager.cpp:214]  get receive count:1 seq:56
E20260317 16:54:30.940852 429491 lock_free_collector_pool.cpp:71]  update:312 seq:312 cap:256 update seq:56
E20260317 16:54:30.940897 429491 response_manager.cpp:227] SendResponseToClient local_id:56 seq:56 proxy_id:1
E20260317 16:54:30.940927 429491 lock_free_collector_pool.cpp:71]  update:312 seq:312 cap:256 update seq:56
E20260317 16:54:30.941051 429371 consensus_server.cpp:223] Selftest completed request i=54 ret=0 value=light_value
E20260317 16:54:30.941052 429491 response_manager.cpp:259] response sent to client local_id:56 seq:56
E20260317 16:54:30.941298 429486 consensus_manager_pbft.cpp:208] recv impl type:7 sender id:4 seq:56 primary:1 is recovery:0
E20260317 16:54:30.941568 429486 response_manager.cpp:187]  receive request seq:56 type:7 local id:56
E20260317 16:54:31.955252 429371 consensus_server.cpp:291] Self-test passed mode=tcp (GET verified, last_value=light_value)
E20260317 16:54:31.955559 429371 consensus_server.cpp:294] RESULT mode=tcp num_requests=55 total_time_s=11.017 throughput_rps=4.99227 avg_us=200305 p50_us=200298 p95_us=200555 p99_us=200655 min_us=200009 max_us=200674 status=OK
E20260317 16:54:32.491063 429372 stats.cpp:474]   req client latency:9.94819e-05","E20260317 16:55:15.888190 429755 consensus_manager_pbft.cpp:208] recv impl type:4 sender id:2 seq:55 primary:1 is recovery:0
E20260317 16:55:15.863997 429734 consensus_manager_pbft.cpp:208] recv impl type:4 sender id:4 seq:55 primary:1 is recovery:0
E20260317 16:55:15.890614 429805 consensus_manager_pbft.cpp:208] recv impl type:4 sender id:3 seq:55 primary:1 is recovery:0
E20260317 16:55:15.890618 429803 consensus_manager_pbft.cpp:208] recv impl type:4 sender id:2 seq:55 primary:1 is recovery:0
E20260317 16:55:15.897351 429779 consensus_manager_pbft.cpp:208] recv impl type:4 sender id:3 seq:55 primary:1 is recovery:0
E20260317 16:55:15.900290 429731 consensus_manager_pbft.cpp:208] recv impl type:4 sender id:1 seq:55 primary:1 is recovery:0
E20260317 16:55:15.901728 429804 consensus_manager_pbft.cpp:208] recv impl type:4 sender id:1 seq:55 primary:1 is recovery:0
E20260317 16:55:15.904237 429782 checkpoint_manager.cpp:495] get high prepared seq:54
E20260317 16:55:15.904989 429732 checkpoint_manager.cpp:495] get high prepared seq:54
E20260317 16:55:15.907459 429757 checkpoint_manager.cpp:495] get high prepared seq:54
E20260317 16:55:15.912341 429803 checkpoint_manager.cpp:495] get high prepared seq:54
E20260317 16:55:15.916035 429782 checkpoint_manager.cpp:500] set high prepared seq:55
E20260317 16:55:15.917126 429732 checkpoint_manager.cpp:500] set high prepared seq:55
E20260317 16:55:15.918541 429757 checkpoint_manager.cpp:500] set high prepared seq:55
E20260317 16:55:15.919557 429803 checkpoint_manager.cpp:500] set high prepared seq:55
E20260317 16:55:15.943636 429733 consensus_manager_pbft.cpp:208] recv impl type:5 sender id:3 seq:55 primary:1 is recovery:0
E20260317 16:55:15.967721 429805 consensus_manager_pbft.cpp:208] recv impl type:5 sender id:1 seq:55 primary:1 is recovery:0
E20260317 16:55:15.947615 429758 consensus_manager_pbft.cpp:208] recv impl type:5 sender id:1 seq:55 primary:1 is recovery:0
E20260317 16:55:15.947675 429734 consensus_manager_pbft.cpp:208] recv impl type:5 sender id:1 seq:55 primary:1 is recovery:0
E20260317 16:55:15.951342 429806 consensus_manager_pbft.cpp:208] recv impl type:5 sender id:3 seq:55 primary:1 is recovery:0
E20260317 16:55:15.958050 429780 consensus_manager_pbft.cpp:208] recv impl type:5 sender id:1 seq:55 primary:1 is recovery:0
E20260317 16:55:15.958058 429757 consensus_manager_pbft.cpp:208] recv impl type:5 sender id:3 seq:55 primary:1 is recovery:0
E20260317 16:55:15.947559 429782 consensus_manager_pbft.cpp:208] recv impl type:5 sender id:3 seq:55 primary:1 is recovery:0
E20260317 16:55:15.967835 429732 consensus_manager_pbft.cpp:208] recv impl type:5 sender id:4 seq:55 primary:1 is recovery:0
E20260317 16:55:15.967839 429731 consensus_manager_pbft.cpp:208] recv impl type:5 sender id:2 seq:55 primary:1 is recovery:0
E20260317 16:55:15.971604 429756 consensus_manager_pbft.cpp:208] recv impl type:5 sender id:4 seq:55 primary:1 is recovery:0
E20260317 16:55:15.974665 429781 consensus_manager_pbft.cpp:208] recv impl type:5 sender id:4 seq:55 primary:1 is recovery:0
E20260317 16:55:15.978417 429804 consensus_manager_pbft.cpp:208] recv impl type:5 sender id:4 seq:55 primary:1 is recovery:0
E20260317 16:55:15.996448 429675 transaction_manager.cpp:91]  execute batch seq:54
E20260317 16:55:15.984709 429803 consensus_manager_pbft.cpp:208] recv impl type:5 sender id:2 seq:55 primary:1 is recovery:0
E20260317 16:55:15.985342 429779 consensus_manager_pbft.cpp:208] recv impl type:5 sender id:2 seq:55 primary:1 is recovery:0
E20260317 16:55:15.991909 429732 checkpoint_manager.cpp:530]  add commited state:55
E20260317 16:55:15.992537 429615 lock_free_collector_pool.cpp:71]  update:311 seq:311 cap:256 update seq:55
E20260317 16:55:15.993058 429625 transaction_manager.cpp:91]  execute batch seq:54
E20260317 16:55:15.993235 429731 message_manager.cpp:204]  add request fail
E20260317 16:55:15.994405 429756 checkpoint_manager.cpp:530]  add commited state:55
E20260317 16:55:15.994969 429642 lock_free_collector_pool.cpp:71]  update:311 seq:311 cap:256 update seq:55
E20260317 16:55:15.995349 429651 transaction_manager.cpp:91]  execute batch seq:54
E20260317 16:55:15.995718 429781 checkpoint_manager.cpp:530]  add commited state:55
E20260317 16:55:15.996057 429669 lock_free_collector_pool.cpp:71]  update:311 seq:311 cap:256 update seq:55
E20260317 16:55:15.984302 429755 consensus_manager_pbft.cpp:208] recv impl type:5 sender id:2 seq:55 primary:1 is recovery:0
E20260317 16:55:15.996925 429804 checkpoint_manager.cpp:530]  add commited state:55
E20260317 16:55:15.998154 429696 lock_free_collector_pool.cpp:71]  update:311 seq:311 cap:256 update seq:55
E20260317 16:55:15.999660 429706 transaction_manager.cpp:91]  execute batch seq:54
E20260317 16:55:16.001395 429681 commitment.cpp:363] send back to proxy:1
E20260317 16:55:16.002350 429803 message_manager.cpp:204]  add request fail
E20260317 16:55:16.003371 429779 message_manager.cpp:204]  add request fail
E20260317 16:55:16.006625 429627 commitment.cpp:363] send back to proxy:1
E20260317 16:55:16.010016 429654 commitment.cpp:363] send back to proxy:1
E20260317 16:55:16.012547 429755 message_manager.cpp:188]  seq:55 type:5 has been committed
E20260317 16:55:16.015931 429708 commitment.cpp:363] send back to proxy:1
E20260317 16:55:16.027426 429734 consensus_manager_pbft.cpp:208] recv impl type:7 sender id:1 seq:55 primary:1 is recovery:0
E20260317 16:55:16.028228 429734 response_manager.cpp:187]  receive request seq:55 type:7 local id:55
E20260317 16:55:16.028991 429734 response_manager.cpp:214]  get receive count:0 seq:55
E20260317 16:55:16.034911 429734 consensus_manager_pbft.cpp:208] recv impl type:7 sender id:4 seq:55 primary:1 is recovery:0
E20260317 16:55:16.035977 429734 response_manager.cpp:187]  receive request seq:55 type:7 local id:55
E20260317 16:55:16.036827 429734 response_manager.cpp:214]  get receive count:1 seq:55
E20260317 16:55:16.037562 429734 lock_free_collector_pool.cpp:71]  update:311 seq:311 cap:256 update seq:55
E20260317 16:55:16.038342 429734 response_manager.cpp:227] SendResponseToClient local_id:55 seq:55 proxy_id:1
E20260317 16:55:16.039105 429734 lock_free_collector_pool.cpp:71]  update:311 seq:311 cap:256 update seq:55
E20260317 16:55:16.040192 429606 consensus_server.cpp:223] Selftest completed request i=53 ret=0 value=light_value
E20260317 16:55:16.040338 429734 response_manager.cpp:259] response sent to client local_id:55 seq:55
E20260317 16:55:16.041107 429606 consensus_server.cpp:221] Selftest sending request i=54
E20260317 16:55:16.047593 429734 consensus_manager_pbft.cpp:208] recv impl type:2 sender id:0 seq:0 primary:1 is recovery:0
E20260317 16:55:16.062203 429734 consensus_manager_pbft.cpp:208] recv impl type:7 sender id:2 seq:55 primary:1 is recovery:0
E20260317 16:55:16.062211 429732 consensus_manager_pbft.cpp:208] recv impl type:7 sender id:3 seq:55 primary:1 is recovery:0
E20260317 16:55:16.063298 429734 response_manager.cpp:187]  receive request seq:55 type:7 local id:55
E20260317 16:55:16.064128 429732 response_manager.cpp:187]  receive request seq:55 type:7 local id:55
E20260317 16:55:16.148943 429629 response_manager.cpp:327] add context list:0 list size:1 local_id:56
E20260317 16:55:16.179100 429734 consensus_manager_pbft.cpp:208] recv impl type:14 sender id:1 seq:0 primary:1 is recovery:0
E20260317 16:55:16.198846 429733 consensus_manager_pbft.cpp:208] recv impl type:3 sender id:1 seq:56 primary:1 is recovery:0
E20260317 16:55:16.205113 429758 consensus_manager_pbft.cpp:208] recv impl type:3 sender id:1 seq:56 primary:1 is recovery:0
E20260317 16:55:16.210718 429782 consensus_manager_pbft.cpp:208] recv impl type:3 sender id:1 seq:56 primary:1 is recovery:0
E20260317 16:55:16.211475 429806 consensus_manager_pbft.cpp:208] recv impl type:3 sender id:1 seq:56 primary:1 is recovery:0
E20260317 16:55:16.232491 429734 consensus_manager_pbft.cpp:208] recv impl type:4 sender id:4 seq:56 primary:1 is recovery:0
E20260317 16:55:16.253239 429780 consensus_manager_pbft.cpp:208] recv impl type:4 sender id:2 seq:56 primary:1 is recovery:0
E20260317 16:55:16.264477 429803 consensus_manager_pbft.cpp:208] recv impl type:4 sender id:1 seq:56 primary:1 is recovery:0
E20260317 16:55:16.235466 429758 consensus_manager_pbft.cpp:208] recv impl type:4 sender id:4 seq:56 primary:1 is recovery:0
E20260317 16:55:16.246383 429755 consensus_manager_pbft.cpp:208] recv impl type:4 sender id:3 seq:56 primary:1 is recovery:0
E20260317 16:55:16.246389 429732 consensus_manager_pbft.cpp:208] recv impl type:4 sender id:3 seq:56 primary:1 is recovery:0
E20260317 16:55:16.246398 429731 consensus_manager_pbft.cpp:208] recv impl type:4 sender id:1 seq:56 primary:1 is recovery:0
E20260317 16:55:16.232489 429733 consensus_manager_pbft.cpp:208] recv impl type:4 sender id:2 seq:56 primary:1 is recovery:0
E20260317 16:55:16.255599 429782 consensus_manager_pbft.cpp:208] recv impl type:4 sender id:4 seq:56 primary:1 is recovery:0
E20260317 16:55:16.255606 429781 consensus_manager_pbft.cpp:208] recv impl type:4 sender id:3 seq:56 primary:1 is recovery:0
E20260317 16:55:16.258244 429806 consensus_manager_pbft.cpp:208] recv impl type:4 sender id:2 seq:56 primary:1 is recovery:0
E20260317 16:55:16.258247 429805 consensus_manager_pbft.cpp:208] recv impl type:4 sender id:3 seq:56 primary:1 is recovery:0
E20260317 16:55:16.258249 429804 consensus_manager_pbft.cpp:208] recv impl type:4 sender id:4 seq:56 primary:1 is recovery:0
E20260317 16:55:16.260983 429779 consensus_manager_pbft.cpp:208] recv impl type:4 sender id:1 seq:56 primary:1 is recovery:0
E20260317 16:55:16.264019 429756 consensus_manager_pbft.cpp:208] recv impl type:4 sender id:1 seq:56 primary:1 is recovery:0
E20260317 16:55:16.235466 429757 consensus_manager_pbft.cpp:208] recv impl type:4 sender id:2 seq:56 primary:1 is recovery:0
E20260317 16:55:16.267093 429755 checkpoint_manager.cpp:495] get high prepared seq:55
E20260317 16:55:16.267920 429732 checkpoint_manager.cpp:495] get high prepared seq:55
E20260317 16:55:16.271054 429782 checkpoint_manager.cpp:495] get high prepared seq:55
E20260317 16:55:16.272922 429806 checkpoint_manager.cpp:495] get high prepared seq:55
E20260317 16:55:16.277729 429755 checkpoint_manager.cpp:500] set high prepared seq:56
E20260317 16:55:16.278785 429732 checkpoint_manager.cpp:500] set high prepared seq:56
E20260317 16:55:16.279901 429782 checkpoint_manager.cpp:500] set high prepared seq:56
E20260317 16:55:16.281467 429806 checkpoint_manager.cpp:500] set high prepared seq:56
E20260317 16:55:16.298465 429734 consensus_manager_pbft.cpp:208] recv impl type:5 sender id:2 seq:56 primary:1 is recovery:0
E20260317 16:55:16.311146 429782 consensus_manager_pbft.cpp:208] recv impl type:5 sender id:2 seq:56 primary:1 is recovery:0
E20260317 16:55:16.315272 429806 consensus_manager_pbft.cpp:208] recv impl type:5 sender id:2 seq:56 primary:1 is recovery:0
E20260317 16:55:16.328699 429758 consensus_manager_pbft.cpp:208] recv impl type:5 sender id:2 seq:56 primary:1 is recovery:0
E20260317 16:55:16.328697 429757 consensus_manager_pbft.cpp:208] recv impl type:5 sender id:4 seq:56 primary:1 is recovery:0
E20260317 16:55:16.328758 429733 consensus_manager_pbft.cpp:208] recv impl type:5 sender id:4 seq:56 primary:1 is recovery:0
E20260317 16:55:16.332940 429731 consensus_manager_pbft.cpp:208] recv impl type:5 sender id:1 seq:56 primary:1 is recovery:0
E20260317 16:55:16.336764 429732 consensus_manager_pbft.cpp:208] recv impl type:5 sender id:3 seq:56 primary:1 is recovery:0
E20260317 16:55:16.352033 429624 transaction_manager.cpp:91]  execute batch seq:55
E20260317 16:55:16.339257 429756 consensus_manager_pbft.cpp:208] recv impl type:5 sender id:1 seq:56 primary:1 is recovery:0
E20260317 16:55:16.339260 429755 consensus_manager_pbft.cpp:208] recv impl type:5 sender id:3 seq:56 primary:1 is recovery:0
E20260317 16:55:16.355640 429648 transaction_manager.cpp:91]  execute batch seq:55
E20260317 16:55:16.339658 429780 consensus_manager_pbft.cpp:208] recv impl type:5 sender id:1 seq:56 primary:1 is recovery:0
E20260317 16:55:16.344111 429782 consensus_manager_pbft.cpp:208] recv impl type:5 sender id:3 seq:56 primary:1 is recovery:0
E20260317 16:55:16.346179 429805 consensus_manager_pbft.cpp:208] recv impl type:5 sender id:3 seq:56 primary:1 is recovery:0
E20260317 16:55:16.360200 429674 transaction_manager.cpp:91]  execute batch seq:55
E20260317 16:55:16.351179 429731 checkpoint_manager.cpp:530]  add commited state:56
E20260317 16:55:16.351591 429615 lock_free_collector_pool.cpp:71]  update:312 seq:312 cap:256 update seq:56
E20260317 16:55:16.339193 429804 consensus_manager_pbft.cpp:208] recv impl type:5 sender id:1 seq:56 primary:1 is recovery:0
E20260317 16:55:16.352378 429732 message_manager.cpp:204]  add request fail
E20260317 16:55:16.365011 429705 transaction_manager.cpp:91]  execute batch seq:55
E20260317 16:55:16.354681 429756 checkpoint_manager.cpp:530]  add commited state:56
E20260317 16:55:16.355103 429642 lock_free_collector_pool.cpp:71]  update:312 seq:312 cap:256 update seq:56
E20260317 16:55:16.339653 429781 consensus_manager_pbft.cpp:208] recv impl type:5 sender id:4 seq:56 primary:1 is recovery:0
E20260317 16:55:16.355959 429755 message_manager.cpp:204]  add request fail
E20260317 16:55:16.357299 429654 commitment.cpp:363] send back to proxy:1
E20260317 16:55:16.359197 429782 checkpoint_manager.cpp:530]  add commited state:56
E20260317 16:55:16.359563 429669 lock_free_collector_pool.cpp:71]  update:312 seq:312 cap:256 update seq:56
E20260317 16:55:16.346397 429803 consensus_manager_pbft.cpp:208] recv impl type:5 sender id:4 seq:56 primary:1 is recovery:0
E20260317 16:55:16.361827 429681 commitment.cpp:363] send back to proxy:1
E20260317 16:55:16.364216 429804 checkpoint_manager.cpp:530]  add commited state:56
E20260317 16:55:16.364600 429696 lock_free_collector_pool.cpp:71]  update:312 seq:312 cap:256 update seq:56
E20260317 16:55:16.354038 429627 commitment.cpp:363] send back to proxy:1
E20260317 16:55:16.366706 429708 commitment.cpp:363] send back to proxy:1
E20260317 16:55:16.369586 429781 message_manager.cpp:204]  add request fail
E20260317 16:55:16.374171 429803 message_manager.cpp:204]  add request fail
E20260317 16:55:16.389846 429734 consensus_manager_pbft.cpp:208] recv impl type:7 sender id:1 seq:56 primary:1 is recovery:0
E20260317 16:55:16.391985 429734 response_manager.cpp:187]  receive request seq:56 type:7 local id:56
E20260317 16:55:16.394981 429733 consensus_manager_pbft.cpp:208] recv impl type:7 sender id:4 seq:56 primary:1 is recovery:0
E20260317 16:55:16.395622 429734 response_manager.cpp:214]  get receive count:0 seq:56
E20260317 16:55:16.396459 429733 response_manager.cpp:187]  receive request seq:56 type:7 local id:56
E20260317 16:55:16.398083 429733 response_manager.cpp:214]  get receive count:1 seq:56
E20260317 16:55:16.398936 429733 lock_free_collector_pool.cpp:71]  update:312 seq:312 cap:256 update seq:56
E20260317 16:55:16.399684 429733 response_manager.cpp:227] SendResponseToClient local_id:56 seq:56 proxy_id:1
E20260317 16:55:16.400892 429733 lock_free_collector_pool.cpp:71]  update:312 seq:312 cap:256 update seq:56
E20260317 16:55:16.402132 429606 consensus_server.cpp:223] Selftest completed request i=54 ret=0 value=light_value
E20260317 16:55:16.402282 429733 response_manager.cpp:259] response sent to client local_id:56 seq:56
E20260317 16:55:16.424451 429734 consensus_manager_pbft.cpp:208] recv impl type:7 sender id:2 seq:56 primary:1 is recovery:0
E20260317 16:55:16.427232 429734 response_manager.cpp:187]  receive request seq:56 type:7 local id:56
E20260317 16:55:17.382943 429606 consensus_server.cpp:291] Self-test passed mode=tcp (GET verified, last_value=light_value)
E20260317 16:55:17.383490 429606 consensus_server.cpp:294] RESULT mode=tcp num_requests=55 total_time_s=20.8927 throughput_rps=2.6325 avg_us=379863 p50_us=381369 p95_us=412516 p99_us=413432 min_us=352263 max_us=416521 status=OK
E20260317 16:55:17.547333 429607 stats.cpp:474]   req client latency:0.000270704
% time     seconds  usecs/call     calls    errors syscall
------ ----------- ----------- --------- --------- ------------------
 90.53  847.099572        3946    214647     72033 futex
  3.57   33.361132        9381      3556           epoll_pwait
  2.66   24.880673      637965        39           clock_nanosleep
  1.97   18.441801      113838       162        90 accept
  0.77    7.198319         913      7882      3052 recvfrom
  0.17    1.615196         226      7138           gettid
  0.17    1.551316         321      4824           sendto
  0.08    0.710453          49     14251           write
  0.07    0.612979          43     14119           getpid
  0.01    0.119677          31      3833           mprotect
  0.01    0.061111         291       210           epoll_ctl
  0.00    0.017825          21       847           rt_sigprocmask
  0.00    0.014141          67       209           madvise
  0.00    0.013294          63       209           clone
  0.00    0.009601          51       187           close
  0.00    0.009186          29       312           mmap
  0.00    0.008782         121        72        16 connect
  0.00    0.007932          28       275           munmap
  0.00    0.006285          88        71           setsockopt
  0.00    0.004001          43        92           ioctl
  0.00    0.003665          45        81           socket
  0.00    0.003658           9       397           brk
  0.00    0.003400          16       210           rseq
  0.00    0.003341          15       210           set_robust_list
  0.00    0.001583          98        16           ppoll
  0.00    0.001486          92        16           getsockopt
  0.00    0.000454         454         1           execve
  0.00    0.000415          51         8           timerfd_create
  0.00    0.000349          24        14         1 openat
  0.00    0.000264          33         8           eventfd2
  0.00    0.000261          32         8           epoll_create1
  0.00    0.000137           8        16         1 newfstatat
  0.00    0.000103          34         3         3 unlinkat
  0.00    0.000088           8        10           read
  0.00    0.000087          29         3         3 symlinkat
  0.00    0.000076          19         4           uname
  0.00    0.000052           6         8           bind
  0.00    0.000034           4         8           listen
  0.00    0.000033           5         6           fcntl
  0.00    0.000020          20         1         1 faccessat
  0.00    0.000016           4         4           lseek
  0.00    0.000013           0        15           rt_sigaction
  0.00    0.000008           8         1           sched_getaffinity
  0.00    0.000006           6         1           set_tid_address
  0.00    0.000000           0         1           prlimit64
  0.00    0.000000           0         1           getrandom
------ ----------- ----------- --------- --------- ------------------
100.00  935.762825        3415    273986     75200 total",
2026-03-17T16:57:02,tcp,128.110.216.196,29000,55,3,0,35.03053219395224,0.000104117,tcp,tcp,55,11.0172,4.99218,200309.0,200311.0,200500.0,200636.0,199970.0,200648.0,OK,,"E20260317 16:55:50.999219 430032 consensus_manager_pbft.cpp:208] recv impl type:5 sender id:3 seq:56 primary:1 is recovery:0
E20260317 16:55:50.999260 429857 lock_free_collector_pool.cpp:71]  update:312 seq:312 cap:256 update seq:56
E20260317 16:55:50.999125 429885 transaction_manager.cpp:91]  execute batch seq:55
E20260317 16:55:50.999130 429842 commitment.cpp:363] send back to proxy:1
E20260317 16:55:50.999380 429896 commitment.cpp:363] send back to proxy:1
E20260317 16:55:50.999042 429830 lock_free_collector_pool.cpp:71]  update:312 seq:312 cap:256 update seq:56
E20260317 16:55:50.999096 429884 lock_free_collector_pool.cpp:71]  update:312 seq:312 cap:256 update seq:56
E20260317 16:55:50.999279 430032 checkpoint_manager.cpp:530]  add commited state:56
E20260317 16:55:50.999553 429948 consensus_manager_pbft.cpp:208] recv impl type:5 sender id:4 seq:56 primary:1 is recovery:0
E20260317 16:55:50.999607 429948 message_manager.cpp:188]  seq:56 type:5 has been committed
E20260317 16:55:50.999642 429969 consensus_manager_pbft.cpp:208] recv impl type:5 sender id:4 seq:56 primary:1 is recovery:0
E20260317 16:55:50.999243 429972 checkpoint_manager.cpp:530]  add commited state:56
E20260317 16:55:50.999292 429858 transaction_manager.cpp:91]  execute batch seq:55
E20260317 16:55:50.999614 429999 consensus_manager_pbft.cpp:208] recv impl type:5 sender id:4 seq:56 primary:1 is recovery:0
E20260317 16:55:50.999825 429869 commitment.cpp:363] send back to proxy:1
E20260317 16:55:50.999306 429911 lock_free_collector_pool.cpp:71]  update:312 seq:312 cap:256 update seq:56
E20260317 16:55:50.999696 429969 message_manager.cpp:204]  add request fail
E20260317 16:55:50.999840 429999 message_manager.cpp:188]  seq:56 type:5 has been committed
E20260317 16:55:50.999323 429920 transaction_manager.cpp:91]  execute batch seq:55
E20260317 16:55:50.999897 430021 consensus_manager_pbft.cpp:208] recv impl type:5 sender id:4 seq:56 primary:1 is recovery:0
E20260317 16:55:51.000082 429923 commitment.cpp:363] send back to proxy:1
E20260317 16:55:51.000097 430021 message_manager.cpp:188]  seq:56 type:5 has been committed
E20260317 16:55:51.024652 429943 consensus_manager_pbft.cpp:208] recv impl type:7 sender id:1 seq:56 primary:1 is recovery:0
E20260317 16:55:51.024706 429943 response_manager.cpp:187]  receive request seq:56 type:7 local id:56
E20260317 16:55:51.024736 429943 response_manager.cpp:214]  get receive count:0 seq:56
E20260317 16:55:51.027696 429946 consensus_manager_pbft.cpp:208] recv impl type:7 sender id:4 seq:56 primary:1 is recovery:0
E20260317 16:55:51.027788 429946 response_manager.cpp:187]  receive request seq:56 type:7 local id:56
E20260317 16:55:51.027719 429934 consensus_manager_pbft.cpp:208] recv impl type:7 sender id:2 seq:56 primary:1 is recovery:0
E20260317 16:55:51.027832 429946 response_manager.cpp:214]  get receive count:1 seq:56
E20260317 16:55:51.027937 429946 lock_free_collector_pool.cpp:71]  update:312 seq:312 cap:256 update seq:56
E20260317 16:55:51.027951 429944 consensus_manager_pbft.cpp:208] recv impl type:7 sender id:3 seq:56 primary:1 is recovery:0
E20260317 16:55:51.027889 429934 response_manager.cpp:187]  receive request seq:56 type:7 local id:56
E20260317 16:55:51.027999 429946 response_manager.cpp:227] SendResponseToClient local_id:56 seq:56 proxy_id:1
E20260317 16:55:51.028028 429944 response_manager.cpp:187]  receive request seq:56 type:7 local id:56
E20260317 16:55:51.028115 429946 lock_free_collector_pool.cpp:71]  update:312 seq:312 cap:256 update seq:56
E20260317 16:55:51.028267 429946 response_manager.cpp:259] response sent to client local_id:56 seq:56
E20260317 16:55:51.028277 429821 consensus_server.cpp:223] Selftest completed request i=54 ret=0 value=light_value
E20260317 16:55:52.055231 429821 consensus_server.cpp:291] Self-test passed mode=tcp (GET verified, last_value=light_value)
E20260317 16:55:52.055330 429821 consensus_server.cpp:294] RESULT mode=tcp num_requests=55 total_time_s=11.0172 throughput_rps=4.99218 avg_us=200309 p50_us=200311 p95_us=200500 p99_us=200636 min_us=199970 max_us=200648 status=OK
E20260317 16:55:52.585597 429822 stats.cpp:474]   req client latency:9.94946e-05","E20260317 16:56:36.312026 430184 consensus_manager_pbft.cpp:208] recv impl type:4 sender id:2 seq:55 primary:1 is recovery:0
E20260317 16:56:36.314245 430181 consensus_manager_pbft.cpp:208] recv impl type:4 sender id:1 seq:55 primary:1 is recovery:0
E20260317 16:56:36.315640 430230 consensus_manager_pbft.cpp:208] recv impl type:4 sender id:2 seq:55 primary:1 is recovery:0
E20260317 16:56:36.315641 430229 consensus_manager_pbft.cpp:208] recv impl type:4 sender id:1 seq:55 primary:1 is recovery:0
E20260317 16:56:36.316356 430254 consensus_manager_pbft.cpp:208] recv impl type:4 sender id:1 seq:55 primary:1 is recovery:0
E20260317 16:56:36.321533 430208 checkpoint_manager.cpp:495] get high prepared seq:54
E20260317 16:56:36.322791 430182 checkpoint_manager.cpp:495] get high prepared seq:54
E20260317 16:56:36.324353 430253 checkpoint_manager.cpp:495] get high prepared seq:54
E20260317 16:56:36.328704 430230 checkpoint_manager.cpp:495] get high prepared seq:54
E20260317 16:56:36.331617 430208 checkpoint_manager.cpp:500] set high prepared seq:55
E20260317 16:56:36.332686 430182 checkpoint_manager.cpp:500] set high prepared seq:55
E20260317 16:56:36.333814 430253 checkpoint_manager.cpp:500] set high prepared seq:55
E20260317 16:56:36.334733 430230 checkpoint_manager.cpp:500] set high prepared seq:55
E20260317 16:56:36.353643 430184 consensus_manager_pbft.cpp:208] recv impl type:5 sender id:1 seq:55 primary:1 is recovery:0
E20260317 16:56:36.359923 430208 consensus_manager_pbft.cpp:208] recv impl type:5 sender id:1 seq:55 primary:1 is recovery:0
E20260317 16:56:36.363373 430232 consensus_manager_pbft.cpp:208] recv impl type:5 sender id:1 seq:55 primary:1 is recovery:0
E20260317 16:56:36.369220 430256 consensus_manager_pbft.cpp:208] recv impl type:5 sender id:1 seq:55 primary:1 is recovery:0
E20260317 16:56:36.376995 430183 consensus_manager_pbft.cpp:208] recv impl type:5 sender id:3 seq:55 primary:1 is recovery:0
E20260317 16:56:36.376998 430182 consensus_manager_pbft.cpp:208] recv impl type:5 sender id:2 seq:55 primary:1 is recovery:0
E20260317 16:56:36.379966 430184 consensus_manager_pbft.cpp:208] recv impl type:5 sender id:4 seq:55 primary:1 is recovery:0
E20260317 16:56:36.385988 430207 consensus_manager_pbft.cpp:208] recv impl type:5 sender id:2 seq:55 primary:1 is recovery:0
E20260317 16:56:36.393419 430231 consensus_manager_pbft.cpp:208] recv impl type:5 sender id:3 seq:55 primary:1 is recovery:0
E20260317 16:56:36.390467 430230 consensus_manager_pbft.cpp:208] recv impl type:5 sender id:2 seq:55 primary:1 is recovery:0
E20260317 16:56:36.396842 430255 consensus_manager_pbft.cpp:208] recv impl type:5 sender id:3 seq:55 primary:1 is recovery:0
E20260317 16:56:36.413309 430129 transaction_manager.cpp:91]  execute batch seq:54
E20260317 16:56:36.399741 430206 consensus_manager_pbft.cpp:208] recv impl type:5 sender id:4 seq:55 primary:1 is recovery:0
E20260317 16:56:36.402660 430254 consensus_manager_pbft.cpp:208] recv impl type:5 sender id:4 seq:55 primary:1 is recovery:0
E20260317 16:56:36.416877 430102 transaction_manager.cpp:91]  execute batch seq:54
E20260317 16:56:36.418015 430156 transaction_manager.cpp:91]  execute batch seq:54
E20260317 16:56:36.407789 430182 checkpoint_manager.cpp:530]  add commited state:55
E20260317 16:56:36.408370 430065 lock_free_collector_pool.cpp:71]  update:311 seq:311 cap:256 update seq:55
E20260317 16:56:36.408784 430075 transaction_manager.cpp:91]  execute batch seq:54
E20260317 16:56:36.409082 430184 message_manager.cpp:204]  add request fail
E20260317 16:56:36.412530 430230 checkpoint_manager.cpp:530]  add commited state:55
E20260317 16:56:36.412900 430119 lock_free_collector_pool.cpp:71]  update:311 seq:311 cap:256 update seq:55
E20260317 16:56:36.399724 430229 consensus_manager_pbft.cpp:208] recv impl type:5 sender id:4 seq:55 primary:1 is recovery:0
E20260317 16:56:36.415162 430131 commitment.cpp:363] send back to proxy:1
E20260317 16:56:36.415840 430206 checkpoint_manager.cpp:530]  add commited state:55
E20260317 16:56:36.416503 430092 lock_free_collector_pool.cpp:71]  update:311 seq:311 cap:256 update seq:55
E20260317 16:56:36.434597 430184 consensus_manager_pbft.cpp:208] recv impl type:7 sender id:3 seq:55 primary:1 is recovery:0
E20260317 16:56:36.417220 430254 checkpoint_manager.cpp:530]  add commited state:55
E20260317 16:56:36.417786 430146 lock_free_collector_pool.cpp:71]  update:311 seq:311 cap:256 update seq:55
E20260317 16:56:36.404217 430208 consensus_manager_pbft.cpp:208] recv impl type:5 sender id:3 seq:55 primary:1 is recovery:0
E20260317 16:56:36.419035 430104 commitment.cpp:363] send back to proxy:1
E20260317 16:56:36.420559 430158 commitment.cpp:363] send back to proxy:1
E20260317 16:56:36.423772 430077 commitment.cpp:363] send back to proxy:1
E20260317 16:56:36.426949 430229 message_manager.cpp:188]  seq:55 type:5 has been committed
E20260317 16:56:36.402660 430253 consensus_manager_pbft.cpp:208] recv impl type:5 sender id:2 seq:55 primary:1 is recovery:0
E20260317 16:56:36.435743 430184 response_manager.cpp:187]  receive request seq:55 type:7 local id:55
E20260317 16:56:36.438226 430208 message_manager.cpp:188]  seq:55 type:5 has been committed
E20260317 16:56:36.444159 430253 message_manager.cpp:188]  seq:55 type:5 has been committed
E20260317 16:56:36.444983 430184 response_manager.cpp:214]  get receive count:0 seq:55
E20260317 16:56:36.451610 430184 consensus_manager_pbft.cpp:208] recv impl type:7 sender id:1 seq:55 primary:1 is recovery:0
E20260317 16:56:36.452983 430184 response_manager.cpp:187]  receive request seq:55 type:7 local id:55
E20260317 16:56:36.453953 430184 response_manager.cpp:214]  get receive count:1 seq:55
E20260317 16:56:36.454734 430184 lock_free_collector_pool.cpp:71]  update:311 seq:311 cap:256 update seq:55
E20260317 16:56:36.455668 430184 response_manager.cpp:227] SendResponseToClient local_id:55 seq:55 proxy_id:1
E20260317 16:56:36.456537 430184 lock_free_collector_pool.cpp:71]  update:311 seq:311 cap:256 update seq:55
E20260317 16:56:36.457665 430056 consensus_server.cpp:223] Selftest completed request i=53 ret=0 value=light_value
E20260317 16:56:36.457674 430184 response_manager.cpp:259] response sent to client local_id:55 seq:55
E20260317 16:56:36.458570 430056 consensus_server.cpp:221] Selftest sending request i=54
E20260317 16:56:36.464956 430183 consensus_manager_pbft.cpp:208] recv impl type:2 sender id:0 seq:0 primary:1 is recovery:0
E20260317 16:56:36.477813 430184 consensus_manager_pbft.cpp:208] recv impl type:7 sender id:2 seq:55 primary:1 is recovery:0
E20260317 16:56:36.477818 430183 consensus_manager_pbft.cpp:208] recv impl type:7 sender id:4 seq:55 primary:1 is recovery:0
E20260317 16:56:36.478840 430184 response_manager.cpp:187]  receive request seq:55 type:7 local id:55
E20260317 16:56:36.479760 430183 response_manager.cpp:187]  receive request seq:55 type:7 local id:55
E20260317 16:56:36.567466 430079 response_manager.cpp:327] add context list:0 list size:1 local_id:56
E20260317 16:56:36.603492 430184 consensus_manager_pbft.cpp:208] recv impl type:14 sender id:1 seq:0 primary:1 is recovery:0
E20260317 16:56:36.621940 430184 consensus_manager_pbft.cpp:208] recv impl type:3 sender id:1 seq:56 primary:1 is recovery:0
E20260317 16:56:36.633292 430256 consensus_manager_pbft.cpp:208] recv impl type:3 sender id:1 seq:56 primary:1 is recovery:0
E20260317 16:56:36.629829 430232 consensus_manager_pbft.cpp:208] recv impl type:3 sender id:1 seq:56 primary:1 is recovery:0
E20260317 16:56:36.633299 430208 consensus_manager_pbft.cpp:208] recv impl type:3 sender id:1 seq:56 primary:1 is recovery:0
E20260317 16:56:36.657459 430184 consensus_manager_pbft.cpp:208] recv impl type:4 sender id:3 seq:56 primary:1 is recovery:0
E20260317 16:56:36.681540 430256 consensus_manager_pbft.cpp:208] recv impl type:4 sender id:4 seq:56 primary:1 is recovery:0
E20260317 16:56:36.660446 430183 consensus_manager_pbft.cpp:208] recv impl type:4 sender id:4 seq:56 primary:1 is recovery:0
E20260317 16:56:36.657456 430208 consensus_manager_pbft.cpp:208] recv impl type:4 sender id:4 seq:56 primary:1 is recovery:0
E20260317 16:56:36.669076 430182 consensus_manager_pbft.cpp:208] recv impl type:4 sender id:2 seq:56 primary:1 is recovery:0
E20260317 16:56:36.673858 430232 consensus_manager_pbft.cpp:208] recv impl type:4 sender id:3 seq:56 primary:1 is recovery:0
E20260317 16:56:36.673861 430231 consensus_manager_pbft.cpp:208] recv impl type:4 sender id:2 seq:56 primary:1 is recovery:0
E20260317 16:56:36.679602 430206 consensus_manager_pbft.cpp:208] recv impl type:4 sender id:2 seq:56 primary:1 is recovery:0
E20260317 16:56:36.681541 430255 consensus_manager_pbft.cpp:208] recv impl type:4 sender id:3 seq:56 primary:1 is recovery:0
E20260317 16:56:36.685532 430230 consensus_manager_pbft.cpp:208] recv impl type:4 sender id:4 seq:56 primary:1 is recovery:0
E20260317 16:56:36.685537 430229 consensus_manager_pbft.cpp:208] recv impl type:4 sender id:1 seq:56 primary:1 is recovery:0
E20260317 16:56:36.657456 430207 consensus_manager_pbft.cpp:208] recv impl type:4 sender id:3 seq:56 primary:1 is recovery:0
E20260317 16:56:36.690330 430254 consensus_manager_pbft.cpp:208] recv impl type:4 sender id:2 seq:56 primary:1 is recovery:0
E20260317 16:56:36.690332 430205 consensus_manager_pbft.cpp:208] recv impl type:4 sender id:1 seq:56 primary:1 is recovery:0
E20260317 16:56:36.690335 430181 consensus_manager_pbft.cpp:208] recv impl type:4 sender id:1 seq:56 primary:1 is recovery:0
E20260317 16:56:36.693284 430253 consensus_manager_pbft.cpp:208] recv impl type:4 sender id:1 seq:56 primary:1 is recovery:0
E20260317 16:56:36.694762 430183 checkpoint_manager.cpp:495] get high prepared seq:55
E20260317 16:56:36.700730 430230 checkpoint_manager.cpp:495] get high prepared seq:55
E20260317 16:56:36.702512 430207 checkpoint_manager.cpp:495] get high prepared seq:55
E20260317 16:56:36.703297 430254 checkpoint_manager.cpp:495] get high prepared seq:55
E20260317 16:56:36.707267 430183 checkpoint_manager.cpp:500] set high prepared seq:56
E20260317 16:56:36.708323 430230 checkpoint_manager.cpp:500] set high prepared seq:56
E20260317 16:56:36.709507 430207 checkpoint_manager.cpp:500] set high prepared seq:56
E20260317 16:56:36.710583 430254 checkpoint_manager.cpp:500] set high prepared seq:56
E20260317 16:56:36.729858 430184 consensus_manager_pbft.cpp:208] recv impl type:5 sender id:1 seq:56 primary:1 is recovery:0
E20260317 16:56:36.736699 430208 consensus_manager_pbft.cpp:208] recv impl type:5 sender id:1 seq:56 primary:1 is recovery:0
E20260317 16:56:36.770867 430206 consensus_manager_pbft.cpp:208] recv impl type:5 sender id:2 seq:56 primary:1 is recovery:0
E20260317 16:56:36.747385 430255 consensus_manager_pbft.cpp:208] recv impl type:5 sender id:1 seq:56 primary:1 is recovery:0
E20260317 16:56:36.752729 430181 consensus_manager_pbft.cpp:208] recv impl type:5 sender id:2 seq:56 primary:1 is recovery:0
E20260317 16:56:36.755645 430183 consensus_manager_pbft.cpp:208] recv impl type:5 sender id:4 seq:56 primary:1 is recovery:0
E20260317 16:56:36.759433 430182 consensus_manager_pbft.cpp:208] recv impl type:5 sender id:3 seq:56 primary:1 is recovery:0
E20260317 16:56:36.763232 430207 consensus_manager_pbft.cpp:208] recv impl type:5 sender id:4 seq:56 primary:1 is recovery:0
E20260317 16:56:36.766207 430254 consensus_manager_pbft.cpp:208] recv impl type:5 sender id:2 seq:56 primary:1 is recovery:0
E20260317 16:56:36.768770 430231 consensus_manager_pbft.cpp:208] recv impl type:5 sender id:2 seq:56 primary:1 is recovery:0
E20260317 16:56:36.768774 430230 consensus_manager_pbft.cpp:208] recv impl type:5 sender id:3 seq:56 primary:1 is recovery:0
E20260317 16:56:36.768775 430229 consensus_manager_pbft.cpp:208] recv impl type:5 sender id:4 seq:56 primary:1 is recovery:0
E20260317 16:56:36.770874 430205 consensus_manager_pbft.cpp:208] recv impl type:5 sender id:3 seq:56 primary:1 is recovery:0
E20260317 16:56:36.743719 430232 consensus_manager_pbft.cpp:208] recv impl type:5 sender id:1 seq:56 primary:1 is recovery:0
E20260317 16:56:36.773689 430256 consensus_manager_pbft.cpp:208] recv impl type:5 sender id:4 seq:56 primary:1 is recovery:0
E20260317 16:56:36.775224 430253 consensus_manager_pbft.cpp:208] recv impl type:5 sender id:3 seq:56 primary:1 is recovery:0
E20260317 16:56:36.780210 430183 checkpoint_manager.cpp:530]  add commited state:56
E20260317 16:56:36.780815 430065 lock_free_collector_pool.cpp:71]  update:312 seq:312 cap:256 update seq:56
E20260317 16:56:36.781232 430073 transaction_manager.cpp:91]  execute batch seq:55
E20260317 16:56:36.781443 430182 message_manager.cpp:204]  add request fail
E20260317 16:56:36.782553 430207 checkpoint_manager.cpp:530]  add commited state:56
E20260317 16:56:36.783164 430092 lock_free_collector_pool.cpp:71]  update:312 seq:312 cap:256 update seq:56
E20260317 16:56:36.783782 430100 transaction_manager.cpp:91]  execute batch seq:55
E20260317 16:56:36.786980 430229 checkpoint_manager.cpp:530]  add commited state:56
E20260317 16:56:36.787632 430119 lock_free_collector_pool.cpp:71]  update:312 seq:312 cap:256 update seq:56
E20260317 16:56:36.788278 430205 message_manager.cpp:204]  add request fail
E20260317 16:56:36.788285 430127 transaction_manager.cpp:91]  execute batch seq:55
E20260317 16:56:36.789180 430232 message_manager.cpp:204]  add request fail
E20260317 16:56:36.790262 430256 checkpoint_manager.cpp:530]  add commited state:56
E20260317 16:56:36.790863 430146 lock_free_collector_pool.cpp:71]  update:312 seq:312 cap:256 update seq:56
E20260317 16:56:36.791230 430155 transaction_manager.cpp:91]  execute batch seq:55
E20260317 16:56:36.791405 430253 message_manager.cpp:204]  add request fail
E20260317 16:56:36.794960 430077 commitment.cpp:363] send back to proxy:1
E20260317 16:56:36.798561 430104 commitment.cpp:363] send back to proxy:1
E20260317 16:56:36.802230 430131 commitment.cpp:363] send back to proxy:1
E20260317 16:56:36.806248 430158 commitment.cpp:363] send back to proxy:1
E20260317 16:56:36.814975 430184 consensus_manager_pbft.cpp:208] recv impl type:7 sender id:1 seq:56 primary:1 is recovery:0
E20260317 16:56:36.816479 430184 response_manager.cpp:187]  receive request seq:56 type:7 local id:56
E20260317 16:56:36.817252 430184 response_manager.cpp:214]  get receive count:0 seq:56
E20260317 16:56:36.840401 430184 consensus_manager_pbft.cpp:208] recv impl type:7 sender id:4 seq:56 primary:1 is recovery:0
E20260317 16:56:36.844444 430182 consensus_manager_pbft.cpp:208] recv impl type:7 sender id:2 seq:56 primary:1 is recovery:0
E20260317 16:56:36.845713 430184 response_manager.cpp:187]  receive request seq:56 type:7 local id:56
E20260317 16:56:36.850095 430183 consensus_manager_pbft.cpp:208] recv impl type:7 sender id:3 seq:56 primary:1 is recovery:0
E20260317 16:56:36.850544 430182 response_manager.cpp:187]  receive request seq:56 type:7 local id:56
E20260317 16:56:36.851528 430184 response_manager.cpp:214]  get receive count:1 seq:56
E20260317 16:56:36.852332 430183 response_manager.cpp:187]  receive request seq:56 type:7 local id:56
E20260317 16:56:36.854040 430184 lock_free_collector_pool.cpp:71]  update:312 seq:312 cap:256 update seq:56
E20260317 16:56:36.855643 430184 response_manager.cpp:227] SendResponseToClient local_id:56 seq:56 proxy_id:1
E20260317 16:56:36.856384 430184 lock_free_collector_pool.cpp:71]  update:312 seq:312 cap:256 update seq:56
E20260317 16:56:36.857499 430056 consensus_server.cpp:223] Selftest completed request i=54 ret=0 value=light_value
E20260317 16:56:36.857507 430184 response_manager.cpp:259] response sent to client local_id:56 seq:56
E20260317 16:56:37.671061 430057 stats.cpp:474]   req client latency:0.000281733
E20260317 16:56:37.972035 430056 consensus_server.cpp:291] Self-test passed mode=tcp (GET verified, last_value=light_value)
E20260317 16:56:37.972553 430056 consensus_server.cpp:294] RESULT mode=tcp num_requests=55 total_time_s=21.2508 throughput_rps=2.58813 avg_us=386375 p50_us=379796 p95_us=418704 p99_us=421077 min_us=355016 max_us=424957 status=OK
% time     seconds  usecs/call     calls    errors syscall
------ ----------- ----------- --------- --------- ------------------
 90.52  870.964570        3838    226896     77381 futex
  3.59   34.555677        9628      3589           epoll_pwait
  2.69   25.891866      588451        44           clock_nanosleep
  1.94   18.650433      114419       163        91 accept
  0.76    7.298384         926      7880      3058 recvfrom
  0.17    1.637222         229      7128           gettid
  0.16    1.573406         326      4816           sendto
  0.08    0.722021          50     14227           write
  0.06    0.621124          44     14095           getpid
  0.01    0.137572          36      3818           mprotect
  0.01    0.077567         319       243           epoll_ctl
  0.00    0.016174          19       847           rt_sigprocmask
  0.00    0.013892          66       209           clone
  0.00    0.009877          47       209           madvise
  0.00    0.008984          48       187           close
  0.00    0.008529          27       312           mmap
  0.00    0.007708          28       275           munmap
  0.00    0.007650         106        72        16 connect
  0.00    0.006031          84        71           setsockopt
  0.00    0.003909           9       397           brk
  0.00    0.003370          16       210           rseq
  0.00    0.003262          15       210           set_robust_list
  0.00    0.002254          27        81           socket
  0.00    0.001781          19        92           ioctl
  0.00    0.000762          47        16           getsockopt
  0.00    0.000667          41        16           ppoll
  0.00    0.000441          31        14         1 openat
  0.00    0.000185          23         8           epoll_create1
  0.00    0.000155           9        16         1 newfstatat
  0.00    0.000150          18         8           eventfd2
  0.00    0.000126          15         8           timerfd_create
  0.00    0.000094           6        15           rt_sigaction
  0.00    0.000074           7        10           read
  0.00    0.000071          11         6           fcntl
  0.00    0.000062          20         3         3 unlinkat
  0.00    0.000045          11         4           lseek
  0.00    0.000037          37         1           sched_getaffinity
  0.00    0.000036           9         4           uname
  0.00    0.000032           4         8           bind
  0.00    0.000029           9         3         3 symlinkat
  0.00    0.000021           2         8           listen
  0.00    0.000008           8         1           prlimit64
  0.00    0.000008           8         1           getrandom
  0.00    0.000006           6         1           set_tid_address
  0.00    0.000000           0         1         1 faccessat
  0.00    0.000000           0         1           execve
------ ----------- ----------- --------- --------- ------------------
100.00  962.226272        3361    286224     80555 total",
2026-03-17T16:58:27,tcp,128.110.216.196,29000,55,4,0,35.030879063066095,5.50579e-05,tcp,tcp,55,8.26327,6.65596,150237.0,150228.0,150379.0,150389.0,150038.0,150446.0,OK,,"E20260317 16:57:13.368793 430287 transaction_manager.cpp:91]  execute batch seq:55
E20260317 16:57:13.368832 430424 consensus_manager_pbft.cpp:208] recv impl type:5 sender id:4 seq:56 primary:1 is recovery:0
E20260317 16:57:13.368880 430293 commitment.cpp:363] send back to proxy:1
E20260317 16:57:13.368817 430413 checkpoint_manager.cpp:530]  add commited state:56
E20260317 16:57:13.368839 430393 consensus_manager_pbft.cpp:208] recv impl type:5 sender id:4 seq:56 primary:1 is recovery:0
E20260317 16:57:13.368837 430308 lock_free_collector_pool.cpp:71]  update:312 seq:312 cap:256 update seq:56
E20260317 16:57:13.368664 430347 commitment.cpp:363] send back to proxy:1
E20260317 16:57:13.368744 430281 lock_free_collector_pool.cpp:71]  update:312 seq:312 cap:256 update seq:56
E20260317 16:57:13.368889 430452 consensus_manager_pbft.cpp:208] recv impl type:5 sender id:4 seq:56 primary:1 is recovery:0
E20260317 16:57:13.368891 430424 message_manager.cpp:204]  add request fail
E20260317 16:57:13.368894 430311 transaction_manager.cpp:91]  execute batch seq:55
E20260317 16:57:13.368958 430392 checkpoint_manager.cpp:530]  add commited state:56
E20260317 16:57:13.368549 430481 consensus_manager_pbft.cpp:208] recv impl type:5 sender id:3 seq:56 primary:1 is recovery:0
E20260317 16:57:13.369032 430393 message_manager.cpp:204]  add request fail
E20260317 16:57:13.369421 430362 lock_free_collector_pool.cpp:71]  update:312 seq:312 cap:256 update seq:56
E20260317 16:57:13.369236 430452 message_manager.cpp:188]  seq:56 type:5 has been committed
E20260317 16:57:13.369355 430320 commitment.cpp:363] send back to proxy:1
E20260317 16:57:13.369398 430481 checkpoint_manager.cpp:530]  add commited state:56
E20260317 16:57:13.369088 430473 consensus_manager_pbft.cpp:208] recv impl type:5 sender id:4 seq:56 primary:1 is recovery:0
E20260317 16:57:13.369467 430367 transaction_manager.cpp:91]  execute batch seq:55
E20260317 16:57:13.369617 430473 message_manager.cpp:188]  seq:56 type:5 has been committed
E20260317 16:57:13.369701 430374 commitment.cpp:363] send back to proxy:1
E20260317 16:57:13.387059 430388 consensus_manager_pbft.cpp:208] recv impl type:7 sender id:4 seq:56 primary:1 is recovery:0
E20260317 16:57:13.387071 430400 consensus_manager_pbft.cpp:208] recv impl type:7 sender id:2 seq:56 primary:1 is recovery:0
E20260317 16:57:13.387100 430390 consensus_manager_pbft.cpp:208] recv impl type:7 sender id:3 seq:56 primary:1 is recovery:0
E20260317 16:57:13.387125 430388 response_manager.cpp:187]  receive request seq:56 type:7 local id:56
E20260317 16:57:13.387179 430400 response_manager.cpp:187]  receive request seq:56 type:7 local id:56
E20260317 16:57:13.387224 430390 response_manager.cpp:187]  receive request seq:56 type:7 local id:56
E20260317 16:57:13.387260 430388 response_manager.cpp:214]  get receive count:0 seq:56
E20260317 16:57:13.387297 430400 response_manager.cpp:214]  get receive count:1 seq:56
E20260317 16:57:13.387390 430400 lock_free_collector_pool.cpp:71]  update:312 seq:312 cap:256 update seq:56
E20260317 16:57:13.387423 430400 response_manager.cpp:227] SendResponseToClient local_id:56 seq:56 proxy_id:1
E20260317 16:57:13.387451 430400 lock_free_collector_pool.cpp:71]  update:312 seq:312 cap:256 update seq:56
E20260317 16:57:13.387542 430400 response_manager.cpp:259] response sent to client local_id:56 seq:56
E20260317 16:57:13.387574 430272 consensus_server.cpp:223] Selftest completed request i=54 ret=0 value=light_value
E20260317 16:57:13.394428 430396 consensus_manager_pbft.cpp:208] recv impl type:7 sender id:1 seq:56 primary:1 is recovery:0
E20260317 16:57:13.394497 430396 response_manager.cpp:187]  receive request seq:56 type:7 local id:56
E20260317 16:57:14.611248 430272 consensus_server.cpp:291] Self-test passed mode=tcp (GET verified, last_value=light_value)
E20260317 16:57:14.611434 430272 consensus_server.cpp:294] RESULT mode=tcp num_requests=55 total_time_s=8.26327 throughput_rps=6.65596 avg_us=150237 p50_us=150228 p95_us=150379 p99_us=150389 min_us=150038 max_us=150446 status=OK
E20260317 16:57:17.710309 430273 stats.cpp:474]   req client latency:4.948e-05","E20260317 16:58:01.660307 430681 consensus_manager_pbft.cpp:208] recv impl type:4 sender id:2 seq:55 primary:1 is recovery:0
E20260317 16:58:01.660315 430632 consensus_manager_pbft.cpp:208] recv impl type:4 sender id:1 seq:55 primary:1 is recovery:0
E20260317 16:58:01.669658 430705 consensus_manager_pbft.cpp:208] recv impl type:4 sender id:2 seq:55 primary:1 is recovery:0
E20260317 16:58:01.669661 430704 consensus_manager_pbft.cpp:208] recv impl type:4 sender id:1 seq:55 primary:1 is recovery:0
E20260317 16:58:01.669721 430633 checkpoint_manager.cpp:495] get high prepared seq:54
E20260317 16:58:01.670778 430680 consensus_manager_pbft.cpp:208] recv impl type:4 sender id:1 seq:55 primary:1 is recovery:0
E20260317 16:58:01.675201 430659 checkpoint_manager.cpp:495] get high prepared seq:54
E20260317 16:58:01.679968 430681 checkpoint_manager.cpp:495] get high prepared seq:54
E20260317 16:58:01.682139 430705 checkpoint_manager.cpp:495] get high prepared seq:54
E20260317 16:58:01.684098 430633 checkpoint_manager.cpp:500] set high prepared seq:55
E20260317 16:58:01.686321 430659 checkpoint_manager.cpp:500] set high prepared seq:55
E20260317 16:58:01.687383 430681 checkpoint_manager.cpp:500] set high prepared seq:55
E20260317 16:58:01.688532 430705 checkpoint_manager.cpp:500] set high prepared seq:55
E20260317 16:58:01.701503 430634 consensus_manager_pbft.cpp:208] recv impl type:5 sender id:1 seq:55 primary:1 is recovery:0
E20260317 16:58:01.706176 430659 consensus_manager_pbft.cpp:208] recv impl type:5 sender id:1 seq:55 primary:1 is recovery:0
E20260317 16:58:01.734977 430658 consensus_manager_pbft.cpp:208] recv impl type:5 sender id:2 seq:55 primary:1 is recovery:0
E20260317 16:58:01.750286 430707 consensus_manager_pbft.cpp:208] recv impl type:5 sender id:2 seq:55 primary:1 is recovery:0
E20260317 16:58:01.729449 430682 consensus_manager_pbft.cpp:208] recv impl type:5 sender id:3 seq:55 primary:1 is recovery:0
E20260317 16:58:01.735857 430706 consensus_manager_pbft.cpp:208] recv impl type:5 sender id:3 seq:55 primary:1 is recovery:0
E20260317 16:58:01.707724 430683 consensus_manager_pbft.cpp:208] recv impl type:5 sender id:1 seq:55 primary:1 is recovery:0
E20260317 16:58:01.735929 430635 consensus_manager_pbft.cpp:208] recv impl type:5 sender id:2 seq:55 primary:1 is recovery:0
E20260317 16:58:01.735924 430634 consensus_manager_pbft.cpp:208] recv impl type:5 sender id:3 seq:55 primary:1 is recovery:0
E20260317 16:58:01.746196 430681 consensus_manager_pbft.cpp:208] recv impl type:5 sender id:2 seq:55 primary:1 is recovery:0
E20260317 16:58:01.747153 430657 consensus_manager_pbft.cpp:208] recv impl type:5 sender id:3 seq:55 primary:1 is recovery:0
E20260317 16:58:01.763520 430576 transaction_manager.cpp:91]  execute batch seq:54
E20260317 16:58:01.766489 430543 lock_free_collector_pool.cpp:71]  update:311 seq:311 cap:256 update seq:55
E20260317 16:58:01.710144 430705 consensus_manager_pbft.cpp:208] recv impl type:5 sender id:1 seq:55 primary:1 is recovery:0
E20260317 16:58:01.753484 430680 consensus_manager_pbft.cpp:208] recv impl type:5 sender id:4 seq:55 primary:1 is recovery:0
E20260317 16:58:01.771625 430607 transaction_manager.cpp:91]  execute batch seq:54
E20260317 16:58:01.761360 430634 checkpoint_manager.cpp:530]  add commited state:55
E20260317 16:58:01.761955 430516 lock_free_collector_pool.cpp:71]  update:311 seq:311 cap:256 update seq:55
E20260317 16:58:01.762365 430519 transaction_manager.cpp:91]  execute batch seq:54
E20260317 16:58:01.762748 430681 checkpoint_manager.cpp:530]  add commited state:55
E20260317 16:58:01.763126 430570 lock_free_collector_pool.cpp:71]  update:311 seq:311 cap:256 update seq:55
E20260317 16:58:01.747164 430633 consensus_manager_pbft.cpp:208] recv impl type:5 sender id:4 seq:55 primary:1 is recovery:0
E20260317 16:58:01.764146 430657 checkpoint_manager.cpp:530]  add commited state:55
E20260317 16:58:01.748595 430656 consensus_manager_pbft.cpp:208] recv impl type:5 sender id:4 seq:55 primary:1 is recovery:0
E20260317 16:58:01.767216 430551 transaction_manager.cpp:91]  execute batch seq:54
E20260317 16:58:01.769090 430582 commitment.cpp:363] send back to proxy:1
E20260317 16:58:01.770862 430705 checkpoint_manager.cpp:530]  add commited state:55
E20260317 16:58:01.771091 430597 lock_free_collector_pool.cpp:71]  update:311 seq:311 cap:256 update seq:55
E20260317 16:58:01.755867 430704 consensus_manager_pbft.cpp:208] recv impl type:5 sender id:4 seq:55 primary:1 is recovery:0
E20260317 16:58:01.772047 430680 message_manager.cpp:204]  add request fail
E20260317 16:58:01.773348 430609 commitment.cpp:363] send back to proxy:1
E20260317 16:58:01.776064 430528 commitment.cpp:363] send back to proxy:1
E20260317 16:58:01.778425 430633 message_manager.cpp:188]  seq:55 type:5 has been committed
E20260317 16:58:01.780656 430656 message_manager.cpp:188]  seq:55 type:5 has been committed
E20260317 16:58:01.781996 430555 commitment.cpp:363] send back to proxy:1
E20260317 16:58:01.785148 430704 message_manager.cpp:188]  seq:55 type:5 has been committed
E20260317 16:58:01.827610 430634 consensus_manager_pbft.cpp:208] recv impl type:7 sender id:3 seq:55 primary:1 is recovery:0
E20260317 16:58:01.827883 430635 consensus_manager_pbft.cpp:208] recv impl type:7 sender id:2 seq:55 primary:1 is recovery:0
E20260317 16:58:01.830174 430634 response_manager.cpp:187]  receive request seq:55 type:7 local id:55
E20260317 16:58:01.832672 430633 consensus_manager_pbft.cpp:208] recv impl type:7 sender id:4 seq:55 primary:1 is recovery:0
E20260317 16:58:01.833766 430635 response_manager.cpp:187]  receive request seq:55 type:7 local id:55
E20260317 16:58:01.834651 430634 response_manager.cpp:214]  get receive count:0 seq:55
E20260317 16:58:01.835635 430633 response_manager.cpp:187]  receive request seq:55 type:7 local id:55
E20260317 16:58:01.836547 430635 response_manager.cpp:214]  get receive count:1 seq:55
E20260317 16:58:01.840215 430634 consensus_manager_pbft.cpp:208] recv impl type:7 sender id:1 seq:55 primary:1 is recovery:0
E20260317 16:58:01.842644 430635 lock_free_collector_pool.cpp:71]  update:311 seq:311 cap:256 update seq:55
E20260317 16:58:01.844125 430634 response_manager.cpp:187]  receive request seq:55 type:7 local id:55
E20260317 16:58:01.845001 430635 response_manager.cpp:227] SendResponseToClient local_id:55 seq:55 proxy_id:1
E20260317 16:58:01.846655 430635 lock_free_collector_pool.cpp:71]  update:311 seq:311 cap:256 update seq:55
E20260317 16:58:01.847903 430635 response_manager.cpp:259] response sent to client local_id:55 seq:55
E20260317 16:58:01.847903 430507 consensus_server.cpp:223] Selftest completed request i=53 ret=0 value=light_value
E20260317 16:58:01.849917 430507 consensus_server.cpp:221] Selftest sending request i=54
E20260317 16:58:01.855214 430635 consensus_manager_pbft.cpp:208] recv impl type:2 sender id:0 seq:0 primary:1 is recovery:0
E20260317 16:58:01.956549 430530 response_manager.cpp:327] add context list:0 list size:1 local_id:56
E20260317 16:58:01.992151 430634 consensus_manager_pbft.cpp:208] recv impl type:14 sender id:1 seq:0 primary:1 is recovery:0
E20260317 16:58:02.001825 430635 consensus_manager_pbft.cpp:208] recv impl type:3 sender id:1 seq:56 primary:1 is recovery:0
E20260317 16:58:02.011089 430706 consensus_manager_pbft.cpp:208] recv impl type:3 sender id:1 seq:56 primary:1 is recovery:0
E20260317 16:58:02.008798 430683 consensus_manager_pbft.cpp:208] recv impl type:3 sender id:1 seq:56 primary:1 is recovery:0
E20260317 16:58:02.007817 430659 consensus_manager_pbft.cpp:208] recv impl type:3 sender id:1 seq:56 primary:1 is recovery:0
E20260317 16:58:02.028662 430683 consensus_manager_pbft.cpp:208] recv impl type:4 sender id:1 seq:56 primary:1 is recovery:0
E20260317 16:58:02.045543 430634 consensus_manager_pbft.cpp:208] recv impl type:4 sender id:3 seq:56 primary:1 is recovery:0
E20260317 16:58:02.064280 430683 consensus_manager_pbft.cpp:208] recv impl type:4 sender id:4 seq:56 primary:1 is recovery:0
E20260317 16:58:02.039340 430706 consensus_manager_pbft.cpp:208] recv impl type:4 sender id:1 seq:56 primary:1 is recovery:0
E20260317 16:58:02.039350 430659 consensus_manager_pbft.cpp:208] recv impl type:4 sender id:4 seq:56 primary:1 is recovery:0
E20260317 16:58:02.025674 430657 consensus_manager_pbft.cpp:208] recv impl type:4 sender id:1 seq:56 primary:1 is recovery:0
E20260317 16:58:02.055483 430658 consensus_manager_pbft.cpp:208] recv impl type:4 sender id:3 seq:56 primary:1 is recovery:0
E20260317 16:58:02.055511 430633 consensus_manager_pbft.cpp:208] recv impl type:4 sender id:4 seq:56 primary:1 is recovery:0
E20260317 16:58:02.061204 430707 consensus_manager_pbft.cpp:208] recv impl type:4 sender id:4 seq:56 primary:1 is recovery:0
E20260317 16:58:02.021859 430635 consensus_manager_pbft.cpp:208] recv impl type:4 sender id:1 seq:56 primary:1 is recovery:0
E20260317 16:58:02.072422 430632 consensus_manager_pbft.cpp:208] recv impl type:4 sender id:2 seq:56 primary:1 is recovery:0
E20260317 16:58:02.077013 430705 consensus_manager_pbft.cpp:208] recv impl type:4 sender id:3 seq:56 primary:1 is recovery:0
E20260317 16:58:02.077054 430682 consensus_manager_pbft.cpp:208] recv impl type:4 sender id:3 seq:56 primary:1 is recovery:0
E20260317 16:58:02.077052 430681 consensus_manager_pbft.cpp:208] recv impl type:4 sender id:2 seq:56 primary:1 is recovery:0
E20260317 16:58:02.080698 430656 consensus_manager_pbft.cpp:208] recv impl type:4 sender id:2 seq:56 primary:1 is recovery:0
E20260317 16:58:02.083652 430704 consensus_manager_pbft.cpp:208] recv impl type:4 sender id:2 seq:56 primary:1 is recovery:0
E20260317 16:58:02.084311 430683 checkpoint_manager.cpp:495] get high prepared seq:55
E20260317 16:58:02.086773 430657 checkpoint_manager.cpp:495] get high prepared seq:55
E20260317 16:58:02.089457 430633 checkpoint_manager.cpp:495] get high prepared seq:55
E20260317 16:58:02.092984 430705 checkpoint_manager.cpp:495] get high prepared seq:55
E20260317 16:58:02.097216 430683 checkpoint_manager.cpp:500] set high prepared seq:56
E20260317 16:58:02.098901 430657 checkpoint_manager.cpp:500] set high prepared seq:56
E20260317 16:58:02.100052 430633 checkpoint_manager.cpp:500] set high prepared seq:56
E20260317 16:58:02.101016 430705 checkpoint_manager.cpp:500] set high prepared seq:56
E20260317 16:58:02.114174 430635 consensus_manager_pbft.cpp:208] recv impl type:5 sender id:3 seq:56 primary:1 is recovery:0
E20260317 16:58:02.118749 430659 consensus_manager_pbft.cpp:208] recv impl type:5 sender id:3 seq:56 primary:1 is recovery:0
E20260317 16:58:02.147440 430658 consensus_manager_pbft.cpp:208] recv impl type:5 sender id:2 seq:56 primary:1 is recovery:0
E20260317 16:58:02.160283 430680 consensus_manager_pbft.cpp:208] recv impl type:5 sender id:4 seq:56 primary:1 is recovery:0
E20260317 16:58:02.133106 430634 consensus_manager_pbft.cpp:208] recv impl type:5 sender id:4 seq:56 primary:1 is recovery:0
E20260317 16:58:02.144474 430635 consensus_manager_pbft.cpp:208] recv impl type:5 sender id:2 seq:56 primary:1 is recovery:0
E20260317 16:58:02.144477 430633 consensus_manager_pbft.cpp:208] recv impl type:5 sender id:1 seq:56 primary:1 is recovery:0
E20260317 16:58:02.150347 430706 consensus_manager_pbft.cpp:208] recv impl type:5 sender id:2 seq:56 primary:1 is recovery:0
E20260317 16:58:02.123659 430683 consensus_manager_pbft.cpp:208] recv impl type:5 sender id:3 seq:56 primary:1 is recovery:0
E20260317 16:58:02.155488 430657 consensus_manager_pbft.cpp:208] recv impl type:5 sender id:4 seq:56 primary:1 is recovery:0
E20260317 16:58:02.155493 430656 consensus_manager_pbft.cpp:208] recv impl type:5 sender id:1 seq:56 primary:1 is recovery:0
E20260317 16:58:02.157325 430681 consensus_manager_pbft.cpp:208] recv impl type:5 sender id:2 seq:56 primary:1 is recovery:0
E20260317 16:58:02.159163 430682 consensus_manager_pbft.cpp:208] recv impl type:5 sender id:1 seq:56 primary:1 is recovery:0
E20260317 16:58:02.126055 430707 consensus_manager_pbft.cpp:208] recv impl type:5 sender id:3 seq:56 primary:1 is recovery:0
E20260317 16:58:02.160262 430704 consensus_manager_pbft.cpp:208] recv impl type:5 sender id:1 seq:56 primary:1 is recovery:0
E20260317 16:58:02.160264 430703 consensus_manager_pbft.cpp:208] recv impl type:5 sender id:4 seq:56 primary:1 is recovery:0
E20260317 16:58:02.164134 430635 checkpoint_manager.cpp:530]  add commited state:56
E20260317 16:58:02.164748 430516 lock_free_collector_pool.cpp:71]  update:312 seq:312 cap:256 update seq:56
E20260317 16:58:02.165174 430525 transaction_manager.cpp:91]  execute batch seq:55
E20260317 16:58:02.165356 430633 message_manager.cpp:204]  add request fail
E20260317 16:58:02.168066 430657 checkpoint_manager.cpp:530]  add commited state:56
E20260317 16:58:02.168785 430543 lock_free_collector_pool.cpp:71]  update:312 seq:312 cap:256 update seq:56
E20260317 16:58:02.169255 430549 transaction_manager.cpp:91]  execute batch seq:55
E20260317 16:58:02.169422 430656 message_manager.cpp:204]  add request fail
E20260317 16:58:02.170596 430681 checkpoint_manager.cpp:530]  add commited state:56
E20260317 16:58:02.171150 430570 lock_free_collector_pool.cpp:71]  update:312 seq:312 cap:256 update seq:56
E20260317 16:58:02.171700 430682 message_manager.cpp:204]  add request fail
E20260317 16:58:02.171716 430580 transaction_manager.cpp:91]  execute batch seq:55
E20260317 16:58:02.173578 430704 checkpoint_manager.cpp:530]  add commited state:56
E20260317 16:58:02.174472 430597 lock_free_collector_pool.cpp:71]  update:312 seq:312 cap:256 update seq:56
E20260317 16:58:02.175855 430606 transaction_manager.cpp:91]  execute batch seq:55
E20260317 16:58:02.176882 430703 message_manager.cpp:204]  add request fail
E20260317 16:58:02.180877 430528 commitment.cpp:363] send back to proxy:1
E20260317 16:58:02.185726 430555 commitment.cpp:363] send back to proxy:1
E20260317 16:58:02.190498 430582 commitment.cpp:363] send back to proxy:1
E20260317 16:58:02.193279 430609 commitment.cpp:363] send back to proxy:1
E20260317 16:58:02.202018 430635 consensus_manager_pbft.cpp:208] recv impl type:7 sender id:1 seq:56 primary:1 is recovery:0
E20260317 16:58:02.203619 430635 response_manager.cpp:187]  receive request seq:56 type:7 local id:56
E20260317 16:58:02.204399 430635 response_manager.cpp:214]  get receive count:0 seq:56
E20260317 16:58:02.239275 430635 consensus_manager_pbft.cpp:208] recv impl type:7 sender id:2 seq:56 primary:1 is recovery:0
E20260317 16:58:02.239279 430634 consensus_manager_pbft.cpp:208] recv impl type:7 sender id:3 seq:56 primary:1 is recovery:0
E20260317 16:58:02.243739 430635 response_manager.cpp:187]  receive request seq:56 type:7 local id:56
E20260317 16:58:02.243924 430633 consensus_manager_pbft.cpp:208] recv impl type:7 sender id:4 seq:56 primary:1 is recovery:0
E20260317 16:58:02.244944 430634 response_manager.cpp:187]  receive request seq:56 type:7 local id:56
E20260317 16:58:02.245790 430635 response_manager.cpp:214]  get receive count:1 seq:56
E20260317 16:58:02.246611 430633 response_manager.cpp:187]  receive request seq:56 type:7 local id:56
E20260317 16:58:02.248291 430635 lock_free_collector_pool.cpp:71]  update:312 seq:312 cap:256 update seq:56
E20260317 16:58:02.250545 430635 response_manager.cpp:227] SendResponseToClient local_id:56 seq:56 proxy_id:1
E20260317 16:58:02.251376 430635 lock_free_collector_pool.cpp:71]  update:312 seq:312 cap:256 update seq:56
E20260317 16:58:02.252507 430635 response_manager.cpp:259] response sent to client local_id:56 seq:56
E20260317 16:58:02.252507 430507 consensus_server.cpp:223] Selftest completed request i=54 ret=0 value=light_value
E20260317 16:58:02.791312 430508 stats.cpp:474]   req client latency:0.000294904
E20260317 16:58:03.255523 430507 consensus_server.cpp:291] Self-test passed mode=tcp (GET verified, last_value=light_value)
E20260317 16:58:03.256424 430507 consensus_server.cpp:294] RESULT mode=tcp num_requests=55 total_time_s=21.5368 throughput_rps=2.55376 avg_us=391575 p50_us=406784 p95_us=415536 p99_us=417389 min_us=339213 max_us=423273 status=OK
% time     seconds  usecs/call     calls    errors syscall
------ ----------- ----------- --------- --------- ------------------
 90.49  861.566797        3802    226596     77624 futex
  3.63   34.563962        9708      3560           epoll_pwait
  2.69   25.636171      582640        44           clock_nanosleep
  1.93   18.398213      112184       164        92 accept
  0.75    7.177859         908      7898      3076 recvfrom
  0.17    1.616167         226      7142           gettid
  0.16    1.563286         324      4816           sendto
  0.08    0.716222          50     14257           write
  0.07    0.621241          43     14125           getpid
  0.01    0.141039          36      3813           mprotect
  0.01    0.059092         264       223           epoll_ctl
  0.00    0.017008          20       847           rt_sigprocmask
  0.00    0.015174          72       209           madvise
  0.00    0.010084          48       209           clone
  0.00    0.009746          52       187           close
  0.00    0.008387          26       312           mmap
  0.00    0.007963          28       277           munmap
  0.00    0.007530         104        72        16 connect
  0.00    0.006677          94        71           setsockopt
  0.00    0.002870           7       397           brk
  0.00    0.002707          12       210           set_robust_list
  0.00    0.002466          11       210           rseq
  0.00    0.002211          27        81           socket
  0.00    0.002061          22        92           ioctl
  0.00    0.000794          49        16           ppoll
  0.00    0.000782          48        16           getsockopt
  0.00    0.000343          24        14         1 openat
  0.00    0.000118           7        16         1 newfstatat
  0.00    0.000097          12         8           eventfd2
  0.00    0.000084           8        10           read
  0.00    0.000055           6         8           timerfd_create
  0.00    0.000037           4         8           epoll_create1
  0.00    0.000030           5         6           fcntl
  0.00    0.000030          10         3         3 unlinkat
  0.00    0.000026          26         1           execve
  0.00    0.000024           8         3         3 symlinkat
  0.00    0.000023          23         1           sched_getaffinity
  0.00    0.000021          21         1         1 faccessat
  0.00    0.000014           3         4           lseek
  0.00    0.000014           1         8           bind
  0.00    0.000009           1         8           listen
  0.00    0.000008           2         4           uname
  0.00    0.000007           0        15           rt_sigaction
  0.00    0.000006           6         1           set_tid_address
  0.00    0.000000           0         1           prlimit64
  0.00    0.000000           0         1           getrandom
------ ----------- ----------- --------- --------- ------------------
100.00  952.157455        3329    285965     80817 total",
2026-03-17T16:59:52,tcp,128.110.216.196,29000,55,5,0,35.03058864502236,0.000104823,tcp,tcp,55,11.0172,4.9922,200309.0,200303.0,200431.0,200456.0,200064.0,200581.0,OK,,"E20260317 16:58:41.246598 430913 checkpoint_manager.cpp:530]  add commited state:56
E20260317 16:58:41.246310 430778 transaction_manager.cpp:91]  execute batch seq:55
E20260317 16:58:41.246218 430883 checkpoint_manager.cpp:530]  add commited state:56
E20260317 16:58:41.246809 430920 consensus_manager_pbft.cpp:208] recv impl type:5 sender id:4 seq:56 primary:1 is recovery:0
E20260317 16:58:41.246431 430935 checkpoint_manager.cpp:530]  add commited state:56
E20260317 16:58:41.246924 430935 consensus_manager_pbft.cpp:208] recv impl type:5 sender id:4 seq:56 primary:1 is recovery:0
E20260317 16:58:41.246963 430935 message_manager.cpp:188]  seq:56 type:5 has been committed
E20260317 16:58:41.246459 430827 lock_free_collector_pool.cpp:71]  update:312 seq:312 cap:256 update seq:56
E20260317 16:58:41.246492 430833 transaction_manager.cpp:91]  execute batch seq:55
E20260317 16:58:41.246304 430746 lock_free_collector_pool.cpp:71]  update:312 seq:312 cap:256 update seq:56
E20260317 16:58:41.247116 430839 commitment.cpp:363] send back to proxy:1
E20260317 16:58:41.246634 430863 consensus_manager_pbft.cpp:208] recv impl type:5 sender id:4 seq:56 primary:1 is recovery:0
E20260317 16:58:41.246670 430887 consensus_manager_pbft.cpp:208] recv impl type:5 sender id:4 seq:56 primary:1 is recovery:0
E20260317 16:58:41.246675 430806 transaction_manager.cpp:91]  execute batch seq:55
E20260317 16:58:41.246759 430785 commitment.cpp:363] send back to proxy:1
E20260317 16:58:41.247321 430812 commitment.cpp:363] send back to proxy:1
E20260317 16:58:41.246850 430920 message_manager.cpp:188]  seq:56 type:5 has been committed
E20260317 16:58:41.246627 430800 lock_free_collector_pool.cpp:71]  update:312 seq:312 cap:256 update seq:56
E20260317 16:58:41.247202 430863 message_manager.cpp:188]  seq:56 type:5 has been committed
E20260317 16:58:41.247258 430887 message_manager.cpp:188]  seq:56 type:5 has been committed
E20260317 16:58:41.246373 430751 transaction_manager.cpp:91]  execute batch seq:55
E20260317 16:58:41.247598 430758 commitment.cpp:363] send back to proxy:1
E20260317 16:58:41.269095 430857 consensus_manager_pbft.cpp:208] recv impl type:7 sender id:1 seq:56 primary:1 is recovery:0
E20260317 16:58:41.269155 430857 response_manager.cpp:187]  receive request seq:56 type:7 local id:56
E20260317 16:58:41.269186 430857 response_manager.cpp:214]  get receive count:0 seq:56
E20260317 16:58:41.281401 430864 consensus_manager_pbft.cpp:208] recv impl type:7 sender id:2 seq:56 primary:1 is recovery:0
E20260317 16:58:41.281459 430864 response_manager.cpp:187]  receive request seq:56 type:7 local id:56
E20260317 16:58:41.281492 430864 response_manager.cpp:214]  get receive count:1 seq:56
E20260317 16:58:41.281524 430864 lock_free_collector_pool.cpp:71]  update:312 seq:312 cap:256 update seq:56
E20260317 16:58:41.281581 430864 response_manager.cpp:227] SendResponseToClient local_id:56 seq:56 proxy_id:1
E20260317 16:58:41.281628 430864 lock_free_collector_pool.cpp:71]  update:312 seq:312 cap:256 update seq:56
E20260317 16:58:41.281678 430854 consensus_manager_pbft.cpp:208] recv impl type:7 sender id:3 seq:56 primary:1 is recovery:0
E20260317 16:58:41.281731 430854 response_manager.cpp:187]  receive request seq:56 type:7 local id:56
E20260317 16:58:41.281736 430864 response_manager.cpp:259] response sent to client local_id:56 seq:56
E20260317 16:58:41.281749 430737 consensus_server.cpp:223] Selftest completed request i=54 ret=0 value=light_value
E20260317 16:58:41.282061 430865 consensus_manager_pbft.cpp:208] recv impl type:7 sender id:4 seq:56 primary:1 is recovery:0
E20260317 16:58:41.282128 430865 response_manager.cpp:187]  receive request seq:56 type:7 local id:56
E20260317 16:58:42.291257 430737 consensus_server.cpp:291] Self-test passed mode=tcp (GET verified, last_value=light_value)
E20260317 16:58:42.291425 430737 consensus_server.cpp:294] RESULT mode=tcp num_requests=55 total_time_s=11.0172 throughput_rps=4.9922 avg_us=200309 p50_us=200303 p95_us=200431 p99_us=200456 min_us=200064 max_us=200581 status=OK
E20260317 16:58:42.831033 430738 stats.cpp:474]   req client latency:9.94799e-05","E20260317 16:59:27.118214 431125 consensus_manager_pbft.cpp:208] recv impl type:4 sender id:2 seq:55 primary:1 is recovery:0
E20260317 16:59:27.119024 431150 consensus_manager_pbft.cpp:208] recv impl type:4 sender id:1 seq:55 primary:1 is recovery:0
E20260317 16:59:27.119030 431149 consensus_manager_pbft.cpp:208] recv impl type:4 sender id:2 seq:55 primary:1 is recovery:0
E20260317 16:59:27.121740 431102 consensus_manager_pbft.cpp:208] recv impl type:4 sender id:2 seq:55 primary:1 is recovery:0
E20260317 16:59:27.124185 431173 consensus_manager_pbft.cpp:208] recv impl type:4 sender id:2 seq:55 primary:1 is recovery:0
E20260317 16:59:27.125123 431103 checkpoint_manager.cpp:495] get high prepared seq:54
E20260317 16:59:27.129369 431126 checkpoint_manager.cpp:495] get high prepared seq:54
E20260317 16:59:27.130225 431174 checkpoint_manager.cpp:495] get high prepared seq:54
E20260317 16:59:27.133348 431150 checkpoint_manager.cpp:495] get high prepared seq:54
E20260317 16:59:27.137260 431103 checkpoint_manager.cpp:500] set high prepared seq:55
E20260317 16:59:27.138195 431126 checkpoint_manager.cpp:500] set high prepared seq:55
E20260317 16:59:27.139300 431174 checkpoint_manager.cpp:500] set high prepared seq:55
E20260317 16:59:27.140307 431150 checkpoint_manager.cpp:500] set high prepared seq:55
E20260317 16:59:27.156476 431104 consensus_manager_pbft.cpp:208] recv impl type:5 sender id:3 seq:55 primary:1 is recovery:0
E20260317 16:59:27.161856 431128 consensus_manager_pbft.cpp:208] recv impl type:5 sender id:3 seq:55 primary:1 is recovery:0
E20260317 16:59:27.194607 431127 consensus_manager_pbft.cpp:208] recv impl type:5 sender id:1 seq:55 primary:1 is recovery:0
E20260317 16:59:27.174413 431176 consensus_manager_pbft.cpp:208] recv impl type:5 sender id:3 seq:55 primary:1 is recovery:0
E20260317 16:59:27.179077 431104 consensus_manager_pbft.cpp:208] recv impl type:5 sender id:1 seq:55 primary:1 is recovery:0
E20260317 16:59:27.194612 431126 consensus_manager_pbft.cpp:208] recv impl type:5 sender id:2 seq:55 primary:1 is recovery:0
E20260317 16:59:27.166816 431152 consensus_manager_pbft.cpp:208] recv impl type:5 sender id:3 seq:55 primary:1 is recovery:0
E20260317 16:59:27.211998 431012 lock_free_collector_pool.cpp:71]  update:311 seq:311 cap:256 update seq:55
E20260317 16:59:27.198652 431174 consensus_manager_pbft.cpp:208] recv impl type:5 sender id:1 seq:55 primary:1 is recovery:0
E20260317 16:59:27.201877 431151 consensus_manager_pbft.cpp:208] recv impl type:5 sender id:2 seq:55 primary:1 is recovery:0
E20260317 16:59:27.201977 431103 consensus_manager_pbft.cpp:208] recv impl type:5 sender id:4 seq:55 primary:1 is recovery:0
E20260317 16:59:27.198653 431175 consensus_manager_pbft.cpp:208] recv impl type:5 sender id:2 seq:55 primary:1 is recovery:0
E20260317 16:59:27.204138 431150 consensus_manager_pbft.cpp:208] recv impl type:5 sender id:4 seq:55 primary:1 is recovery:0
E20260317 16:59:27.218964 431074 transaction_manager.cpp:91]  execute batch seq:54
E20260317 16:59:27.220834 431039 lock_free_collector_pool.cpp:71]  update:311 seq:311 cap:256 update seq:55
E20260317 16:59:27.207602 431102 consensus_manager_pbft.cpp:208] recv impl type:5 sender id:2 seq:55 primary:1 is recovery:0
E20260317 16:59:27.211197 431126 checkpoint_manager.cpp:530]  add commited state:55
E20260317 16:59:27.198704 431149 consensus_manager_pbft.cpp:208] recv impl type:5 sender id:1 seq:55 primary:1 is recovery:0
E20260317 16:59:27.212229 431020 transaction_manager.cpp:91]  execute batch seq:54
E20260317 16:59:27.216120 431103 checkpoint_manager.cpp:530]  add commited state:55
E20260317 16:59:27.216797 430984 lock_free_collector_pool.cpp:71]  update:311 seq:311 cap:256 update seq:55
E20260317 16:59:27.217782 430993 transaction_manager.cpp:91]  execute batch seq:54
E20260317 16:59:27.218205 431175 checkpoint_manager.cpp:530]  add commited state:55
E20260317 16:59:27.218766 431066 lock_free_collector_pool.cpp:71]  update:311 seq:311 cap:256 update seq:55
E20260317 16:59:27.204145 431125 consensus_manager_pbft.cpp:208] recv impl type:5 sender id:4 seq:55 primary:1 is recovery:0
E20260317 16:59:27.219771 431150 checkpoint_manager.cpp:530]  add commited state:55
E20260317 16:59:27.205837 431173 consensus_manager_pbft.cpp:208] recv impl type:5 sender id:4 seq:55 primary:1 is recovery:0
E20260317 16:59:27.221302 431047 transaction_manager.cpp:91]  execute batch seq:54
E20260317 16:59:27.222101 431078 commitment.cpp:363] send back to proxy:1
E20260317 16:59:27.223557 431102 message_manager.cpp:204]  add request fail
E20260317 16:59:27.225464 431149 message_manager.cpp:204]  add request fail
E20260317 16:59:27.226884 431024 commitment.cpp:363] send back to proxy:1
E20260317 16:59:27.229375 430996 commitment.cpp:363] send back to proxy:1
E20260317 16:59:27.232239 431125 message_manager.cpp:188]  seq:55 type:5 has been committed
E20260317 16:59:27.234225 431173 message_manager.cpp:188]  seq:55 type:5 has been committed
E20260317 16:59:27.235935 431051 commitment.cpp:363] send back to proxy:1
E20260317 16:59:27.275415 431104 consensus_manager_pbft.cpp:208] recv impl type:7 sender id:4 seq:55 primary:1 is recovery:0
E20260317 16:59:27.275419 431103 consensus_manager_pbft.cpp:208] recv impl type:7 sender id:3 seq:55 primary:1 is recovery:0
E20260317 16:59:27.278113 431102 consensus_manager_pbft.cpp:208] recv impl type:7 sender id:2 seq:55 primary:1 is recovery:0
E20260317 16:59:27.278771 431104 response_manager.cpp:187]  receive request seq:55 type:7 local id:55
E20260317 16:59:27.279706 431103 response_manager.cpp:187]  receive request seq:55 type:7 local id:55
E20260317 16:59:27.280606 431102 response_manager.cpp:187]  receive request seq:55 type:7 local id:55
E20260317 16:59:27.281430 431104 response_manager.cpp:214]  get receive count:0 seq:55
E20260317 16:59:27.282271 431103 response_manager.cpp:214]  get receive count:1 seq:55
E20260317 16:59:27.284819 431103 lock_free_collector_pool.cpp:71]  update:311 seq:311 cap:256 update seq:55
E20260317 16:59:27.286177 431103 response_manager.cpp:227] SendResponseToClient local_id:55 seq:55 proxy_id:1
E20260317 16:59:27.286950 431103 lock_free_collector_pool.cpp:71]  update:311 seq:311 cap:256 update seq:55
E20260317 16:59:27.288230 430975 consensus_server.cpp:223] Selftest completed request i=53 ret=0 value=light_value
E20260317 16:59:27.288234 431103 response_manager.cpp:259] response sent to client local_id:55 seq:55
E20260317 16:59:27.290367 430975 consensus_server.cpp:221] Selftest sending request i=54
E20260317 16:59:27.293361 431104 consensus_manager_pbft.cpp:208] recv impl type:7 sender id:1 seq:55 primary:1 is recovery:0
E20260317 16:59:27.296509 431104 response_manager.cpp:187]  receive request seq:55 type:7 local id:55
E20260317 16:59:27.299777 431103 consensus_manager_pbft.cpp:208] recv impl type:2 sender id:0 seq:0 primary:1 is recovery:0
E20260317 16:59:27.401093 430998 response_manager.cpp:327] add context list:0 list size:1 local_id:56
E20260317 16:59:27.445127 431104 consensus_manager_pbft.cpp:208] recv impl type:14 sender id:1 seq:0 primary:1 is recovery:0
E20260317 16:59:27.465443 431104 consensus_manager_pbft.cpp:208] recv impl type:3 sender id:1 seq:56 primary:1 is recovery:0
E20260317 16:59:27.474721 431176 consensus_manager_pbft.cpp:208] recv impl type:3 sender id:1 seq:56 primary:1 is recovery:0
E20260317 16:59:27.473299 431152 consensus_manager_pbft.cpp:208] recv impl type:3 sender id:1 seq:56 primary:1 is recovery:0
E20260317 16:59:27.469676 431128 consensus_manager_pbft.cpp:208] recv impl type:3 sender id:1 seq:56 primary:1 is recovery:0
E20260317 16:59:27.495518 431104 consensus_manager_pbft.cpp:208] recv impl type:4 sender id:4 seq:56 primary:1 is recovery:0
E20260317 16:59:27.506070 431127 consensus_manager_pbft.cpp:208] recv impl type:4 sender id:3 seq:56 primary:1 is recovery:0
E20260317 16:59:27.535423 431173 consensus_manager_pbft.cpp:208] recv impl type:4 sender id:3 seq:56 primary:1 is recovery:0
E20260317 16:59:27.509195 431103 consensus_manager_pbft.cpp:208] recv impl type:4 sender id:3 seq:56 primary:1 is recovery:0
E20260317 16:59:27.512104 431152 consensus_manager_pbft.cpp:208] recv impl type:4 sender id:4 seq:56 primary:1 is recovery:0
E20260317 16:59:27.512109 431150 consensus_manager_pbft.cpp:208] recv impl type:4 sender id:3 seq:56 primary:1 is recovery:0
E20260317 16:59:27.523070 431176 consensus_manager_pbft.cpp:208] recv impl type:4 sender id:4 seq:56 primary:1 is recovery:0
E20260317 16:59:27.523211 431126 consensus_manager_pbft.cpp:208] recv impl type:4 sender id:2 seq:56 primary:1 is recovery:0
E20260317 16:59:27.530531 431102 consensus_manager_pbft.cpp:208] recv impl type:4 sender id:2 seq:56 primary:1 is recovery:0
E20260317 16:59:27.530546 431101 consensus_manager_pbft.cpp:208] recv impl type:4 sender id:1 seq:56 primary:1 is recovery:0
E20260317 16:59:27.532441 431149 consensus_manager_pbft.cpp:208] recv impl type:4 sender id:2 seq:56 primary:1 is recovery:0
E20260317 16:59:27.532441 431151 consensus_manager_pbft.cpp:208] recv impl type:4 sender id:1 seq:56 primary:1 is recovery:0
E20260317 16:59:27.535422 431175 consensus_manager_pbft.cpp:208] recv impl type:4 sender id:2 seq:56 primary:1 is recovery:0
E20260317 16:59:27.535425 431172 consensus_manager_pbft.cpp:208] recv impl type:4 sender id:1 seq:56 primary:1 is recovery:0
E20260317 16:59:27.509181 431128 consensus_manager_pbft.cpp:208] recv impl type:4 sender id:4 seq:56 primary:1 is recovery:0
E20260317 16:59:27.538064 431125 consensus_manager_pbft.cpp:208] recv impl type:4 sender id:1 seq:56 primary:1 is recovery:0
E20260317 16:59:27.540097 431103 checkpoint_manager.cpp:495] get high prepared seq:55
E20260317 16:59:27.546787 431149 checkpoint_manager.cpp:495] get high prepared seq:55
E20260317 16:59:27.548982 431175 checkpoint_manager.cpp:495] get high prepared seq:55
E20260317 16:59:27.550565 431128 checkpoint_manager.cpp:495] get high prepared seq:55
E20260317 16:59:27.552697 431103 checkpoint_manager.cpp:500] set high prepared seq:56
E20260317 16:59:27.553784 431149 checkpoint_manager.cpp:500] set high prepared seq:56
E20260317 16:59:27.555042 431175 checkpoint_manager.cpp:500] set high prepared seq:56
E20260317 16:59:27.555971 431128 checkpoint_manager.cpp:500] set high prepared seq:56
E20260317 16:59:27.574616 431104 consensus_manager_pbft.cpp:208] recv impl type:5 sender id:1 seq:56 primary:1 is recovery:0
E20260317 16:59:27.580924 431128 consensus_manager_pbft.cpp:208] recv impl type:5 sender id:1 seq:56 primary:1 is recovery:0
E20260317 16:59:27.583963 431152 consensus_manager_pbft.cpp:208] recv impl type:5 sender id:1 seq:56 primary:1 is recovery:0
E20260317 16:59:27.589138 431176 consensus_manager_pbft.cpp:208] recv impl type:5 sender id:1 seq:56 primary:1 is recovery:0
E20260317 16:59:27.598891 431103 consensus_manager_pbft.cpp:208] recv impl type:5 sender id:4 seq:56 primary:1 is recovery:0
E20260317 16:59:27.603849 431104 consensus_manager_pbft.cpp:208] recv impl type:5 sender id:3 seq:56 primary:1 is recovery:0
E20260317 16:59:27.608842 431151 consensus_manager_pbft.cpp:208] recv impl type:5 sender id:4 seq:56 primary:1 is recovery:0
E20260317 16:59:27.632684 430992 transaction_manager.cpp:91]  execute batch seq:55
E20260317 16:59:27.613476 431126 consensus_manager_pbft.cpp:208] recv impl type:5 sender id:4 seq:56 primary:1 is recovery:0
E20260317 16:59:27.617491 431175 consensus_manager_pbft.cpp:208] recv impl type:5 sender id:4 seq:56 primary:1 is recovery:0
E20260317 16:59:27.617496 431174 consensus_manager_pbft.cpp:208] recv impl type:5 sender id:3 seq:56 primary:1 is recovery:0
E20260317 16:59:27.621409 431150 consensus_manager_pbft.cpp:208] recv impl type:5 sender id:3 seq:56 primary:1 is recovery:0
E20260317 16:59:27.637842 431076 transaction_manager.cpp:91]  execute batch seq:55
E20260317 16:59:27.624141 431102 consensus_manager_pbft.cpp:208] recv impl type:5 sender id:2 seq:56 primary:1 is recovery:0
E20260317 16:59:27.624142 431125 consensus_manager_pbft.cpp:208] recv impl type:5 sender id:2 seq:56 primary:1 is recovery:0
E20260317 16:59:27.626523 431149 consensus_manager_pbft.cpp:208] recv impl type:5 sender id:2 seq:56 primary:1 is recovery:0
E20260317 16:59:27.643117 431022 transaction_manager.cpp:91]  execute batch seq:55
E20260317 16:59:27.632259 430984 lock_free_collector_pool.cpp:71]  update:312 seq:312 cap:256 update seq:56
E20260317 16:59:27.613469 431127 consensus_manager_pbft.cpp:208] recv impl type:5 sender id:3 seq:56 primary:1 is recovery:0
E20260317 16:59:27.634107 430996 commitment.cpp:363] send back to proxy:1
E20260317 16:59:27.636438 431174 checkpoint_manager.cpp:530]  add commited state:56
E20260317 16:59:27.637234 431066 lock_free_collector_pool.cpp:71]  update:312 seq:312 cap:256 update seq:56
E20260317 16:59:27.625488 431173 consensus_manager_pbft.cpp:208] recv impl type:5 sender id:2 seq:56 primary:1 is recovery:0
E20260317 16:59:27.638290 431150 checkpoint_manager.cpp:530]  add commited state:56
E20260317 16:59:27.639110 431039 lock_free_collector_pool.cpp:71]  update:312 seq:312 cap:256 update seq:56
E20260317 16:59:27.639501 431048 transaction_manager.cpp:91]  execute batch seq:55
E20260317 16:59:27.640224 431078 commitment.cpp:363] send back to proxy:1
E20260317 16:59:27.641219 431102 message_manager.cpp:204]  add request fail
E20260317 16:59:27.642258 431125 checkpoint_manager.cpp:530]  add commited state:56
E20260317 16:59:27.642701 431012 lock_free_collector_pool.cpp:71]  update:312 seq:312 cap:256 update seq:56
E20260317 16:59:27.631533 431104 checkpoint_manager.cpp:530]  add commited state:56
E20260317 16:59:27.643446 431149 message_manager.cpp:204]  add request fail
E20260317 16:59:27.645531 431024 commitment.cpp:363] send back to proxy:1
E20260317 16:59:27.647030 431127 message_manager.cpp:204]  add request fail
E20260317 16:59:27.650511 431173 message_manager.cpp:188]  seq:56 type:5 has been committed
E20260317 16:59:27.656813 431103 consensus_manager_pbft.cpp:208] recv impl type:7 sender id:1 seq:56 primary:1 is recovery:0
E20260317 16:59:27.658294 431051 commitment.cpp:363] send back to proxy:1
E20260317 16:59:27.667356 431103 response_manager.cpp:187]  receive request seq:56 type:7 local id:56
E20260317 16:59:27.669849 431103 response_manager.cpp:214]  get receive count:0 seq:56
E20260317 16:59:27.690338 431104 consensus_manager_pbft.cpp:208] recv impl type:7 sender id:2 seq:56 primary:1 is recovery:0
E20260317 16:59:27.691388 431103 consensus_manager_pbft.cpp:208] recv impl type:7 sender id:3 seq:56 primary:1 is recovery:0
E20260317 16:59:27.692051 431102 consensus_manager_pbft.cpp:208] recv impl type:7 sender id:4 seq:56 primary:1 is recovery:0
E20260317 16:59:27.692819 431104 response_manager.cpp:187]  receive request seq:56 type:7 local id:56
E20260317 16:59:27.693691 431103 response_manager.cpp:187]  receive request seq:56 type:7 local id:56
E20260317 16:59:27.695075 431102 response_manager.cpp:187]  receive request seq:56 type:7 local id:56
E20260317 16:59:27.695880 431104 response_manager.cpp:214]  get receive count:1 seq:56
E20260317 16:59:27.698414 431104 lock_free_collector_pool.cpp:71]  update:312 seq:312 cap:256 update seq:56
E20260317 16:59:27.699188 431104 response_manager.cpp:227] SendResponseToClient local_id:56 seq:56 proxy_id:1
E20260317 16:59:27.699930 431104 lock_free_collector_pool.cpp:71]  update:312 seq:312 cap:256 update seq:56
E20260317 16:59:27.701148 430975 consensus_server.cpp:223] Selftest completed request i=54 ret=0 value=light_value
E20260317 16:59:27.701149 431104 response_manager.cpp:259] response sent to client local_id:56 seq:56
E20260317 16:59:27.913548 430976 stats.cpp:474]   req client latency:0.000295685
E20260317 16:59:28.724190 430975 consensus_server.cpp:291] Self-test passed mode=tcp (GET verified, last_value=light_value)
E20260317 16:59:28.724925 430975 consensus_server.cpp:294] RESULT mode=tcp num_requests=55 total_time_s=21.8687 throughput_rps=2.51501 avg_us=397608 p50_us=407298 p95_us=419198 p99_us=423917 min_us=355446 max_us=433003 status=OK
% time     seconds  usecs/call     calls    errors syscall
------ ----------- ----------- --------- --------- ------------------
 90.51  862.141111        3804    226584     77924 futex
  3.61   34.347544        9757      3520           epoll_pwait
  2.69   25.586902      581520        44           clock_nanosleep
  1.94   18.465695      111913       165        93 accept
  0.75    7.164225         916      7818      3004 recvfrom
  0.17    1.621730         227      7128           gettid
  0.16    1.529793         318      4808           sendto
  0.07    0.704113          49     14227           write
  0.06    0.607964          43     14095           getpid
  0.02    0.154827          40      3818           mprotect
  0.01    0.069596         297       234           epoll_ctl
  0.00    0.015075          17       847           rt_sigprocmask
  0.00    0.012637          60       209           clone
  0.00    0.010069          48       209           madvise
  0.00    0.009945          31       312           mmap
  0.00    0.009754         135        72        16 connect
  0.00    0.009479          50       187           close
  0.00    0.008431          30       278           munmap
  0.00    0.006324          89        71           setsockopt
  0.00    0.004554          11       397           brk
  0.00    0.003774          41        92           ioctl
  0.00    0.003112          14       210           rseq
  0.00    0.003083          38        81           socket
  0.00    0.003049          14       210           set_robust_list
  0.00    0.001597          99        16           ppoll
  0.00    0.001590          99        16           getsockopt
  0.00    0.000463         463         1           execve
  0.00    0.000321          22        14         1 openat
  0.00    0.000169          21         8           timerfd_create
  0.00    0.000130           8        16         1 newfstatat
  0.00    0.000128          16         8           eventfd2
  0.00    0.000105          13         8           epoll_create1
  0.00    0.000093          31         3         3 unlinkat
  0.00    0.000083           8        10           read
  0.00    0.000071          23         3         3 symlinkat
  0.00    0.000060           7         8           bind
  0.00    0.000048           6         8           listen
  0.00    0.000040           2        15           rt_sigaction
  0.00    0.000029           7         4           uname
  0.00    0.000025           4         6           fcntl
  0.00    0.000020          20         1         1 faccessat
  0.00    0.000019          19         1           sched_getaffinity
  0.00    0.000014           3         4           lseek
  0.00    0.000007           7         1           set_tid_address
  0.00    0.000000           0         1           prlimit64
  0.00    0.000000           0         1           getrandom
------ ----------- ----------- --------- --------- ------------------
100.00  952.497798        3333    285769     81046 total",
2026-03-17T17:01:08,rdma,128.110.216.196,29000,55,1,0,30.08686628495343,5.726e-06,rdma,rdma,55,5.87357,9.36398,106788.0,106608.0,107764.0,107980.0,105444.0,115568.0,OK,"NO shared receive
>>>>>>>> post recvs
connect request had data with it: 56 bytes
[Server] accepted client 1
NO shared receive
>>>>>>>> post recvs
connect request had data with it: 56 bytes
[Server] accepted client 1
NO shared receive
>>>>>>>> post recvs
connect request had data with it: 56 bytes
[Server] accepted client 2
NO shared receive
>>>>>>>> post recvs
connect request had data with it: 56 bytes
[Server] accepted client 2
NO shared receive
>>>>>>>> post recvs
connect request had data with it: 56 bytes
[Server] accepted client 2
NO shared receive
>>>>>>>> post recvs
connect request had data with it: 56 bytes
[Server] accepted client 2
NO shared receive
>>>>>>>> post recvs
connect request had data with it: 56 bytes
[Server] accepted client 3
NO shared receive
>>>>>>>> post recvs
connect request had data with it: 56 bytes
[Server] accepted client 3
NO shared receive
>>>>>>>> post recvs
connect request had data with it: 56 bytes
[Server] accepted client 3
NO shared receive
>>>>>>>> post recvs
connect request had data with it: 56 bytes
[Server] accepted client 3","E20260317 17:00:01.665350 431350 rdma_replica_communicator.cpp:75] [RDMA] send target id=4 ip=128.110.216.196 base_port=29004 rdma_port=29004 payload_bytes=53
E20260317 17:00:01.665418 431353 consensus_manager_pbft.cpp:208] recv impl type:5 sender id:3 seq:56 primary:1 is recovery:0
E20260317 17:00:01.665745 431353 checkpoint_manager.cpp:530]  add commited state:56
E20260317 17:00:01.665771 431374 consensus_manager_pbft.cpp:208] recv impl type:5 sender id:3 seq:56 primary:1 is recovery:0
E20260317 17:00:01.665812 431252 transaction_manager.cpp:91]  execute batch seq:55
E20260317 17:00:01.665588 431387 consensus_manager_pbft.cpp:208] recv impl type:5 sender id:4 seq:56 primary:1 is recovery:0
E20260317 17:00:01.665696 431299 consensus_manager_pbft.cpp:208] recv impl type:7 sender id:1 seq:56 primary:1 is recovery:0
E20260317 17:00:01.665771 431242 lock_free_collector_pool.cpp:71]  update:312 seq:312 cap:256 update seq:56
E20260317 17:00:01.665443 431294 message_manager.cpp:188]  seq:56 type:5 has been committed
E20260317 17:00:01.665488 431232 rdma_replica_communicator.cpp:75] [RDMA] send target id=1 ip=128.110.216.196 base_port=29001 rdma_port=29001 payload_bytes=53
E20260317 17:00:01.664625 431319 rdma_replica_communicator.cpp:75] [RDMA] send target id=3 ip=128.110.216.196 base_port=29003 rdma_port=29003 payload_bytes=53
E20260317 17:00:01.665900 431254 commitment.cpp:363] send back to proxy:1
E20260317 17:00:01.666215 431319 rdma_replica_communicator.cpp:75] [RDMA] send target id=4 ip=128.110.216.196 base_port=29004 rdma_port=29004 payload_bytes=53
E20260317 17:00:01.666298 431353 consensus_manager_pbft.cpp:208] recv impl type:5 sender id:2 seq:56 primary:1 is recovery:0
E20260317 17:00:01.666344 431353 message_manager.cpp:188]  seq:56 type:5 has been committed
E20260317 17:00:01.666050 431273 transaction_manager.cpp:91]  execute batch seq:55
E20260317 17:00:01.666241 431297 consensus_manager_pbft.cpp:208] recv impl type:7 sender id:2 seq:56 primary:1 is recovery:0
E20260317 17:00:01.666461 431276 commitment.cpp:363] send back to proxy:1
E20260317 17:00:01.666013 431264 lock_free_collector_pool.cpp:71]  update:312 seq:312 cap:256 update seq:56
E20260317 17:00:01.666358 431382 consensus_manager_pbft.cpp:208] recv impl type:5 sender id:2 seq:56 primary:1 is recovery:0
E20260317 17:00:01.665994 431387 checkpoint_manager.cpp:530]  add commited state:56
E20260317 17:00:01.666039 431299 response_manager.cpp:187]  receive request seq:56 type:7 local id:56
E20260317 17:00:01.666239 431254 rdma_replica_communicator.cpp:75] [RDMA] send target id=1 ip=128.110.216.196 base_port=29001 rdma_port=29001 payload_bytes=53
E20260317 17:00:01.666479 431297 response_manager.cpp:187]  receive request seq:56 type:7 local id:56
E20260317 17:00:01.666744 431297 response_manager.cpp:214]  get receive count:1 seq:56
E20260317 17:00:01.666770 431297 lock_free_collector_pool.cpp:71]  update:312 seq:312 cap:256 update seq:56
E20260317 17:00:01.666592 431382 message_manager.cpp:204]  add request fail
E20260317 17:00:01.666667 431299 response_manager.cpp:214]  get receive count:0 seq:56
E20260317 17:00:01.666791 431303 consensus_manager_pbft.cpp:208] recv impl type:7 sender id:3 seq:56 primary:1 is recovery:0
E20260317 17:00:01.666859 431297 response_manager.cpp:227] SendResponseToClient local_id:56 seq:56 proxy_id:1
E20260317 17:00:01.666517 431276 rdma_replica_communicator.cpp:75] [RDMA] send target id=1 ip=128.110.216.196 base_port=29001 rdma_port=29001 payload_bytes=53
E20260317 17:00:01.667027 431303 response_manager.cpp:187]  receive request seq:56 type:7 local id:56
E20260317 17:00:01.667057 431297 lock_free_collector_pool.cpp:71]  update:312 seq:312 cap:256 update seq:56
E20260317 17:00:01.667167 431298 consensus_manager_pbft.cpp:208] recv impl type:7 sender id:4 seq:56 primary:1 is recovery:0
E20260317 17:00:01.667201 431298 response_manager.cpp:187]  receive request seq:56 type:7 local id:56
E20260317 17:00:01.667271 431297 response_manager.cpp:259] response sent to client local_id:56 seq:56
E20260317 17:00:01.667305 431196 consensus_server.cpp:223] Selftest completed request i=54 ret=0 value=light_value
E20260317 17:00:02.803247 431196 consensus_server.cpp:291] Self-test passed mode=rdma (GET verified, last_value=light_value)
E20260317 17:00:02.803484 431196 consensus_server.cpp:294] RESULT mode=rdma num_requests=55 total_time_s=5.87357 throughput_rps=9.36398 avg_us=106788 p50_us=106608 p95_us=107764 p99_us=107980 min_us=105444 max_us=115568 status=OK
E20260317 17:00:02.952394 431197 stats.cpp:474]   req client latency:5.95103e-06","E20260317 17:00:42.329677 431482 rdma_replica_communicator.cpp:75] [RDMA] send target id=1 ip=128.110.216.196 base_port=29001 rdma_port=29001 payload_bytes=53
E20260317 17:00:42.331375 431532 response_manager.cpp:187]  receive request seq:55 type:7 local id:55
E20260317 17:00:42.333211 431531 response_manager.cpp:187]  receive request seq:55 type:7 local id:55
E20260317 17:00:42.334095 431504 rdma_replica_communicator.cpp:75] [RDMA] send target id=1 ip=128.110.216.196 base_port=29001 rdma_port=29001 payload_bytes=53
E20260317 17:00:42.338337 431530 consensus_manager_pbft.cpp:208] recv impl type:7 sender id:3 seq:55 primary:1 is recovery:0
E20260317 17:00:42.338766 431532 response_manager.cpp:214]  get receive count:0 seq:55
E20260317 17:00:42.339622 431531 response_manager.cpp:214]  get receive count:1 seq:55
E20260317 17:00:42.342867 431529 consensus_manager_pbft.cpp:208] recv impl type:7 sender id:4 seq:55 primary:1 is recovery:0
E20260317 17:00:42.343436 431530 response_manager.cpp:187]  receive request seq:55 type:7 local id:55
E20260317 17:00:42.345152 431531 lock_free_collector_pool.cpp:71]  update:311 seq:311 cap:256 update seq:55
E20260317 17:00:42.346061 431529 response_manager.cpp:187]  receive request seq:55 type:7 local id:55
E20260317 17:00:42.348073 431531 response_manager.cpp:227] SendResponseToClient local_id:55 seq:55 proxy_id:1
E20260317 17:00:42.350119 431531 lock_free_collector_pool.cpp:71]  update:311 seq:311 cap:256 update seq:55
E20260317 17:00:42.351449 431424 consensus_server.cpp:223] Selftest completed request i=53 ret=0 value=light_value
E20260317 17:00:42.351610 431531 response_manager.cpp:259] response sent to client local_id:55 seq:55
E20260317 17:00:42.352461 431424 consensus_server.cpp:221] Selftest sending request i=54
E20260317 17:00:42.357987 431532 consensus_manager_pbft.cpp:208] recv impl type:2 sender id:0 seq:0 primary:1 is recovery:0
E20260317 17:00:42.459296 431440 response_manager.cpp:327] add context list:0 list size:1 local_id:56
E20260317 17:00:42.460101 431440 rdma_replica_communicator.cpp:75] [RDMA] send target id=1 ip=128.110.216.196 base_port=29001 rdma_port=29001 payload_bytes=82
E20260317 17:00:42.463797 431532 consensus_manager_pbft.cpp:208] recv impl type:14 sender id:1 seq:0 primary:1 is recovery:0
E20260317 17:00:42.464681 431532 rdma_replica_communicator.cpp:75] [RDMA] send target id=1 ip=128.110.216.196 base_port=29001 rdma_port=29001 payload_bytes=89
E20260317 17:00:42.465468 431532 rdma_replica_communicator.cpp:75] [RDMA] send target id=2 ip=128.110.216.196 base_port=29002 rdma_port=29002 payload_bytes=89
E20260317 17:00:42.468066 431531 consensus_manager_pbft.cpp:208] recv impl type:3 sender id:1 seq:56 primary:1 is recovery:0
E20260317 17:00:42.468719 431532 rdma_replica_communicator.cpp:75] [RDMA] send target id=3 ip=128.110.216.196 base_port=29003 rdma_port=29003 payload_bytes=89
E20260317 17:00:42.471369 431556 consensus_manager_pbft.cpp:208] recv impl type:3 sender id:1 seq:56 primary:1 is recovery:0
E20260317 17:00:42.471801 431531 rdma_replica_communicator.cpp:75] [RDMA] send target id=1 ip=128.110.216.196 base_port=29001 rdma_port=29001 payload_bytes=51
E20260317 17:00:42.472641 431532 rdma_replica_communicator.cpp:75] [RDMA] send target id=4 ip=128.110.216.196 base_port=29004 rdma_port=29004 payload_bytes=89
E20260317 17:00:42.475172 431580 consensus_manager_pbft.cpp:208] recv impl type:3 sender id:1 seq:56 primary:1 is recovery:0
E20260317 17:00:42.475612 431556 rdma_replica_communicator.cpp:75] [RDMA] send target id=1 ip=128.110.216.196 base_port=29001 rdma_port=29001 payload_bytes=51
E20260317 17:00:42.476389 431531 rdma_replica_communicator.cpp:75] [RDMA] send target id=2 ip=128.110.216.196 base_port=29002 rdma_port=29002 payload_bytes=51
E20260317 17:00:42.479184 431530 consensus_manager_pbft.cpp:208] recv impl type:4 sender id:1 seq:56 primary:1 is recovery:0
E20260317 17:00:42.482076 431604 consensus_manager_pbft.cpp:208] recv impl type:3 sender id:1 seq:56 primary:1 is recovery:0
E20260317 17:00:42.482532 431580 rdma_replica_communicator.cpp:75] [RDMA] send target id=1 ip=128.110.216.196 base_port=29001 rdma_port=29001 payload_bytes=51
E20260317 17:00:42.483290 431556 rdma_replica_communicator.cpp:75] [RDMA] send target id=2 ip=128.110.216.196 base_port=29002 rdma_port=29002 payload_bytes=51
E20260317 17:00:42.485805 431532 consensus_manager_pbft.cpp:208] recv impl type:4 sender id:2 seq:56 primary:1 is recovery:0
E20260317 17:00:42.486366 431531 rdma_replica_communicator.cpp:75] [RDMA] send target id=3 ip=128.110.216.196 base_port=29003 rdma_port=29003 payload_bytes=51
E20260317 17:00:42.489059 431555 consensus_manager_pbft.cpp:208] recv impl type:4 sender id:1 seq:56 primary:1 is recovery:0
E20260317 17:00:42.490387 431604 rdma_replica_communicator.cpp:75] [RDMA] send target id=1 ip=128.110.216.196 base_port=29001 rdma_port=29001 payload_bytes=51
E20260317 17:00:42.491146 431580 rdma_replica_communicator.cpp:75] [RDMA] send target id=2 ip=128.110.216.196 base_port=29002 rdma_port=29002 payload_bytes=51
E20260317 17:00:42.493644 431529 consensus_manager_pbft.cpp:208] recv impl type:4 sender id:3 seq:56 primary:1 is recovery:0
E20260317 17:00:42.494347 431556 rdma_replica_communicator.cpp:75] [RDMA] send target id=3 ip=128.110.216.196 base_port=29003 rdma_port=29003 payload_bytes=51
E20260317 17:00:42.496713 431554 consensus_manager_pbft.cpp:208] recv impl type:4 sender id:2 seq:56 primary:1 is recovery:0
E20260317 17:00:42.498165 431531 rdma_replica_communicator.cpp:75] [RDMA] send target id=4 ip=128.110.216.196 base_port=29004 rdma_port=29004 payload_bytes=51
E20260317 17:00:42.500486 431578 consensus_manager_pbft.cpp:208] recv impl type:4 sender id:1 seq:56 primary:1 is recovery:0
E20260317 17:00:42.501719 431604 rdma_replica_communicator.cpp:75] [RDMA] send target id=2 ip=128.110.216.196 base_port=29002 rdma_port=29002 payload_bytes=51
E20260317 17:00:42.504244 431532 consensus_manager_pbft.cpp:208] recv impl type:4 sender id:4 seq:56 primary:1 is recovery:0
E20260317 17:00:42.504691 431580 rdma_replica_communicator.cpp:75] [RDMA] send target id=3 ip=128.110.216.196 base_port=29003 rdma_port=29003 payload_bytes=51
E20260317 17:00:42.507107 431555 consensus_manager_pbft.cpp:208] recv impl type:4 sender id:3 seq:56 primary:1 is recovery:0
E20260317 17:00:42.507710 431529 checkpoint_manager.cpp:495] get high prepared seq:55
E20260317 17:00:42.508603 431556 rdma_replica_communicator.cpp:75] [RDMA] send target id=4 ip=128.110.216.196 base_port=29004 rdma_port=29004 payload_bytes=51
E20260317 17:00:42.510800 431579 consensus_manager_pbft.cpp:208] recv impl type:4 sender id:2 seq:56 primary:1 is recovery:0
E20260317 17:00:42.514868 431603 consensus_manager_pbft.cpp:208] recv impl type:4 sender id:1 seq:56 primary:1 is recovery:0
E20260317 17:00:42.516072 431604 rdma_replica_communicator.cpp:75] [RDMA] send target id=3 ip=128.110.216.196 base_port=29003 rdma_port=29003 payload_bytes=51
E20260317 17:00:42.518476 431554 consensus_manager_pbft.cpp:208] recv impl type:4 sender id:4 seq:56 primary:1 is recovery:0
E20260317 17:00:42.519675 431580 rdma_replica_communicator.cpp:75] [RDMA] send target id=4 ip=128.110.216.196 base_port=29004 rdma_port=29004 payload_bytes=51
E20260317 17:00:42.521996 431577 consensus_manager_pbft.cpp:208] recv impl type:4 sender id:3 seq:56 primary:1 is recovery:0
E20260317 17:00:42.522442 431555 checkpoint_manager.cpp:495] get high prepared seq:55
E20260317 17:00:42.523618 431529 checkpoint_manager.cpp:500] set high prepared seq:56
E20260317 17:00:42.526815 431602 consensus_manager_pbft.cpp:208] recv impl type:4 sender id:2 seq:56 primary:1 is recovery:0
E20260317 17:00:42.527199 431579 checkpoint_manager.cpp:495] get high prepared seq:55
E20260317 17:00:42.528815 431604 rdma_replica_communicator.cpp:75] [RDMA] send target id=4 ip=128.110.216.196 base_port=29004 rdma_port=29004 payload_bytes=51
E20260317 17:00:42.530970 431578 consensus_manager_pbft.cpp:208] recv impl type:4 sender id:4 seq:56 primary:1 is recovery:0
E20260317 17:00:42.534564 431603 consensus_manager_pbft.cpp:208] recv impl type:4 sender id:3 seq:56 primary:1 is recovery:0
E20260317 17:00:42.536114 431555 checkpoint_manager.cpp:500] set high prepared seq:56
E20260317 17:00:42.537011 431529 rdma_replica_communicator.cpp:75] [RDMA] send target id=1 ip=128.110.216.196 base_port=29001 rdma_port=29001 payload_bytes=53
E20260317 17:00:42.537774 431602 checkpoint_manager.cpp:495] get high prepared seq:55
E20260317 17:00:42.538708 431579 checkpoint_manager.cpp:500] set high prepared seq:56
E20260317 17:00:42.539806 431604 consensus_manager_pbft.cpp:208] recv impl type:4 sender id:4 seq:56 primary:1 is recovery:0
E20260317 17:00:42.543403 431555 rdma_replica_communicator.cpp:75] [RDMA] send target id=1 ip=128.110.216.196 base_port=29001 rdma_port=29001 payload_bytes=53
E20260317 17:00:42.544271 431529 rdma_replica_communicator.cpp:75] [RDMA] send target id=2 ip=128.110.216.196 base_port=29002 rdma_port=29002 payload_bytes=53
E20260317 17:00:42.546859 431532 consensus_manager_pbft.cpp:208] recv impl type:5 sender id:1 seq:56 primary:1 is recovery:0
E20260317 17:00:42.547353 431602 checkpoint_manager.cpp:500] set high prepared seq:56
E20260317 17:00:42.548102 431579 rdma_replica_communicator.cpp:75] [RDMA] send target id=1 ip=128.110.216.196 base_port=29001 rdma_port=29001 payload_bytes=53
E20260317 17:00:42.550438 431555 rdma_replica_communicator.cpp:75] [RDMA] send target id=2 ip=128.110.216.196 base_port=29002 rdma_port=29002 payload_bytes=53
E20260317 17:00:42.552945 431531 consensus_manager_pbft.cpp:208] recv impl type:5 sender id:2 seq:56 primary:1 is recovery:0
E20260317 17:00:42.553357 431529 rdma_replica_communicator.cpp:75] [RDMA] send target id=3 ip=128.110.216.196 base_port=29003 rdma_port=29003 payload_bytes=53
E20260317 17:00:42.555920 431556 consensus_manager_pbft.cpp:208] recv impl type:5 sender id:1 seq:56 primary:1 is recovery:0
E20260317 17:00:42.557404 431602 rdma_replica_communicator.cpp:75] [RDMA] send target id=1 ip=128.110.216.196 base_port=29001 rdma_port=29001 payload_bytes=53
E20260317 17:00:42.558368 431579 rdma_replica_communicator.cpp:75] [RDMA] send target id=2 ip=128.110.216.196 base_port=29002 rdma_port=29002 payload_bytes=53
E20260317 17:00:42.560809 431532 consensus_manager_pbft.cpp:208] recv impl type:5 sender id:3 seq:56 primary:1 is recovery:0
E20260317 17:00:42.561168 431555 rdma_replica_communicator.cpp:75] [RDMA] send target id=3 ip=128.110.216.196 base_port=29003 rdma_port=29003 payload_bytes=53
E20260317 17:00:42.575404 431436 transaction_manager.cpp:91]  execute batch seq:55
E20260317 17:00:42.565127 431529 rdma_replica_communicator.cpp:75] [RDMA] send target id=4 ip=128.110.216.196 base_port=29004 rdma_port=29004 payload_bytes=53
E20260317 17:00:42.567461 431580 consensus_manager_pbft.cpp:208] recv impl type:5 sender id:1 seq:56 primary:1 is recovery:0
E20260317 17:00:42.568646 431602 rdma_replica_communicator.cpp:75] [RDMA] send target id=2 ip=128.110.216.196 base_port=29002 rdma_port=29002 payload_bytes=53
E20260317 17:00:42.571144 431531 consensus_manager_pbft.cpp:208] recv impl type:5 sender id:4 seq:56 primary:1 is recovery:0
E20260317 17:00:42.571529 431579 rdma_replica_communicator.cpp:75] [RDMA] send target id=3 ip=128.110.216.196 base_port=29003 rdma_port=29003 payload_bytes=53
E20260317 17:00:42.573901 431556 consensus_manager_pbft.cpp:208] recv impl type:5 sender id:3 seq:56 primary:1 is recovery:0
E20260317 17:00:42.574497 431532 checkpoint_manager.cpp:530]  add commited state:56
E20260317 17:00:42.575034 431426 lock_free_collector_pool.cpp:71]  update:312 seq:312 cap:256 update seq:56
E20260317 17:00:42.563647 431554 consensus_manager_pbft.cpp:208] recv impl type:5 sender id:2 seq:56 primary:1 is recovery:0
E20260317 17:00:42.575580 431555 rdma_replica_communicator.cpp:75] [RDMA] send target id=4 ip=128.110.216.196 base_port=29004 rdma_port=29004 payload_bytes=53
E20260317 17:00:42.577782 431578 consensus_manager_pbft.cpp:208] recv impl type:5 sender id:2 seq:56 primary:1 is recovery:0
E20260317 17:00:42.578820 431438 commitment.cpp:363] send back to proxy:1
E20260317 17:00:42.581485 431604 consensus_manager_pbft.cpp:208] recv impl type:5 sender id:1 seq:56 primary:1 is recovery:0
E20260317 17:00:42.582589 431602 rdma_replica_communicator.cpp:75] [RDMA] send target id=3 ip=128.110.216.196 base_port=29003 rdma_port=29003 payload_bytes=53
E20260317 17:00:42.584790 431553 consensus_manager_pbft.cpp:208] recv impl type:5 sender id:4 seq:56 primary:1 is recovery:0
E20260317 17:00:42.585155 431531 message_manager.cpp:204]  add request fail
E20260317 17:00:42.585990 431579 rdma_replica_communicator.cpp:75] [RDMA] send target id=4 ip=128.110.216.196 base_port=29004 rdma_port=29004 payload_bytes=53
E20260317 17:00:42.588131 431580 consensus_manager_pbft.cpp:208] recv impl type:5 sender id:3 seq:56 primary:1 is recovery:0
E20260317 17:00:42.591310 431554 checkpoint_manager.cpp:530]  add commited state:56
E20260317 17:00:42.605000 431479 transaction_manager.cpp:91]  execute batch seq:55
E20260317 17:00:42.591974 431448 lock_free_collector_pool.cpp:71]  update:312 seq:312 cap:256 update seq:56
E20260317 17:00:42.594496 431603 consensus_manager_pbft.cpp:208] recv impl type:5 sender id:2 seq:56 primary:1 is recovery:0
E20260317 17:00:42.595871 431438 rdma_replica_communicator.cpp:75] [RDMA] send target id=1 ip=128.110.216.196 base_port=29001 rdma_port=29001 payload_bytes=53
E20260317 17:00:42.597450 431602 rdma_replica_communicator.cpp:75] [RDMA] send target id=4 ip=128.110.216.196 base_port=29004 rdma_port=29004 payload_bytes=53
E20260317 17:00:42.599617 431578 consensus_manager_pbft.cpp:208] recv impl type:5 sender id:4 seq:56 primary:1 is recovery:0
E20260317 17:00:42.599998 431553 message_manager.cpp:204]  add request fail
E20260317 17:00:42.603700 431604 consensus_manager_pbft.cpp:208] recv impl type:5 sender id:3 seq:56 primary:1 is recovery:0
E20260317 17:00:42.604264 431580 checkpoint_manager.cpp:530]  add commited state:56
E20260317 17:00:42.617718 431499 transaction_manager.cpp:91]  execute batch seq:55
E20260317 17:00:42.592171 431456 transaction_manager.cpp:91]  execute batch seq:55
E20260317 17:00:42.606766 431482 commitment.cpp:363] send back to proxy:1
E20260317 17:00:42.611171 431517 consensus_manager_pbft.cpp:208] recv impl type:7 sender id:1 seq:56 primary:1 is recovery:0
E20260317 17:00:42.614333 431602 consensus_manager_pbft.cpp:208] recv impl type:5 sender id:4 seq:56 primary:1 is recovery:0
E20260317 17:00:42.615090 431578 message_manager.cpp:204]  add request fail
E20260317 17:00:42.616842 431604 checkpoint_manager.cpp:530]  add commited state:56
E20260317 17:00:42.617355 431492 lock_free_collector_pool.cpp:71]  update:312 seq:312 cap:256 update seq:56
E20260317 17:00:42.604801 431470 lock_free_collector_pool.cpp:71]  update:312 seq:312 cap:256 update seq:56
E20260317 17:00:42.619098 431504 commitment.cpp:363] send back to proxy:1
E20260317 17:00:42.620391 431460 commitment.cpp:363] send back to proxy:1
E20260317 17:00:42.620913 431482 rdma_replica_communicator.cpp:75] [RDMA] send target id=1 ip=128.110.216.196 base_port=29001 rdma_port=29001 payload_bytes=53
E20260317 17:00:42.621850 431517 response_manager.cpp:187]  receive request seq:56 type:7 local id:56
E20260317 17:00:42.622654 431602 message_manager.cpp:204]  add request fail
E20260317 17:00:42.626909 431504 rdma_replica_communicator.cpp:75] [RDMA] send target id=1 ip=128.110.216.196 base_port=29001 rdma_port=29001 payload_bytes=53
E20260317 17:00:42.627735 431460 rdma_replica_communicator.cpp:75] [RDMA] send target id=1 ip=128.110.216.196 base_port=29001 rdma_port=29001 payload_bytes=53
E20260317 17:00:42.631132 431531 consensus_manager_pbft.cpp:208] recv impl type:7 sender id:3 seq:56 primary:1 is recovery:0
E20260317 17:00:42.631557 431517 response_manager.cpp:214]  get receive count:0 seq:56
E20260317 17:00:42.636046 431532 consensus_manager_pbft.cpp:208] recv impl type:7 sender id:4 seq:56 primary:1 is recovery:0
E20260317 17:00:42.638980 431530 consensus_manager_pbft.cpp:208] recv impl type:7 sender id:2 seq:56 primary:1 is recovery:0
E20260317 17:00:42.639395 431531 response_manager.cpp:187]  receive request seq:56 type:7 local id:56
E20260317 17:00:42.641103 431532 response_manager.cpp:187]  receive request seq:56 type:7 local id:56
E20260317 17:00:42.641867 431530 response_manager.cpp:187]  receive request seq:56 type:7 local id:56
E20260317 17:00:42.642705 431531 response_manager.cpp:214]  get receive count:1 seq:56
E20260317 17:00:42.645135 431531 lock_free_collector_pool.cpp:71]  update:312 seq:312 cap:256 update seq:56
E20260317 17:00:42.645920 431531 response_manager.cpp:227] SendResponseToClient local_id:56 seq:56 proxy_id:1
E20260317 17:00:42.646692 431531 lock_free_collector_pool.cpp:71]  update:312 seq:312 cap:256 update seq:56
E20260317 17:00:42.647815 431424 consensus_server.cpp:223] Selftest completed request i=54 ret=0 value=light_value
E20260317 17:00:42.647958 431531 response_manager.cpp:259] response sent to client local_id:56 seq:56
E20260317 17:00:43.086956 431425 stats.cpp:474]   req client latency:0.000188705
E20260317 17:00:43.796150 431424 consensus_server.cpp:291] Self-test passed mode=rdma (GET verified, last_value=light_value)
E20260317 17:00:43.796662 431424 consensus_server.cpp:294] RESULT mode=rdma num_requests=55 total_time_s=16.3616 throughput_rps=3.36153 avg_us=297479 p50_us=297450 p95_us=300134 p99_us=300699 min_us=293085 max_us=302306 status=OK
% time     seconds  usecs/call     calls    errors syscall
------ ----------- ----------- --------- --------- ------------------
 89.39  481.007210        3233    148770     45242 futex
  3.07   16.512770        2377      6946           clock_nanosleep
  2.30   12.379196     1547399         8           epoll_pwait
  2.24   12.069693       15239       792           ppoll
  2.18   11.722278       98506       119        63 accept
  0.50    2.709558       12096       224           recvfrom
  0.13    0.694118          32     21690         4 write
  0.09    0.477885          22     21006           getpid
  0.07    0.402918          42      9430           gettid
  0.00    0.022207          22       993           mprotect
  0.00    0.020228          87       232           sendto
  0.00    0.017783          37       476         1 ioctl
  0.00    0.017177          55       307           munmap
  0.00    0.013826          74       185           clone
  0.00    0.011909          15       751           rt_sigprocmask
  0.00    0.011261         156        72           socket
  0.00    0.005592          12       449           mmap
  0.00    0.004252          10       400           brk
  0.00    0.004144          72        57         1 connect
  0.00    0.004101          22       186           madvise
  0.00    0.004085          54        75           setsockopt
  0.00    0.003963          21       186           set_robust_list
  0.00    0.003486          18       186           rseq
  0.00    0.002190          54        40           shmat
  0.00    0.000700           3       187           close
  0.00    0.000668           9        69         2 openat
  0.00    0.000556           6        88         1 newfstatat
  0.00    0.000317           5        56           read
  0.00    0.000301          10        28           recvmsg
  0.00    0.000170           8        20           shmget
  0.00    0.000107           5        20           shmctl
  0.00    0.000095          31         3           sendmsg
  0.00    0.000069          34         2           getdents64
  0.00    0.000056           4        14           bind
  0.00    0.000042           2        16           epoll_ctl
  0.00    0.000039           6         6           getsockname
  0.00    0.000016           5         3         3 unlinkat
  0.00    0.000015           5         3           geteuid
  0.00    0.000012           4         3         3 symlinkat
  0.00    0.000009           4         2           getuid
  0.00    0.000008           4         2           prlimit64
  0.00    0.000007           7         1           sched_getaffinity
  0.00    0.000000           0         4           eventfd2
  0.00    0.000000           0         4           epoll_create1
  0.00    0.000000           0         6           fcntl
  0.00    0.000000           0         1         1 faccessat
  0.00    0.000000           0         4           lseek
  0.00    0.000000           0         4           timerfd_create
  0.00    0.000000           0         1           set_tid_address
  0.00    0.000000           0        15           rt_sigaction
  0.00    0.000000           0         4           uname
  0.00    0.000000           0         8           listen
  0.00    0.000000           0         1           execve
  0.00    0.000000           0         1           getrandom
------ ----------- ----------- --------- --------- ------------------
100.00  538.125017        2512    214156     45321 total",
2026-03-17T17:02:23,rdma,128.110.216.196,29000,55,2,0,30.086047454038635,5.75857e-06,rdma,rdma,55,5.86248,9.3817,106587.0,106575.0,107388.0,107779.0,105471.0,107824.0,OK,"NO shared receive
>>>>>>>> post recvs
connect request had data with it: 56 bytes
[Server] accepted client 1
NO shared receive
>>>>>>>> post recvs
connect request had data with it: 56 bytes
[Server] accepted client 1
NO shared receive
>>>>>>>> post recvs
connect request had data with it: 56 bytes
[Server] accepted client 2
NO shared receive
>>>>>>>> post recvs
connect request had data with it: 56 bytes
[Server] accepted client 2
NO shared receive
>>>>>>>> post recvs
connect request had data with it: 56 bytes
[Server] accepted client 2
NO shared receive
>>>>>>>> post recvs
connect request had data with it: 56 bytes
[Server] accepted client 2
NO shared receive
>>>>>>>> post recvs
connect request had data with it: 56 bytes
[Server] accepted client 3
NO shared receive
>>>>>>>> post recvs
connect request had data with it: 56 bytes
[Server] accepted client 3
NO shared receive
>>>>>>>> post recvs
connect request had data with it: 56 bytes
[Server] accepted client 3
NO shared receive
>>>>>>>> post recvs
connect request had data with it: 56 bytes
[Server] accepted client 3","E20260317 17:01:16.885785 431707 message_manager.cpp:188]  seq:56 type:5 has been committed
E20260317 17:01:16.886394 431707 consensus_manager_pbft.cpp:208] recv impl type:7 sender id:1 seq:56 primary:1 is recovery:0
E20260317 17:01:16.885264 431743 consensus_manager_pbft.cpp:208] recv impl type:5 sender id:4 seq:56 primary:1 is recovery:0
E20260317 17:01:16.885951 431682 lock_free_collector_pool.cpp:71]  update:312 seq:312 cap:256 update seq:56
E20260317 17:01:16.886543 431646 transaction_manager.cpp:91]  execute batch seq:55
E20260317 17:01:16.886174 431672 commitment.cpp:363] send back to proxy:1
E20260317 17:01:16.886618 431650 commitment.cpp:363] send back to proxy:1
E20260317 17:01:16.886646 431672 rdma_replica_communicator.cpp:75] [RDMA] send target id=1 ip=128.110.216.196 base_port=29001 rdma_port=29001 payload_bytes=53
E20260317 17:01:16.886302 431744 consensus_manager_pbft.cpp:208] recv impl type:5 sender id:2 seq:56 primary:1 is recovery:0
E20260317 17:01:16.886736 431744 message_manager.cpp:204]  add request fail
E20260317 17:01:16.886765 431712 consensus_manager_pbft.cpp:208] recv impl type:7 sender id:3 seq:56 primary:1 is recovery:0
E20260317 17:01:16.886441 431707 response_manager.cpp:187]  receive request seq:56 type:7 local id:56
E20260317 17:01:16.886493 431743 checkpoint_manager.cpp:530]  add commited state:56
E20260317 17:01:16.886511 431638 lock_free_collector_pool.cpp:71]  update:312 seq:312 cap:256 update seq:56
E20260317 17:01:16.885994 431692 transaction_manager.cpp:91]  execute batch seq:55
E20260317 17:01:16.886658 431650 rdma_replica_communicator.cpp:75] [RDMA] send target id=1 ip=128.110.216.196 base_port=29001 rdma_port=29001 payload_bytes=53
E20260317 17:01:16.886240 431739 rdma_replica_communicator.cpp:75] [RDMA] send target id=3 ip=128.110.216.196 base_port=29003 rdma_port=29003 payload_bytes=53
E20260317 17:01:16.887075 431739 rdma_replica_communicator.cpp:75] [RDMA] send target id=4 ip=128.110.216.196 base_port=29004 rdma_port=29004 payload_bytes=53
E20260317 17:01:16.887171 431779 consensus_manager_pbft.cpp:208] recv impl type:5 sender id:2 seq:56 primary:1 is recovery:0
E20260317 17:01:16.887224 431779 message_manager.cpp:188]  seq:56 type:5 has been committed
E20260317 17:01:16.886859 431707 response_manager.cpp:214]  get receive count:0 seq:56
E20260317 17:01:16.887094 431713 consensus_manager_pbft.cpp:208] recv impl type:7 sender id:2 seq:56 primary:1 is recovery:0
E20260317 17:01:16.885926 431797 checkpoint_manager.cpp:530]  add commited state:56
E20260317 17:01:16.887230 431800 consensus_manager_pbft.cpp:208] recv impl type:5 sender id:2 seq:56 primary:1 is recovery:0
E20260317 17:01:16.886821 431712 response_manager.cpp:187]  receive request seq:56 type:7 local id:56
E20260317 17:01:16.887025 431694 commitment.cpp:363] send back to proxy:1
E20260317 17:01:16.887362 431713 response_manager.cpp:187]  receive request seq:56 type:7 local id:56
E20260317 17:01:16.887460 431800 message_manager.cpp:188]  seq:56 type:5 has been committed
E20260317 17:01:16.887497 431712 response_manager.cpp:214]  get receive count:1 seq:56
E20260317 17:01:16.887656 431712 lock_free_collector_pool.cpp:71]  update:312 seq:312 cap:256 update seq:56
E20260317 17:01:16.887552 431694 rdma_replica_communicator.cpp:75] [RDMA] send target id=1 ip=128.110.216.196 base_port=29001 rdma_port=29001 payload_bytes=53
E20260317 17:01:16.887691 431712 response_manager.cpp:227] SendResponseToClient local_id:56 seq:56 proxy_id:1
E20260317 17:01:16.887758 431712 lock_free_collector_pool.cpp:71]  update:312 seq:312 cap:256 update seq:56
E20260317 17:01:16.887812 431707 consensus_manager_pbft.cpp:208] recv impl type:7 sender id:4 seq:56 primary:1 is recovery:0
E20260317 17:01:16.887876 431712 response_manager.cpp:259] response sent to client local_id:56 seq:56
E20260317 17:01:16.887885 431614 consensus_server.cpp:223] Selftest completed request i=54 ret=0 value=light_value
E20260317 17:01:16.887923 431707 response_manager.cpp:187]  receive request seq:56 type:7 local id:56
E20260317 17:01:18.035236 431614 consensus_server.cpp:291] Self-test passed mode=rdma (GET verified, last_value=light_value)
E20260317 17:01:18.035674 431614 consensus_server.cpp:294] RESULT mode=rdma num_requests=55 total_time_s=5.86248 throughput_rps=9.3817 avg_us=106587 p50_us=106575 p95_us=107388 p99_us=107779 min_us=105471 max_us=107824 status=OK
E20260317 17:01:18.185273 431615 stats.cpp:474]   req client latency:5.62211e-06","E20260317 17:01:57.556066 431903 commitment.cpp:363] send back to proxy:1
E20260317 17:01:57.560168 431930 consensus_manager_pbft.cpp:208] recv impl type:7 sender id:2 seq:55 primary:1 is recovery:0
E20260317 17:01:57.563367 431929 consensus_manager_pbft.cpp:208] recv impl type:7 sender id:3 seq:55 primary:1 is recovery:0
E20260317 17:01:57.563768 431931 response_manager.cpp:214]  get receive count:0 seq:55
E20260317 17:01:57.565450 431903 rdma_replica_communicator.cpp:75] [RDMA] send target id=1 ip=128.110.216.196 base_port=29001 rdma_port=29001 payload_bytes=53
E20260317 17:01:57.566256 431930 response_manager.cpp:187]  receive request seq:55 type:7 local id:55
E20260317 17:01:57.571288 431931 consensus_manager_pbft.cpp:208] recv impl type:7 sender id:4 seq:55 primary:1 is recovery:0
E20260317 17:01:57.567124 431929 response_manager.cpp:187]  receive request seq:55 type:7 local id:55
E20260317 17:01:57.571614 431930 response_manager.cpp:214]  get receive count:1 seq:55
E20260317 17:01:57.572420 431931 response_manager.cpp:187]  receive request seq:55 type:7 local id:55
E20260317 17:01:57.574191 431930 lock_free_collector_pool.cpp:71]  update:311 seq:311 cap:256 update seq:55
E20260317 17:01:57.575838 431930 response_manager.cpp:227] SendResponseToClient local_id:55 seq:55 proxy_id:1
E20260317 17:01:57.576778 431930 lock_free_collector_pool.cpp:71]  update:311 seq:311 cap:256 update seq:55
E20260317 17:01:57.577973 431823 consensus_server.cpp:223] Selftest completed request i=53 ret=0 value=light_value
E20260317 17:01:57.577975 431930 response_manager.cpp:259] response sent to client local_id:55 seq:55
E20260317 17:01:57.578910 431823 consensus_server.cpp:221] Selftest sending request i=54
E20260317 17:01:57.585469 431931 consensus_manager_pbft.cpp:208] recv impl type:2 sender id:0 seq:0 primary:1 is recovery:0
E20260317 17:01:57.686879 431839 response_manager.cpp:327] add context list:0 list size:1 local_id:56
E20260317 17:01:57.687722 431839 rdma_replica_communicator.cpp:75] [RDMA] send target id=1 ip=128.110.216.196 base_port=29001 rdma_port=29001 payload_bytes=82
E20260317 17:01:57.691632 431931 consensus_manager_pbft.cpp:208] recv impl type:14 sender id:1 seq:0 primary:1 is recovery:0
E20260317 17:01:57.692476 431931 rdma_replica_communicator.cpp:75] [RDMA] send target id=1 ip=128.110.216.196 base_port=29001 rdma_port=29001 payload_bytes=89
E20260317 17:01:57.693282 431931 rdma_replica_communicator.cpp:75] [RDMA] send target id=2 ip=128.110.216.196 base_port=29002 rdma_port=29002 payload_bytes=89
E20260317 17:01:57.696157 431930 consensus_manager_pbft.cpp:208] recv impl type:3 sender id:1 seq:56 primary:1 is recovery:0
E20260317 17:01:57.696813 431931 rdma_replica_communicator.cpp:75] [RDMA] send target id=3 ip=128.110.216.196 base_port=29003 rdma_port=29003 payload_bytes=89
E20260317 17:01:57.699446 431955 consensus_manager_pbft.cpp:208] recv impl type:3 sender id:1 seq:56 primary:1 is recovery:0
E20260317 17:01:57.699949 431930 rdma_replica_communicator.cpp:75] [RDMA] send target id=1 ip=128.110.216.196 base_port=29001 rdma_port=29001 payload_bytes=51
E20260317 17:01:57.700749 431931 rdma_replica_communicator.cpp:75] [RDMA] send target id=4 ip=128.110.216.196 base_port=29004 rdma_port=29004 payload_bytes=89
E20260317 17:01:57.703202 431979 consensus_manager_pbft.cpp:208] recv impl type:3 sender id:1 seq:56 primary:1 is recovery:0
E20260317 17:01:57.703666 431955 rdma_replica_communicator.cpp:75] [RDMA] send target id=1 ip=128.110.216.196 base_port=29001 rdma_port=29001 payload_bytes=51
E20260317 17:01:57.704443 431930 rdma_replica_communicator.cpp:75] [RDMA] send target id=2 ip=128.110.216.196 base_port=29002 rdma_port=29002 payload_bytes=51
E20260317 17:01:57.707051 431929 consensus_manager_pbft.cpp:208] recv impl type:4 sender id:1 seq:56 primary:1 is recovery:0
E20260317 17:01:57.709872 432005 consensus_manager_pbft.cpp:208] recv impl type:3 sender id:1 seq:56 primary:1 is recovery:0
E20260317 17:01:57.710283 431979 rdma_replica_communicator.cpp:75] [RDMA] send target id=1 ip=128.110.216.196 base_port=29001 rdma_port=29001 payload_bytes=51
E20260317 17:01:57.711134 431955 rdma_replica_communicator.cpp:75] [RDMA] send target id=2 ip=128.110.216.196 base_port=29002 rdma_port=29002 payload_bytes=51
E20260317 17:01:57.713815 431931 consensus_manager_pbft.cpp:208] recv impl type:4 sender id:2 seq:56 primary:1 is recovery:0
E20260317 17:01:57.714262 431930 rdma_replica_communicator.cpp:75] [RDMA] send target id=3 ip=128.110.216.196 base_port=29003 rdma_port=29003 payload_bytes=51
E20260317 17:01:57.716778 431954 consensus_manager_pbft.cpp:208] recv impl type:4 sender id:1 seq:56 primary:1 is recovery:0
E20260317 17:01:57.718011 432005 rdma_replica_communicator.cpp:75] [RDMA] send target id=1 ip=128.110.216.196 base_port=29001 rdma_port=29001 payload_bytes=51
E20260317 17:01:57.718777 431979 rdma_replica_communicator.cpp:75] [RDMA] send target id=2 ip=128.110.216.196 base_port=29002 rdma_port=29002 payload_bytes=51
E20260317 17:01:57.721320 431929 consensus_manager_pbft.cpp:208] recv impl type:4 sender id:3 seq:56 primary:1 is recovery:0
E20260317 17:01:57.721881 431955 rdma_replica_communicator.cpp:75] [RDMA] send target id=3 ip=128.110.216.196 base_port=29003 rdma_port=29003 payload_bytes=51
E20260317 17:01:57.724471 431953 consensus_manager_pbft.cpp:208] recv impl type:4 sender id:2 seq:56 primary:1 is recovery:0
E20260317 17:01:57.725689 431930 rdma_replica_communicator.cpp:75] [RDMA] send target id=4 ip=128.110.216.196 base_port=29004 rdma_port=29004 payload_bytes=51
E20260317 17:01:57.728055 431978 consensus_manager_pbft.cpp:208] recv impl type:4 sender id:1 seq:56 primary:1 is recovery:0
E20260317 17:01:57.729321 432005 rdma_replica_communicator.cpp:75] [RDMA] send target id=2 ip=128.110.216.196 base_port=29002 rdma_port=29002 payload_bytes=51
E20260317 17:01:57.732007 431931 consensus_manager_pbft.cpp:208] recv impl type:4 sender id:4 seq:56 primary:1 is recovery:0
E20260317 17:01:57.732421 431979 rdma_replica_communicator.cpp:75] [RDMA] send target id=3 ip=128.110.216.196 base_port=29003 rdma_port=29003 payload_bytes=51
E20260317 17:01:57.734743 431954 consensus_manager_pbft.cpp:208] recv impl type:4 sender id:3 seq:56 primary:1 is recovery:0
E20260317 17:01:57.735188 431929 checkpoint_manager.cpp:495] get high prepared seq:55
E20260317 17:01:57.735991 431955 rdma_replica_communicator.cpp:75] [RDMA] send target id=4 ip=128.110.216.196 base_port=29004 rdma_port=29004 payload_bytes=51
E20260317 17:01:57.738515 431977 consensus_manager_pbft.cpp:208] recv impl type:4 sender id:2 seq:56 primary:1 is recovery:0
E20260317 17:01:57.742297 432004 consensus_manager_pbft.cpp:208] recv impl type:4 sender id:1 seq:56 primary:1 is recovery:0
E20260317 17:01:57.743472 432005 rdma_replica_communicator.cpp:75] [RDMA] send target id=3 ip=128.110.216.196 base_port=29003 rdma_port=29003 payload_bytes=51
E20260317 17:01:57.745836 431953 consensus_manager_pbft.cpp:208] recv impl type:4 sender id:4 seq:56 primary:1 is recovery:0
E20260317 17:01:57.747151 431979 rdma_replica_communicator.cpp:75] [RDMA] send target id=4 ip=128.110.216.196 base_port=29004 rdma_port=29004 payload_bytes=51
E20260317 17:01:57.749467 431978 consensus_manager_pbft.cpp:208] recv impl type:4 sender id:3 seq:56 primary:1 is recovery:0
E20260317 17:01:57.750118 431954 checkpoint_manager.cpp:495] get high prepared seq:55
E20260317 17:01:57.751381 431929 checkpoint_manager.cpp:500] set high prepared seq:56
E20260317 17:01:57.754307 432003 consensus_manager_pbft.cpp:208] recv impl type:4 sender id:2 seq:56 primary:1 is recovery:0
E20260317 17:01:57.754725 431977 checkpoint_manager.cpp:495] get high prepared seq:55
E20260317 17:01:57.756299 432005 rdma_replica_communicator.cpp:75] [RDMA] send target id=4 ip=128.110.216.196 base_port=29004 rdma_port=29004 payload_bytes=51
E20260317 17:01:57.758580 431976 consensus_manager_pbft.cpp:208] recv impl type:4 sender id:4 seq:56 primary:1 is recovery:0
E20260317 17:01:57.761991 432002 consensus_manager_pbft.cpp:208] recv impl type:4 sender id:3 seq:56 primary:1 is recovery:0
E20260317 17:01:57.763259 431954 checkpoint_manager.cpp:500] set high prepared seq:56
E20260317 17:01:57.764024 431929 rdma_replica_communicator.cpp:75] [RDMA] send target id=1 ip=128.110.216.196 base_port=29001 rdma_port=29001 payload_bytes=53
E20260317 17:01:57.764822 432003 checkpoint_manager.cpp:495] get high prepared seq:55
E20260317 17:01:57.765808 431977 checkpoint_manager.cpp:500] set high prepared seq:56
E20260317 17:01:57.768622 432005 consensus_manager_pbft.cpp:208] recv impl type:4 sender id:4 seq:56 primary:1 is recovery:0
E20260317 17:01:57.770608 431954 rdma_replica_communicator.cpp:75] [RDMA] send target id=1 ip=128.110.216.196 base_port=29001 rdma_port=29001 payload_bytes=53
E20260317 17:01:57.771463 431929 rdma_replica_communicator.cpp:75] [RDMA] send target id=2 ip=128.110.216.196 base_port=29002 rdma_port=29002 payload_bytes=53
E20260317 17:01:57.774144 431931 consensus_manager_pbft.cpp:208] recv impl type:5 sender id:1 seq:56 primary:1 is recovery:0
E20260317 17:01:57.774736 432003 checkpoint_manager.cpp:500] set high prepared seq:56
E20260317 17:01:57.775511 431977 rdma_replica_communicator.cpp:75] [RDMA] send target id=1 ip=128.110.216.196 base_port=29001 rdma_port=29001 payload_bytes=53
E20260317 17:01:57.777058 431954 rdma_replica_communicator.cpp:75] [RDMA] send target id=2 ip=128.110.216.196 base_port=29002 rdma_port=29002 payload_bytes=53
E20260317 17:01:57.779554 431930 consensus_manager_pbft.cpp:208] recv impl type:5 sender id:2 seq:56 primary:1 is recovery:0
E20260317 17:01:57.779969 431929 rdma_replica_communicator.cpp:75] [RDMA] send target id=3 ip=128.110.216.196 base_port=29003 rdma_port=29003 payload_bytes=53
E20260317 17:01:57.782490 431955 consensus_manager_pbft.cpp:208] recv impl type:5 sender id:1 seq:56 primary:1 is recovery:0
E20260317 17:01:57.784781 432003 rdma_replica_communicator.cpp:75] [RDMA] send target id=1 ip=128.110.216.196 base_port=29001 rdma_port=29001 payload_bytes=53
E20260317 17:01:57.785586 431977 rdma_replica_communicator.cpp:75] [RDMA] send target id=2 ip=128.110.216.196 base_port=29002 rdma_port=29002 payload_bytes=53
E20260317 17:01:57.788223 431931 consensus_manager_pbft.cpp:208] recv impl type:5 sender id:3 seq:56 primary:1 is recovery:0
E20260317 17:01:57.788899 431954 rdma_replica_communicator.cpp:75] [RDMA] send target id=3 ip=128.110.216.196 base_port=29003 rdma_port=29003 payload_bytes=53
E20260317 17:01:57.791642 431953 consensus_manager_pbft.cpp:208] recv impl type:5 sender id:2 seq:56 primary:1 is recovery:0
E20260317 17:01:57.792938 431929 rdma_replica_communicator.cpp:75] [RDMA] send target id=4 ip=128.110.216.196 base_port=29004 rdma_port=29004 payload_bytes=53
E20260317 17:01:57.795258 431979 consensus_manager_pbft.cpp:208] recv impl type:5 sender id:1 seq:56 primary:1 is recovery:0
E20260317 17:01:57.796626 432003 rdma_replica_communicator.cpp:75] [RDMA] send target id=2 ip=128.110.216.196 base_port=29002 rdma_port=29002 payload_bytes=53
E20260317 17:01:57.799131 431930 consensus_manager_pbft.cpp:208] recv impl type:5 sender id:4 seq:56 primary:1 is recovery:0
E20260317 17:01:57.799531 431977 rdma_replica_communicator.cpp:75] [RDMA] send target id=3 ip=128.110.216.196 base_port=29003 rdma_port=29003 payload_bytes=53
E20260317 17:01:57.802237 431955 consensus_manager_pbft.cpp:208] recv impl type:5 sender id:3 seq:56 primary:1 is recovery:0
E20260317 17:01:57.802881 431931 checkpoint_manager.cpp:530]  add commited state:56
E20260317 17:01:57.803673 431825 lock_free_collector_pool.cpp:71]  update:312 seq:312 cap:256 update seq:56
E20260317 17:01:57.803895 431834 transaction_manager.cpp:91]  execute batch seq:55
E20260317 17:01:57.804126 431954 rdma_replica_communicator.cpp:75] [RDMA] send target id=4 ip=128.110.216.196 base_port=29004 rdma_port=29004 payload_bytes=53
E20260317 17:01:57.806385 431978 consensus_manager_pbft.cpp:208] recv impl type:5 sender id:2 seq:56 primary:1 is recovery:0
E20260317 17:01:57.809851 432005 consensus_manager_pbft.cpp:208] recv impl type:5 sender id:1 seq:56 primary:1 is recovery:0
E20260317 17:01:57.810947 432003 rdma_replica_communicator.cpp:75] [RDMA] send target id=3 ip=128.110.216.196 base_port=29003 rdma_port=29003 payload_bytes=53
E20260317 17:01:57.813215 431953 consensus_manager_pbft.cpp:208] recv impl type:5 sender id:4 seq:56 primary:1 is recovery:0
E20260317 17:01:57.813759 431930 message_manager.cpp:204]  add request fail
E20260317 17:01:57.814602 431977 rdma_replica_communicator.cpp:75] [RDMA] send target id=4 ip=128.110.216.196 base_port=29004 rdma_port=29004 payload_bytes=53
E20260317 17:01:57.816787 431979 consensus_manager_pbft.cpp:208] recv impl type:5 sender id:3 seq:56 primary:1 is recovery:0
E20260317 17:01:57.817340 431955 checkpoint_manager.cpp:530]  add commited state:56
E20260317 17:01:57.832687 431877 transaction_manager.cpp:91]  execute batch seq:55
E20260317 17:01:57.818233 431854 transaction_manager.cpp:91]  execute batch seq:55
E20260317 17:01:57.820540 431837 commitment.cpp:363] send back to proxy:1
E20260317 17:01:57.823115 432004 consensus_manager_pbft.cpp:208] recv impl type:5 sender id:2 seq:56 primary:1 is recovery:0
E20260317 17:01:57.824978 432003 rdma_replica_communicator.cpp:75] [RDMA] send target id=4 ip=128.110.216.196 base_port=29004 rdma_port=29004 payload_bytes=53
E20260317 17:01:57.827162 431978 consensus_manager_pbft.cpp:208] recv impl type:5 sender id:4 seq:56 primary:1 is recovery:0
E20260317 17:01:57.827589 431953 message_manager.cpp:204]  add request fail
E20260317 17:01:57.831276 432005 consensus_manager_pbft.cpp:208] recv impl type:5 sender id:3 seq:56 primary:1 is recovery:0
E20260317 17:01:57.831897 431979 checkpoint_manager.cpp:530]  add commited state:56
E20260317 17:01:57.843282 431897 transaction_manager.cpp:91]  execute batch seq:55
E20260317 17:01:57.817667 431847 lock_free_collector_pool.cpp:71]  update:312 seq:312 cap:256 update seq:56
E20260317 17:01:57.834482 431881 commitment.cpp:363] send back to proxy:1
E20260317 17:01:57.835582 431859 commitment.cpp:363] send back to proxy:1
E20260317 17:01:57.836083 431837 rdma_replica_communicator.cpp:75] [RDMA] send target id=1 ip=128.110.216.196 base_port=29001 rdma_port=29001 payload_bytes=53
E20260317 17:01:57.838353 432003 consensus_manager_pbft.cpp:208] recv impl type:5 sender id:4 seq:56 primary:1 is recovery:0
E20260317 17:01:57.840693 431978 message_manager.cpp:204]  add request fail
E20260317 17:01:57.842411 432005 checkpoint_manager.cpp:530]  add commited state:56
E20260317 17:01:57.842916 431891 lock_free_collector_pool.cpp:71]  update:312 seq:312 cap:256 update seq:56
E20260317 17:01:57.832449 431869 lock_free_collector_pool.cpp:71]  update:312 seq:312 cap:256 update seq:56
E20260317 17:01:57.844722 431903 commitment.cpp:363] send back to proxy:1
E20260317 17:01:57.846066 431881 rdma_replica_communicator.cpp:75] [RDMA] send target id=1 ip=128.110.216.196 base_port=29001 rdma_port=29001 payload_bytes=53
E20260317 17:01:57.846895 431859 rdma_replica_communicator.cpp:75] [RDMA] send target id=1 ip=128.110.216.196 base_port=29001 rdma_port=29001 payload_bytes=53
E20260317 17:01:57.850632 431930 consensus_manager_pbft.cpp:208] recv impl type:7 sender id:1 seq:56 primary:1 is recovery:0
E20260317 17:01:57.851205 432003 message_manager.cpp:204]  add request fail
E20260317 17:01:57.855265 431903 rdma_replica_communicator.cpp:75] [RDMA] send target id=1 ip=128.110.216.196 base_port=29001 rdma_port=29001 payload_bytes=53
E20260317 17:01:57.858739 431931 consensus_manager_pbft.cpp:208] recv impl type:7 sender id:3 seq:56 primary:1 is recovery:0
E20260317 17:01:57.861615 431928 consensus_manager_pbft.cpp:208] recv impl type:7 sender id:2 seq:56 primary:1 is recovery:0
E20260317 17:01:57.862046 431930 response_manager.cpp:187]  receive request seq:56 type:7 local id:56
E20260317 17:01:57.866220 431929 consensus_manager_pbft.cpp:208] recv impl type:7 sender id:4 seq:56 primary:1 is recovery:0
E20260317 17:01:57.866631 431931 response_manager.cpp:187]  receive request seq:56 type:7 local id:56
E20260317 17:01:57.867458 431928 response_manager.cpp:187]  receive request seq:56 type:7 local id:56
E20260317 17:01:57.868259 431930 response_manager.cpp:214]  get receive count:0 seq:56
E20260317 17:01:57.869182 431929 response_manager.cpp:187]  receive request seq:56 type:7 local id:56
E20260317 17:01:57.870028 431931 response_manager.cpp:214]  get receive count:1 seq:56
E20260317 17:01:57.873332 431931 lock_free_collector_pool.cpp:71]  update:312 seq:312 cap:256 update seq:56
E20260317 17:01:57.874114 431931 response_manager.cpp:227] SendResponseToClient local_id:56 seq:56 proxy_id:1
E20260317 17:01:57.874920 431931 lock_free_collector_pool.cpp:71]  update:312 seq:312 cap:256 update seq:56
E20260317 17:01:57.876039 431931 response_manager.cpp:259] response sent to client local_id:56 seq:56
E20260317 17:01:57.876041 431823 consensus_server.cpp:223] Selftest completed request i=54 ret=0 value=light_value
E20260317 17:01:58.310567 431824 stats.cpp:474]   req client latency:0.000187272
E20260317 17:01:59.027964 431823 consensus_server.cpp:291] Self-test passed mode=rdma (GET verified, last_value=light_value)
E20260317 17:01:59.028422 431823 consensus_server.cpp:294] RESULT mode=rdma num_requests=55 total_time_s=16.361 throughput_rps=3.36166 avg_us=297468 p50_us=297507 p95_us=300165 p99_us=300674 min_us=293568 max_us=302998 status=OK
% time     seconds  usecs/call     calls    errors syscall
------ ----------- ----------- --------- --------- ------------------
 89.41  504.718952        3390    148848     45242 futex
  3.05   17.230238        2482      6942           clock_nanosleep
  2.29   12.951318     1618914         8           epoll_pwait
  2.25   12.675787       16004       792           ppoll
  2.18   12.285211      103237       119        63 accept
  0.51    2.887492       12890       224           recvfrom
  0.12    0.689701          31     21690         4 write
  0.08    0.464900          22     21006           getpid
  0.08    0.449365          47      9430           gettid
  0.00    0.027245         117       232           sendto
  0.00    0.021740          22       982           mprotect
  0.00    0.020673          27       751           rt_sigprocmask
  0.00    0.012957          70       185           clone
  0.00    0.011423          61       186           close
  0.00    0.010961          23       476         1 ioctl
  0.00    0.005834          12       449           mmap
  0.00    0.004253          10       400           brk
  0.00    0.003119          16       186           rseq
  0.00    0.002766          14       186           set_robust_list
  0.00    0.002144           6       307           munmap
  0.00    0.001263           6       185           madvise
  0.00    0.000887          13        68         2 openat
  0.00    0.000363           4        88         1 newfstatat
  0.00    0.000270           3        75           setsockopt
  0.00    0.000261           4        57         1 connect
  0.00    0.000253           9        28           recvmsg
  0.00    0.000231           5        40           shmat
  0.00    0.000165           3        55           read
  0.00    0.000136           1        72           socket
  0.00    0.000115           5        20           shmget
  0.00    0.000089           5        16           epoll_ctl
  0.00    0.000081           5        15           rt_sigaction
  0.00    0.000059          14         4           lseek
  0.00    0.000051           2        20           shmctl
  0.00    0.000046          15         3         3 unlinkat
  0.00    0.000041           6         6           fcntl
  0.00    0.000032          10         3         3 symlinkat
  0.00    0.000032           8         4           uname
  0.00    0.000026           1        14           bind
  0.00    0.000017          17         1           sched_getaffinity
  0.00    0.000017           2         6           getsockname
  0.00    0.000003           1         2           getdents64
  0.00    0.000002           1         2           getuid
  0.00    0.000002           0         3           geteuid
  0.00    0.000000           0         4           eventfd2
  0.00    0.000000           0         4           epoll_create1
  0.00    0.000000           0         1         1 faccessat
  0.00    0.000000           0         4           timerfd_create
  0.00    0.000000           0         1           set_tid_address
  0.00    0.000000           0         8           listen
  0.00    0.000000           0         3           sendmsg
  0.00    0.000000           0         1           execve
  0.00    0.000000           0         2           prlimit64
  0.00    0.000000           0         1           getrandom
------ ----------- ----------- --------- --------- ------------------
100.00  564.480521        2635    214215     45321 total",
2026-03-17T17:03:38,rdma,128.110.216.196,29000,55,3,0,30.088141104090028,6.16833e-06,rdma,rdma,55,5.87742,9.35784,106858.0,106687.0,107965.0,109772.0,105644.0,113007.0,OK,"NO shared receive
>>>>>>>> post recvs
connect request had data with it: 56 bytes
[Server] accepted client 1
NO shared receive
>>>>>>>> post recvs
connect request had data with it: 56 bytes
[Server] accepted client 1
NO shared receive
>>>>>>>> post recvs
connect request had data with it: 56 bytes
[Server] accepted client 2
NO shared receive
>>>>>>>> post recvs
connect request had data with it: 56 bytes
[Server] accepted client 2
NO shared receive
>>>>>>>> post recvs
connect request had data with it: 56 bytes
[Server] accepted client 2
NO shared receive
>>>>>>>> post recvs
connect request had data with it: 56 bytes
[Server] accepted client 2
NO shared receive
>>>>>>>> post recvs
connect request had data with it: 56 bytes
[Server] accepted client 3
NO shared receive
>>>>>>>> post recvs
connect request had data with it: 56 bytes
[Server] accepted client 3
NO shared receive
>>>>>>>> post recvs
connect request had data with it: 56 bytes
[Server] accepted client 3
NO shared receive
>>>>>>>> post recvs
connect request had data with it: 56 bytes
[Server] accepted client 3","E20260317 17:02:32.120087 432143 rdma_replica_communicator.cpp:75] [RDMA] send target id=3 ip=128.110.216.196 base_port=29003 rdma_port=29003 payload_bytes=53
E20260317 17:02:32.121050 432203 consensus_manager_pbft.cpp:208] recv impl type:5 sender id:3 seq:56 primary:1 is recovery:0
E20260317 17:02:32.120862 432205 rdma_replica_communicator.cpp:75] [RDMA] send target id=4 ip=128.110.216.196 base_port=29004 rdma_port=29004 payload_bytes=53
E20260317 17:02:32.121170 432050 commitment.cpp:363] send back to proxy:1
E20260317 17:02:32.121562 432050 rdma_replica_communicator.cpp:75] [RDMA] send target id=1 ip=128.110.216.196 base_port=29001 rdma_port=29001 payload_bytes=53
E20260317 17:02:32.121322 432178 checkpoint_manager.cpp:530]  add commited state:56
E20260317 17:02:32.121233 432028 rdma_replica_communicator.cpp:75] [RDMA] send target id=1 ip=128.110.216.196 base_port=29001 rdma_port=29001 payload_bytes=53
E20260317 17:02:32.121372 432063 transaction_manager.cpp:91]  execute batch seq:55
E20260317 17:02:32.121407 432143 rdma_replica_communicator.cpp:75] [RDMA] send target id=4 ip=128.110.216.196 base_port=29004 rdma_port=29004 payload_bytes=53
E20260317 17:02:32.121783 432117 consensus_manager_pbft.cpp:208] recv impl type:7 sender id:1 seq:56 primary:1 is recovery:0
E20260317 17:02:32.121582 432198 consensus_manager_pbft.cpp:208] recv impl type:5 sender id:4 seq:56 primary:1 is recovery:0
E20260317 17:02:32.121701 432108 consensus_manager_pbft.cpp:208] recv impl type:7 sender id:2 seq:56 primary:1 is recovery:0
E20260317 17:02:32.121955 432084 transaction_manager.cpp:91]  execute batch seq:55
E20260317 17:02:32.121785 432072 commitment.cpp:363] send back to proxy:1
E20260317 17:02:32.122036 432094 commitment.cpp:363] send back to proxy:1
E20260317 17:02:32.121831 432117 response_manager.cpp:187]  receive request seq:56 type:7 local id:56
E20260317 17:02:32.121879 432198 checkpoint_manager.cpp:530]  add commited state:56
E20260317 17:02:32.121882 432204 consensus_manager_pbft.cpp:208] recv impl type:5 sender id:2 seq:56 primary:1 is recovery:0
E20260317 17:02:32.121914 432082 lock_free_collector_pool.cpp:71]  update:312 seq:312 cap:256 update seq:56
E20260317 17:02:32.121956 432108 response_manager.cpp:187]  receive request seq:56 type:7 local id:56
E20260317 17:02:32.121344 432060 lock_free_collector_pool.cpp:71]  update:312 seq:312 cap:256 update seq:56
E20260317 17:02:32.121477 432181 consensus_manager_pbft.cpp:208] recv impl type:5 sender id:2 seq:56 primary:1 is recovery:0
E20260317 17:02:32.122056 432072 rdma_replica_communicator.cpp:75] [RDMA] send target id=1 ip=128.110.216.196 base_port=29001 rdma_port=29001 payload_bytes=53
E20260317 17:02:32.122094 432094 rdma_replica_communicator.cpp:75] [RDMA] send target id=1 ip=128.110.216.196 base_port=29001 rdma_port=29001 payload_bytes=53
E20260317 17:02:32.122136 432117 response_manager.cpp:214]  get receive count:0 seq:56
E20260317 17:02:32.122485 432120 consensus_manager_pbft.cpp:208] recv impl type:7 sender id:3 seq:56 primary:1 is recovery:0
E20260317 17:02:32.122288 432108 response_manager.cpp:214]  get receive count:1 seq:56
E20260317 17:02:32.122560 432108 lock_free_collector_pool.cpp:71]  update:312 seq:312 cap:256 update seq:56
E20260317 17:02:32.122488 432118 consensus_manager_pbft.cpp:208] recv impl type:7 sender id:4 seq:56 primary:1 is recovery:0
E20260317 17:02:32.122210 432204 message_manager.cpp:188]  seq:56 type:5 has been committed
E20260317 17:02:32.122529 432120 response_manager.cpp:187]  receive request seq:56 type:7 local id:56
E20260317 17:02:32.122370 432181 message_manager.cpp:188]  seq:56 type:5 has been committed
E20260317 17:02:32.122611 432108 response_manager.cpp:227] SendResponseToClient local_id:56 seq:56 proxy_id:1
E20260317 17:02:32.122637 432118 response_manager.cpp:187]  receive request seq:56 type:7 local id:56
E20260317 17:02:32.122784 432108 lock_free_collector_pool.cpp:71]  update:312 seq:312 cap:256 update seq:56
E20260317 17:02:32.122992 432108 response_manager.cpp:259] response sent to client local_id:56 seq:56
E20260317 17:02:32.123001 432014 consensus_server.cpp:223] Selftest completed request i=54 ret=0 value=light_value
E20260317 17:02:33.267246 432014 consensus_server.cpp:291] Self-test passed mode=rdma (GET verified, last_value=light_value)
E20260317 17:02:33.267359 432014 consensus_server.cpp:294] RESULT mode=rdma num_requests=55 total_time_s=5.87742 throughput_rps=9.35784 avg_us=106858 p50_us=106687 p95_us=107965 p99_us=109772 min_us=105644 max_us=113007 status=OK
E20260317 17:02:33.407009 432015 stats.cpp:474]   req client latency:5.73111e-06","E20260317 17:03:12.793772 432307 rdma_replica_communicator.cpp:75] [RDMA] send target id=1 ip=128.110.216.196 base_port=29001 rdma_port=29001 payload_bytes=53
E20260317 17:03:12.797649 432335 consensus_manager_pbft.cpp:208] recv impl type:7 sender id:3 seq:55 primary:1 is recovery:0
E20260317 17:03:12.800640 432333 consensus_manager_pbft.cpp:208] recv impl type:7 sender id:1 seq:55 primary:1 is recovery:0
E20260317 17:03:12.801004 432334 response_manager.cpp:187]  receive request seq:55 type:7 local id:55
E20260317 17:03:12.805136 432332 consensus_manager_pbft.cpp:208] recv impl type:7 sender id:4 seq:55 primary:1 is recovery:0
E20260317 17:03:12.805534 432335 response_manager.cpp:187]  receive request seq:55 type:7 local id:55
E20260317 17:03:12.806474 432333 response_manager.cpp:187]  receive request seq:55 type:7 local id:55
E20260317 17:03:12.807304 432334 response_manager.cpp:214]  get receive count:0 seq:55
E20260317 17:03:12.808157 432332 response_manager.cpp:187]  receive request seq:55 type:7 local id:55
E20260317 17:03:12.808959 432335 response_manager.cpp:214]  get receive count:1 seq:55
E20260317 17:03:12.812251 432335 lock_free_collector_pool.cpp:71]  update:311 seq:311 cap:256 update seq:55
E20260317 17:03:12.813022 432335 response_manager.cpp:227] SendResponseToClient local_id:55 seq:55 proxy_id:1
E20260317 17:03:12.813927 432335 lock_free_collector_pool.cpp:71]  update:311 seq:311 cap:256 update seq:55
E20260317 17:03:12.815039 432227 consensus_server.cpp:223] Selftest completed request i=53 ret=0 value=light_value
E20260317 17:03:12.815050 432335 response_manager.cpp:259] response sent to client local_id:55 seq:55
E20260317 17:03:12.815889 432227 consensus_server.cpp:221] Selftest sending request i=54
E20260317 17:03:12.821264 432335 consensus_manager_pbft.cpp:208] recv impl type:2 sender id:0 seq:0 primary:1 is recovery:0
E20260317 17:03:12.922591 432243 response_manager.cpp:327] add context list:0 list size:1 local_id:56
E20260317 17:03:12.923589 432243 rdma_replica_communicator.cpp:75] [RDMA] send target id=1 ip=128.110.216.196 base_port=29001 rdma_port=29001 payload_bytes=82
E20260317 17:03:12.927152 432335 consensus_manager_pbft.cpp:208] recv impl type:14 sender id:1 seq:0 primary:1 is recovery:0
E20260317 17:03:12.927950 432335 rdma_replica_communicator.cpp:75] [RDMA] send target id=1 ip=128.110.216.196 base_port=29001 rdma_port=29001 payload_bytes=89
E20260317 17:03:12.928741 432335 rdma_replica_communicator.cpp:75] [RDMA] send target id=2 ip=128.110.216.196 base_port=29002 rdma_port=29002 payload_bytes=89
E20260317 17:03:12.931418 432334 consensus_manager_pbft.cpp:208] recv impl type:3 sender id:1 seq:56 primary:1 is recovery:0
E20260317 17:03:12.931835 432335 rdma_replica_communicator.cpp:75] [RDMA] send target id=3 ip=128.110.216.196 base_port=29003 rdma_port=29003 payload_bytes=89
E20260317 17:03:12.934645 432358 consensus_manager_pbft.cpp:208] recv impl type:3 sender id:1 seq:56 primary:1 is recovery:0
E20260317 17:03:12.935046 432334 rdma_replica_communicator.cpp:75] [RDMA] send target id=1 ip=128.110.216.196 base_port=29001 rdma_port=29001 payload_bytes=51
E20260317 17:03:12.935860 432335 rdma_replica_communicator.cpp:75] [RDMA] send target id=4 ip=128.110.216.196 base_port=29004 rdma_port=29004 payload_bytes=89
E20260317 17:03:12.939079 432383 consensus_manager_pbft.cpp:208] recv impl type:3 sender id:1 seq:56 primary:1 is recovery:0
E20260317 17:03:12.939872 432358 rdma_replica_communicator.cpp:75] [RDMA] send target id=1 ip=128.110.216.196 base_port=29001 rdma_port=29001 payload_bytes=51
E20260317 17:03:12.940662 432334 rdma_replica_communicator.cpp:75] [RDMA] send target id=2 ip=128.110.216.196 base_port=29002 rdma_port=29002 payload_bytes=51
E20260317 17:03:12.943318 432333 consensus_manager_pbft.cpp:208] recv impl type:4 sender id:1 seq:56 primary:1 is recovery:0
E20260317 17:03:12.946297 432407 consensus_manager_pbft.cpp:208] recv impl type:3 sender id:1 seq:56 primary:1 is recovery:0
E20260317 17:03:12.946653 432383 rdma_replica_communicator.cpp:75] [RDMA] send target id=1 ip=128.110.216.196 base_port=29001 rdma_port=29001 payload_bytes=51
E20260317 17:03:12.947407 432358 rdma_replica_communicator.cpp:75] [RDMA] send target id=2 ip=128.110.216.196 base_port=29002 rdma_port=29002 payload_bytes=51
E20260317 17:03:12.949923 432335 consensus_manager_pbft.cpp:208] recv impl type:4 sender id:2 seq:56 primary:1 is recovery:0
E20260317 17:03:12.950322 432334 rdma_replica_communicator.cpp:75] [RDMA] send target id=3 ip=128.110.216.196 base_port=29003 rdma_port=29003 payload_bytes=51
E20260317 17:03:12.952843 432359 consensus_manager_pbft.cpp:208] recv impl type:4 sender id:1 seq:56 primary:1 is recovery:0
E20260317 17:03:12.954161 432407 rdma_replica_communicator.cpp:75] [RDMA] send target id=1 ip=128.110.216.196 base_port=29001 rdma_port=29001 payload_bytes=51
E20260317 17:03:12.954903 432383 rdma_replica_communicator.cpp:75] [RDMA] send target id=2 ip=128.110.216.196 base_port=29002 rdma_port=29002 payload_bytes=51
E20260317 17:03:12.957413 432333 consensus_manager_pbft.cpp:208] recv impl type:4 sender id:3 seq:56 primary:1 is recovery:0
E20260317 17:03:12.957827 432358 rdma_replica_communicator.cpp:75] [RDMA] send target id=3 ip=128.110.216.196 base_port=29003 rdma_port=29003 payload_bytes=51
E20260317 17:03:12.960389 432356 consensus_manager_pbft.cpp:208] recv impl type:4 sender id:2 seq:56 primary:1 is recovery:0
E20260317 17:03:12.961606 432334 rdma_replica_communicator.cpp:75] [RDMA] send target id=4 ip=128.110.216.196 base_port=29004 rdma_port=29004 payload_bytes=51
E20260317 17:03:12.963904 432382 consensus_manager_pbft.cpp:208] recv impl type:4 sender id:1 seq:56 primary:1 is recovery:0
E20260317 17:03:12.965243 432407 rdma_replica_communicator.cpp:75] [RDMA] send target id=2 ip=128.110.216.196 base_port=29002 rdma_port=29002 payload_bytes=51
E20260317 17:03:12.967700 432335 consensus_manager_pbft.cpp:208] recv impl type:4 sender id:4 seq:56 primary:1 is recovery:0
E20260317 17:03:12.968088 432383 rdma_replica_communicator.cpp:75] [RDMA] send target id=3 ip=128.110.216.196 base_port=29003 rdma_port=29003 payload_bytes=51
E20260317 17:03:12.970363 432359 consensus_manager_pbft.cpp:208] recv impl type:4 sender id:3 seq:56 primary:1 is recovery:0
E20260317 17:03:12.970840 432333 checkpoint_manager.cpp:495] get high prepared seq:55
E20260317 17:03:12.971724 432358 rdma_replica_communicator.cpp:75] [RDMA] send target id=4 ip=128.110.216.196 base_port=29004 rdma_port=29004 payload_bytes=51
E20260317 17:03:12.974150 432381 consensus_manager_pbft.cpp:208] recv impl type:4 sender id:2 seq:56 primary:1 is recovery:0
E20260317 17:03:12.977960 432406 consensus_manager_pbft.cpp:208] recv impl type:4 sender id:1 seq:56 primary:1 is recovery:0
E20260317 17:03:12.979077 432407 rdma_replica_communicator.cpp:75] [RDMA] send target id=3 ip=128.110.216.196 base_port=29003 rdma_port=29003 payload_bytes=51
E20260317 17:03:12.981400 432357 consensus_manager_pbft.cpp:208] recv impl type:4 sender id:4 seq:56 primary:1 is recovery:0
E20260317 17:03:12.982740 432383 rdma_replica_communicator.cpp:75] [RDMA] send target id=4 ip=128.110.216.196 base_port=29004 rdma_port=29004 payload_bytes=51
E20260317 17:03:12.985174 432382 consensus_manager_pbft.cpp:208] recv impl type:4 sender id:3 seq:56 primary:1 is recovery:0
E20260317 17:03:12.985549 432359 checkpoint_manager.cpp:495] get high prepared seq:55
E20260317 17:03:12.986505 432333 checkpoint_manager.cpp:500] set high prepared seq:56
E20260317 17:03:12.989379 432405 consensus_manager_pbft.cpp:208] recv impl type:4 sender id:2 seq:56 primary:1 is recovery:0
E20260317 17:03:12.989780 432381 checkpoint_manager.cpp:495] get high prepared seq:55
E20260317 17:03:12.991339 432407 rdma_replica_communicator.cpp:75] [RDMA] send target id=4 ip=128.110.216.196 base_port=29004 rdma_port=29004 payload_bytes=51
E20260317 17:03:12.993682 432380 consensus_manager_pbft.cpp:208] recv impl type:4 sender id:4 seq:56 primary:1 is recovery:0
E20260317 17:03:12.997828 432406 consensus_manager_pbft.cpp:208] recv impl type:4 sender id:3 seq:56 primary:1 is recovery:0
E20260317 17:03:12.999176 432359 checkpoint_manager.cpp:500] set high prepared seq:56
E20260317 17:03:12.999948 432333 rdma_replica_communicator.cpp:75] [RDMA] send target id=1 ip=128.110.216.196 base_port=29001 rdma_port=29001 payload_bytes=53
E20260317 17:03:13.000757 432405 checkpoint_manager.cpp:495] get high prepared seq:55
E20260317 17:03:13.001777 432381 checkpoint_manager.cpp:500] set high prepared seq:56
E20260317 17:03:13.004889 432407 consensus_manager_pbft.cpp:208] recv impl type:4 sender id:4 seq:56 primary:1 is recovery:0
E20260317 17:03:13.006958 432359 rdma_replica_communicator.cpp:75] [RDMA] send target id=1 ip=128.110.216.196 base_port=29001 rdma_port=29001 payload_bytes=53
E20260317 17:03:13.007803 432333 rdma_replica_communicator.cpp:75] [RDMA] send target id=2 ip=128.110.216.196 base_port=29002 rdma_port=29002 payload_bytes=53
E20260317 17:03:13.010385 432335 consensus_manager_pbft.cpp:208] recv impl type:5 sender id:1 seq:56 primary:1 is recovery:0
E20260317 17:03:13.010913 432405 checkpoint_manager.cpp:500] set high prepared seq:56
E20260317 17:03:13.011611 432381 rdma_replica_communicator.cpp:75] [RDMA] send target id=1 ip=128.110.216.196 base_port=29001 rdma_port=29001 payload_bytes=53
E20260317 17:03:13.013221 432359 rdma_replica_communicator.cpp:75] [RDMA] send target id=2 ip=128.110.216.196 base_port=29002 rdma_port=29002 payload_bytes=53
E20260317 17:03:13.015762 432334 consensus_manager_pbft.cpp:208] recv impl type:5 sender id:2 seq:56 primary:1 is recovery:0
E20260317 17:03:13.016299 432333 rdma_replica_communicator.cpp:75] [RDMA] send target id=3 ip=128.110.216.196 base_port=29003 rdma_port=29003 payload_bytes=53
E20260317 17:03:13.018823 432358 consensus_manager_pbft.cpp:208] recv impl type:5 sender id:1 seq:56 primary:1 is recovery:0
E20260317 17:03:13.020367 432405 rdma_replica_communicator.cpp:75] [RDMA] send target id=1 ip=128.110.216.196 base_port=29001 rdma_port=29001 payload_bytes=53
E20260317 17:03:13.021265 432381 rdma_replica_communicator.cpp:75] [RDMA] send target id=2 ip=128.110.216.196 base_port=29002 rdma_port=29002 payload_bytes=53
E20260317 17:03:13.023764 432335 consensus_manager_pbft.cpp:208] recv impl type:5 sender id:3 seq:56 primary:1 is recovery:0
E20260317 17:03:13.024302 432359 rdma_replica_communicator.cpp:75] [RDMA] send target id=3 ip=128.110.216.196 base_port=29003 rdma_port=29003 payload_bytes=53
E20260317 17:03:13.038964 432239 transaction_manager.cpp:91]  execute batch seq:55
E20260317 17:03:13.027977 432333 rdma_replica_communicator.cpp:75] [RDMA] send target id=4 ip=128.110.216.196 base_port=29004 rdma_port=29004 payload_bytes=53
E20260317 17:03:13.030404 432383 consensus_manager_pbft.cpp:208] recv impl type:5 sender id:1 seq:56 primary:1 is recovery:0
E20260317 17:03:13.031567 432405 rdma_replica_communicator.cpp:75] [RDMA] send target id=2 ip=128.110.216.196 base_port=29002 rdma_port=29002 payload_bytes=53
E20260317 17:03:13.034113 432334 consensus_manager_pbft.cpp:208] recv impl type:5 sender id:4 seq:56 primary:1 is recovery:0
E20260317 17:03:13.034515 432381 rdma_replica_communicator.cpp:75] [RDMA] send target id=3 ip=128.110.216.196 base_port=29003 rdma_port=29003 payload_bytes=53
E20260317 17:03:13.036900 432358 consensus_manager_pbft.cpp:208] recv impl type:5 sender id:3 seq:56 primary:1 is recovery:0
E20260317 17:03:13.037528 432335 checkpoint_manager.cpp:530]  add commited state:56
E20260317 17:03:13.026772 432357 consensus_manager_pbft.cpp:208] recv impl type:5 sender id:2 seq:56 primary:1 is recovery:0
E20260317 17:03:13.038751 432229 lock_free_collector_pool.cpp:71]  update:312 seq:312 cap:256 update seq:56
E20260317 17:03:13.055402 432261 transaction_manager.cpp:91]  execute batch seq:55
E20260317 17:03:13.042172 432382 consensus_manager_pbft.cpp:208] recv impl type:5 sender id:2 seq:56 primary:1 is recovery:0
E20260317 17:03:13.043077 432241 commitment.cpp:363] send back to proxy:1
E20260317 17:03:13.045775 432407 consensus_manager_pbft.cpp:208] recv impl type:5 sender id:1 seq:56 primary:1 is recovery:0
E20260317 17:03:13.046891 432405 rdma_replica_communicator.cpp:75] [RDMA] send target id=3 ip=128.110.216.196 base_port=29003 rdma_port=29003 payload_bytes=53
E20260317 17:03:13.049091 432355 consensus_manager_pbft.cpp:208] recv impl type:5 sender id:4 seq:56 primary:1 is recovery:0
E20260317 17:03:13.049469 432334 message_manager.cpp:204]  add request fail
E20260317 17:03:13.050305 432381 rdma_replica_communicator.cpp:75] [RDMA] send target id=4 ip=128.110.216.196 base_port=29004 rdma_port=29004 payload_bytes=53
E20260317 17:03:13.052464 432383 consensus_manager_pbft.cpp:208] recv impl type:5 sender id:3 seq:56 primary:1 is recovery:0
E20260317 17:03:13.054628 432357 checkpoint_manager.cpp:530]  add commited state:56
E20260317 17:03:13.068022 432280 transaction_manager.cpp:91]  execute batch seq:55
E20260317 17:03:13.039206 432359 rdma_replica_communicator.cpp:75] [RDMA] send target id=4 ip=128.110.216.196 base_port=29004 rdma_port=29004 payload_bytes=53
E20260317 17:03:13.057058 432263 commitment.cpp:363] send back to proxy:1
E20260317 17:03:13.058378 432241 rdma_replica_communicator.cpp:75] [RDMA] send target id=1 ip=128.110.216.196 base_port=29001 rdma_port=29001 payload_bytes=53
E20260317 17:03:13.059955 432405 rdma_replica_communicator.cpp:75] [RDMA] send target id=4 ip=128.110.216.196 base_port=29004 rdma_port=29004 payload_bytes=53
E20260317 17:03:13.062162 432382 consensus_manager_pbft.cpp:208] recv impl type:5 sender id:4 seq:56 primary:1 is recovery:0
E20260317 17:03:13.062600 432355 message_manager.cpp:204]  add request fail
E20260317 17:03:13.066687 432407 consensus_manager_pbft.cpp:208] recv impl type:5 sender id:3 seq:56 primary:1 is recovery:0
E20260317 17:03:13.067173 432383 checkpoint_manager.cpp:530]  add commited state:56
E20260317 17:03:13.067682 432273 lock_free_collector_pool.cpp:71]  update:312 seq:312 cap:256 update seq:56
E20260317 17:03:13.055198 432251 lock_free_collector_pool.cpp:71]  update:312 seq:312 cap:256 update seq:56
E20260317 17:03:13.069482 432285 commitment.cpp:363] send back to proxy:1
E20260317 17:03:13.072144 432406 consensus_manager_pbft.cpp:208] recv impl type:5 sender id:2 seq:56 primary:1 is recovery:0
E20260317 17:03:13.072557 432263 rdma_replica_communicator.cpp:75] [RDMA] send target id=1 ip=128.110.216.196 base_port=29001 rdma_port=29001 payload_bytes=53
E20260317 17:03:13.086074 432304 transaction_manager.cpp:91]  execute batch seq:55
E20260317 17:03:13.089087 432334 consensus_manager_pbft.cpp:208] recv impl type:7 sender id:2 seq:56 primary:1 is recovery:0
E20260317 17:03:13.079319 432382 message_manager.cpp:204]  add request fail
E20260317 17:03:13.084267 432285 rdma_replica_communicator.cpp:75] [RDMA] send target id=1 ip=128.110.216.196 base_port=29001 rdma_port=29001 payload_bytes=53
E20260317 17:03:13.085268 432406 checkpoint_manager.cpp:530]  add commited state:56
E20260317 17:03:13.085861 432295 lock_free_collector_pool.cpp:71]  update:312 seq:312 cap:256 update seq:56
E20260317 17:03:13.076388 432335 consensus_manager_pbft.cpp:208] recv impl type:7 sender id:1 seq:56 primary:1 is recovery:0
E20260317 17:03:13.077282 432405 consensus_manager_pbft.cpp:208] recv impl type:5 sender id:4 seq:56 primary:1 is recovery:0
E20260317 17:03:13.089879 432307 commitment.cpp:363] send back to proxy:1
E20260317 17:03:13.090371 432334 response_manager.cpp:187]  receive request seq:56 type:7 local id:56
E20260317 17:03:13.094481 432333 consensus_manager_pbft.cpp:208] recv impl type:7 sender id:3 seq:56 primary:1 is recovery:0
E20260317 17:03:13.096454 432335 response_manager.cpp:187]  receive request seq:56 type:7 local id:56
E20260317 17:03:13.097605 432405 message_manager.cpp:188]  seq:56 type:5 has been committed
E20260317 17:03:13.098457 432307 rdma_replica_communicator.cpp:75] [RDMA] send target id=1 ip=128.110.216.196 base_port=29001 rdma_port=29001 payload_bytes=53
E20260317 17:03:13.099267 432334 response_manager.cpp:214]  get receive count:0 seq:56
E20260317 17:03:13.100121 432333 response_manager.cpp:187]  receive request seq:56 type:7 local id:56
E20260317 17:03:13.100951 432335 response_manager.cpp:214]  get receive count:1 seq:56
E20260317 17:03:13.104883 432332 consensus_manager_pbft.cpp:208] recv impl type:7 sender id:4 seq:56 primary:1 is recovery:0
E20260317 17:03:13.106987 432335 lock_free_collector_pool.cpp:71]  update:312 seq:312 cap:256 update seq:56
E20260317 17:03:13.107818 432332 response_manager.cpp:187]  receive request seq:56 type:7 local id:56
E20260317 17:03:13.108646 432335 response_manager.cpp:227] SendResponseToClient local_id:56 seq:56 proxy_id:1
E20260317 17:03:13.110234 432335 lock_free_collector_pool.cpp:71]  update:312 seq:312 cap:256 update seq:56
E20260317 17:03:13.111366 432227 consensus_server.cpp:223] Selftest completed request i=54 ret=0 value=light_value
E20260317 17:03:13.111366 432335 response_manager.cpp:259] response sent to client local_id:56 seq:56
E20260317 17:03:13.563738 432228 stats.cpp:474]   req client latency:0.00018833
E20260317 17:03:14.260042 432227 consensus_server.cpp:291] Self-test passed mode=rdma (GET verified, last_value=light_value)
E20260317 17:03:14.260519 432227 consensus_server.cpp:294] RESULT mode=rdma num_requests=55 total_time_s=16.371 throughput_rps=3.35961 avg_us=297649 p50_us=297459 p95_us=300538 p99_us=300971 min_us=294273 max_us=301408 status=OK
% time     seconds  usecs/call     calls    errors syscall
------ ----------- ----------- --------- --------- ------------------
 89.38  442.086184        2972    148750     45207 futex
  3.07   15.188550        2191      6931           clock_nanosleep
  2.30   11.376430     1422053         8           epoll_pwait
  2.23   11.044204       13944       792           ppoll
  2.17   10.727297       90145       119        63 accept
  0.51    2.530348       11296       224           recvfrom
  0.14    0.702754          32     21690         4 write
  0.09    0.432469          20     21006           getpid
  0.09    0.425437          45      9430           gettid
  0.00    0.016809          16       990           mprotect
  0.00    0.016179          69       232           sendto
  0.00    0.015649         274        57         1 connect
  0.00    0.011981          15       751           rt_sigprocmask
  0.00    0.011913          26       452           mmap
  0.00    0.011150          60       185           clone
  0.00    0.006916          37       185           madvise
  0.00    0.006651          21       307           munmap
  0.00    0.004477           9       476         1 ioctl
  0.00    0.002727          14       186           set_robust_list
  0.00    0.002512          13       186           rseq
  0.00    0.001690           4       400           brk
  0.00    0.000814          11        68         2 openat
  0.00    0.000548           6        88         1 newfstatat
  0.00    0.000514           6        75           setsockopt
  0.00    0.000498           2       186           close
  0.00    0.000319          11        28           recvmsg
  0.00    0.000281           5        55           read
  0.00    0.000278           3        72           socket
  0.00    0.000216          13        16           epoll_ctl
  0.00    0.000214           5        40           shmat
  0.00    0.000162          11        14           bind
  0.00    0.000111           7        15           rt_sigaction
  0.00    0.000097           4        20           shmget
  0.00    0.000084          28         3           sendmsg
  0.00    0.000074           9         8           listen
  0.00    0.000065          32         2           getdents64
  0.00    0.000063          15         4           eventfd2
  0.00    0.000052           2        20           shmctl
  0.00    0.000038           9         4           lseek
  0.00    0.000037           6         6           getsockname
  0.00    0.000034           8         4           epoll_create1
  0.00    0.000031          10         3         3 unlinkat
  0.00    0.000027           4         6           fcntl
  0.00    0.000026           6         4           timerfd_create
  0.00    0.000024           8         3         3 symlinkat
  0.00    0.000022           5         4           uname
  0.00    0.000018           9         2           prlimit64
  0.00    0.000017          17         1           sched_getaffinity
  0.00    0.000015           5         3           geteuid
  0.00    0.000011          11         1           getrandom
  0.00    0.000009           4         2           getuid
  0.00    0.000006           6         1           set_tid_address
  0.00    0.000000           0         1         1 faccessat
  0.00    0.000000           0         1           execve
------ ----------- ----------- --------- --------- ------------------
100.00  494.627032        2310    214117     45286 total",
2026-03-17T17:04:53,rdma,128.110.216.196,29000,55,4,0,30.08615553204436,5.99929e-06,rdma,rdma,55,5.86836,9.3723,106694.0,106628.0,107256.0,107724.0,105672.0,108141.0,OK,"NO shared receive
>>>>>>>> post recvs
connect request had data with it: 56 bytes
[Server] accepted client 1
NO shared receive
>>>>>>>> post recvs
connect request had data with it: 56 bytes
[Server] accepted client 1
NO shared receive
>>>>>>>> post recvs
connect request had data with it: 56 bytes
[Server] accepted client 2
NO shared receive
>>>>>>>> post recvs
connect request had data with it: 56 bytes
[Server] accepted client 2
NO shared receive
>>>>>>>> post recvs
connect request had data with it: 56 bytes
[Server] accepted client 2
NO shared receive
>>>>>>>> post recvs
connect request had data with it: 56 bytes
[Server] accepted client 2
NO shared receive
>>>>>>>> post recvs
connect request had data with it: 56 bytes
[Server] accepted client 3
NO shared receive
>>>>>>>> post recvs
connect request had data with it: 56 bytes
[Server] accepted client 3
NO shared receive
>>>>>>>> post recvs
connect request had data with it: 56 bytes
[Server] accepted client 3
NO shared receive
>>>>>>>> post recvs
connect request had data with it: 56 bytes
[Server] accepted client 3","E20260317 17:03:47.369427 432582 rdma_replica_communicator.cpp:75] [RDMA] send target id=4 ip=128.110.216.196 base_port=29004 rdma_port=29004 payload_bytes=53
E20260317 17:03:47.369621 432606 rdma_replica_communicator.cpp:75] [RDMA] send target id=4 ip=128.110.216.196 base_port=29004 rdma_port=29004 payload_bytes=53
E20260317 17:03:47.369634 432550 consensus_manager_pbft.cpp:208] recv impl type:5 sender id:4 seq:56 primary:1 is recovery:0
E20260317 17:03:47.369796 432606 consensus_manager_pbft.cpp:208] recv impl type:5 sender id:4 seq:56 primary:1 is recovery:0
E20260317 17:03:47.369849 432606 checkpoint_manager.cpp:530]  add commited state:56
E20260317 17:03:47.369568 432512 consensus_manager_pbft.cpp:208] recv impl type:7 sender id:1 seq:56 primary:1 is recovery:0
E20260317 17:03:47.369776 432598 consensus_manager_pbft.cpp:208] recv impl type:5 sender id:3 seq:56 primary:1 is recovery:0
E20260317 17:03:47.369652 432454 rdma_replica_communicator.cpp:75] [RDMA] send target id=1 ip=128.110.216.196 base_port=29001 rdma_port=29001 payload_bytes=53
E20260317 17:03:47.369798 432550 message_manager.cpp:188]  seq:56 type:5 has been committed
E20260317 17:03:47.370141 432516 consensus_manager_pbft.cpp:208] recv impl type:7 sender id:2 seq:56 primary:1 is recovery:0
E20260317 17:03:47.370179 432516 response_manager.cpp:187]  receive request seq:56 type:7 local id:56
E20260317 17:03:47.370211 432516 response_manager.cpp:214]  get receive count:0 seq:56
E20260317 17:03:47.369817 432576 consensus_manager_pbft.cpp:208] recv impl type:5 sender id:3 seq:56 primary:1 is recovery:0
E20260317 17:03:47.369818 432578 consensus_manager_pbft.cpp:208] recv impl type:5 sender id:4 seq:56 primary:1 is recovery:0
E20260317 17:03:47.370309 432464 lock_free_collector_pool.cpp:71]  update:312 seq:312 cap:256 update seq:56
E20260317 17:03:47.369946 432486 lock_free_collector_pool.cpp:71]  update:312 seq:312 cap:256 update seq:56
E20260317 17:03:47.369976 432512 response_manager.cpp:187]  receive request seq:56 type:7 local id:56
E20260317 17:03:47.369975 432493 transaction_manager.cpp:91]  execute batch seq:55
E20260317 17:03:47.370025 432598 message_manager.cpp:188]  seq:56 type:5 has been committed
E20260317 17:03:47.370565 432498 commitment.cpp:363] send back to proxy:1
E20260317 17:03:47.370323 432578 message_manager.cpp:204]  add request fail
E20260317 17:03:47.369670 432525 message_manager.cpp:188]  seq:56 type:5 has been committed
E20260317 17:03:47.370339 432472 transaction_manager.cpp:91]  execute batch seq:55
E20260317 17:03:47.370448 432512 response_manager.cpp:214]  get receive count:1 seq:56
E20260317 17:03:47.370287 432576 checkpoint_manager.cpp:530]  add commited state:56
E20260317 17:03:47.370620 432498 rdma_replica_communicator.cpp:75] [RDMA] send target id=1 ip=128.110.216.196 base_port=29001 rdma_port=29001 payload_bytes=53
E20260317 17:03:47.370816 432476 commitment.cpp:363] send back to proxy:1
E20260317 17:03:47.370816 432512 lock_free_collector_pool.cpp:71]  update:312 seq:312 cap:256 update seq:56
E20260317 17:03:47.370961 432476 rdma_replica_communicator.cpp:75] [RDMA] send target id=1 ip=128.110.216.196 base_port=29001 rdma_port=29001 payload_bytes=53
E20260317 17:03:47.370966 432522 consensus_manager_pbft.cpp:208] recv impl type:7 sender id:4 seq:56 primary:1 is recovery:0
E20260317 17:03:47.370992 432512 response_manager.cpp:227] SendResponseToClient local_id:56 seq:56 proxy_id:1
E20260317 17:03:47.371078 432522 response_manager.cpp:187]  receive request seq:56 type:7 local id:56
E20260317 17:03:47.371088 432514 consensus_manager_pbft.cpp:208] recv impl type:7 sender id:3 seq:56 primary:1 is recovery:0
E20260317 17:03:47.371121 432512 lock_free_collector_pool.cpp:71]  update:312 seq:312 cap:256 update seq:56
E20260317 17:03:47.371194 432514 response_manager.cpp:187]  receive request seq:56 type:7 local id:56
E20260317 17:03:47.371340 432418 consensus_server.cpp:223] Selftest completed request i=54 ret=0 value=light_value
E20260317 17:03:47.371341 432512 response_manager.cpp:259] response sent to client local_id:56 seq:56
E20260317 17:03:48.531236 432418 consensus_server.cpp:291] Self-test passed mode=rdma (GET verified, last_value=light_value)
E20260317 17:03:48.531566 432418 consensus_server.cpp:294] RESULT mode=rdma num_requests=55 total_time_s=5.86836 throughput_rps=9.3723 avg_us=106694 p50_us=106628 p95_us=107256 p99_us=107724 min_us=105672 max_us=108141 status=OK
E20260317 17:03:48.662549 432419 stats.cpp:474]   req client latency:5.726e-06","E20260317 17:04:28.071118 432734 consensus_manager_pbft.cpp:208] recv impl type:7 sender id:3 seq:55 primary:1 is recovery:0
E20260317 17:04:28.074010 432733 consensus_manager_pbft.cpp:208] recv impl type:7 sender id:1 seq:55 primary:1 is recovery:0
E20260317 17:04:28.074424 432735 response_manager.cpp:187]  receive request seq:55 type:7 local id:55
E20260317 17:04:28.075225 432807 message_manager.cpp:188]  seq:55 type:5 has been committed
E20260317 17:04:28.079257 432732 consensus_manager_pbft.cpp:208] recv impl type:7 sender id:4 seq:55 primary:1 is recovery:0
E20260317 17:04:28.079692 432734 response_manager.cpp:187]  receive request seq:55 type:7 local id:55
E20260317 17:04:28.080567 432733 response_manager.cpp:187]  receive request seq:55 type:7 local id:55
E20260317 17:04:28.081373 432735 response_manager.cpp:214]  get receive count:0 seq:55
E20260317 17:04:28.083098 432732 response_manager.cpp:187]  receive request seq:55 type:7 local id:55
E20260317 17:04:28.083978 432734 response_manager.cpp:214]  get receive count:1 seq:55
E20260317 17:04:28.087391 432734 lock_free_collector_pool.cpp:71]  update:311 seq:311 cap:256 update seq:55
E20260317 17:04:28.088310 432734 response_manager.cpp:227] SendResponseToClient local_id:55 seq:55 proxy_id:1
E20260317 17:04:28.089231 432734 lock_free_collector_pool.cpp:71]  update:311 seq:311 cap:256 update seq:55
E20260317 17:04:28.090348 432627 consensus_server.cpp:223] Selftest completed request i=53 ret=0 value=light_value
E20260317 17:04:28.090492 432734 response_manager.cpp:259] response sent to client local_id:55 seq:55
E20260317 17:04:28.091219 432627 consensus_server.cpp:221] Selftest sending request i=54
E20260317 17:04:28.096827 432735 consensus_manager_pbft.cpp:208] recv impl type:2 sender id:0 seq:0 primary:1 is recovery:0
E20260317 17:04:28.198082 432643 response_manager.cpp:327] add context list:0 list size:1 local_id:56
E20260317 17:04:28.198904 432643 rdma_replica_communicator.cpp:75] [RDMA] send target id=1 ip=128.110.216.196 base_port=29001 rdma_port=29001 payload_bytes=82
E20260317 17:04:28.202346 432735 consensus_manager_pbft.cpp:208] recv impl type:14 sender id:1 seq:0 primary:1 is recovery:0
E20260317 17:04:28.203142 432735 rdma_replica_communicator.cpp:75] [RDMA] send target id=1 ip=128.110.216.196 base_port=29001 rdma_port=29001 payload_bytes=89
E20260317 17:04:28.203949 432735 rdma_replica_communicator.cpp:75] [RDMA] send target id=2 ip=128.110.216.196 base_port=29002 rdma_port=29002 payload_bytes=89
E20260317 17:04:28.206678 432734 consensus_manager_pbft.cpp:208] recv impl type:3 sender id:1 seq:56 primary:1 is recovery:0
E20260317 17:04:28.207202 432735 rdma_replica_communicator.cpp:75] [RDMA] send target id=3 ip=128.110.216.196 base_port=29003 rdma_port=29003 payload_bytes=89
E20260317 17:04:28.209874 432758 consensus_manager_pbft.cpp:208] recv impl type:3 sender id:1 seq:56 primary:1 is recovery:0
E20260317 17:04:28.210325 432734 rdma_replica_communicator.cpp:75] [RDMA] send target id=1 ip=128.110.216.196 base_port=29001 rdma_port=29001 payload_bytes=51
E20260317 17:04:28.211110 432735 rdma_replica_communicator.cpp:75] [RDMA] send target id=4 ip=128.110.216.196 base_port=29004 rdma_port=29004 payload_bytes=89
E20260317 17:04:28.213670 432783 consensus_manager_pbft.cpp:208] recv impl type:3 sender id:1 seq:56 primary:1 is recovery:0
E20260317 17:04:28.214124 432758 rdma_replica_communicator.cpp:75] [RDMA] send target id=1 ip=128.110.216.196 base_port=29001 rdma_port=29001 payload_bytes=51
E20260317 17:04:28.214969 432734 rdma_replica_communicator.cpp:75] [RDMA] send target id=2 ip=128.110.216.196 base_port=29002 rdma_port=29002 payload_bytes=51
E20260317 17:04:28.217841 432732 consensus_manager_pbft.cpp:208] recv impl type:4 sender id:1 seq:56 primary:1 is recovery:0
E20260317 17:04:28.220748 432807 consensus_manager_pbft.cpp:208] recv impl type:3 sender id:1 seq:56 primary:1 is recovery:0
E20260317 17:04:28.221127 432783 rdma_replica_communicator.cpp:75] [RDMA] send target id=1 ip=128.110.216.196 base_port=29001 rdma_port=29001 payload_bytes=51
E20260317 17:04:28.221882 432758 rdma_replica_communicator.cpp:75] [RDMA] send target id=2 ip=128.110.216.196 base_port=29002 rdma_port=29002 payload_bytes=51
E20260317 17:04:28.224442 432735 consensus_manager_pbft.cpp:208] recv impl type:4 sender id:2 seq:56 primary:1 is recovery:0
E20260317 17:04:28.224836 432734 rdma_replica_communicator.cpp:75] [RDMA] send target id=3 ip=128.110.216.196 base_port=29003 rdma_port=29003 payload_bytes=51
E20260317 17:04:28.227339 432759 consensus_manager_pbft.cpp:208] recv impl type:4 sender id:1 seq:56 primary:1 is recovery:0
E20260317 17:04:28.228766 432807 rdma_replica_communicator.cpp:75] [RDMA] send target id=1 ip=128.110.216.196 base_port=29001 rdma_port=29001 payload_bytes=51
E20260317 17:04:28.229621 432783 rdma_replica_communicator.cpp:75] [RDMA] send target id=2 ip=128.110.216.196 base_port=29002 rdma_port=29002 payload_bytes=51
E20260317 17:04:28.232498 432733 consensus_manager_pbft.cpp:208] recv impl type:4 sender id:3 seq:56 primary:1 is recovery:0
E20260317 17:04:28.232894 432758 rdma_replica_communicator.cpp:75] [RDMA] send target id=3 ip=128.110.216.196 base_port=29003 rdma_port=29003 payload_bytes=51
E20260317 17:04:28.235253 432757 consensus_manager_pbft.cpp:208] recv impl type:4 sender id:2 seq:56 primary:1 is recovery:0
E20260317 17:04:28.236625 432734 rdma_replica_communicator.cpp:75] [RDMA] send target id=4 ip=128.110.216.196 base_port=29004 rdma_port=29004 payload_bytes=51
E20260317 17:04:28.239121 432782 consensus_manager_pbft.cpp:208] recv impl type:4 sender id:1 seq:56 primary:1 is recovery:0
E20260317 17:04:28.240386 432807 rdma_replica_communicator.cpp:75] [RDMA] send target id=2 ip=128.110.216.196 base_port=29002 rdma_port=29002 payload_bytes=51
E20260317 17:04:28.243005 432735 consensus_manager_pbft.cpp:208] recv impl type:4 sender id:4 seq:56 primary:1 is recovery:0
E20260317 17:04:28.243566 432783 rdma_replica_communicator.cpp:75] [RDMA] send target id=3 ip=128.110.216.196 base_port=29003 rdma_port=29003 payload_bytes=51
E20260317 17:04:28.246031 432759 consensus_manager_pbft.cpp:208] recv impl type:4 sender id:3 seq:56 primary:1 is recovery:0
E20260317 17:04:28.246490 432733 checkpoint_manager.cpp:495] get high prepared seq:55
E20260317 17:04:28.247303 432758 rdma_replica_communicator.cpp:75] [RDMA] send target id=4 ip=128.110.216.196 base_port=29004 rdma_port=29004 payload_bytes=51
E20260317 17:04:28.249591 432781 consensus_manager_pbft.cpp:208] recv impl type:4 sender id:2 seq:56 primary:1 is recovery:0
E20260317 17:04:28.253784 432806 consensus_manager_pbft.cpp:208] recv impl type:4 sender id:1 seq:56 primary:1 is recovery:0
E20260317 17:04:28.255177 432807 rdma_replica_communicator.cpp:75] [RDMA] send target id=3 ip=128.110.216.196 base_port=29003 rdma_port=29003 payload_bytes=51
E20260317 17:04:28.257608 432757 consensus_manager_pbft.cpp:208] recv impl type:4 sender id:4 seq:56 primary:1 is recovery:0
E20260317 17:04:28.258857 432783 rdma_replica_communicator.cpp:75] [RDMA] send target id=4 ip=128.110.216.196 base_port=29004 rdma_port=29004 payload_bytes=51
E20260317 17:04:28.261144 432782 consensus_manager_pbft.cpp:208] recv impl type:4 sender id:3 seq:56 primary:1 is recovery:0
E20260317 17:04:28.261750 432759 checkpoint_manager.cpp:495] get high prepared seq:55
E20260317 17:04:28.262761 432733 checkpoint_manager.cpp:500] set high prepared seq:56
E20260317 17:04:28.265698 432805 consensus_manager_pbft.cpp:208] recv impl type:4 sender id:2 seq:56 primary:1 is recovery:0
E20260317 17:04:28.266192 432781 checkpoint_manager.cpp:495] get high prepared seq:55
E20260317 17:04:28.267904 432807 rdma_replica_communicator.cpp:75] [RDMA] send target id=4 ip=128.110.216.196 base_port=29004 rdma_port=29004 payload_bytes=51
E20260317 17:04:28.271119 432780 consensus_manager_pbft.cpp:208] recv impl type:4 sender id:4 seq:56 primary:1 is recovery:0
E20260317 17:04:28.274515 432806 consensus_manager_pbft.cpp:208] recv impl type:4 sender id:3 seq:56 primary:1 is recovery:0
E20260317 17:04:28.275775 432759 checkpoint_manager.cpp:500] set high prepared seq:56
E20260317 17:04:28.276530 432733 rdma_replica_communicator.cpp:75] [RDMA] send target id=1 ip=128.110.216.196 base_port=29001 rdma_port=29001 payload_bytes=53
E20260317 17:04:28.277366 432805 checkpoint_manager.cpp:495] get high prepared seq:55
E20260317 17:04:28.278362 432781 checkpoint_manager.cpp:500] set high prepared seq:56
E20260317 17:04:28.279598 432807 consensus_manager_pbft.cpp:208] recv impl type:4 sender id:4 seq:56 primary:1 is recovery:0
E20260317 17:04:28.283036 432759 rdma_replica_communicator.cpp:75] [RDMA] send target id=1 ip=128.110.216.196 base_port=29001 rdma_port=29001 payload_bytes=53
E20260317 17:04:28.283878 432733 rdma_replica_communicator.cpp:75] [RDMA] send target id=2 ip=128.110.216.196 base_port=29002 rdma_port=29002 payload_bytes=53
E20260317 17:04:28.286495 432735 consensus_manager_pbft.cpp:208] recv impl type:5 sender id:1 seq:56 primary:1 is recovery:0
E20260317 17:04:28.286996 432805 checkpoint_manager.cpp:500] set high prepared seq:56
E20260317 17:04:28.287714 432781 rdma_replica_communicator.cpp:75] [RDMA] send target id=1 ip=128.110.216.196 base_port=29001 rdma_port=29001 payload_bytes=53
E20260317 17:04:28.289268 432759 rdma_replica_communicator.cpp:75] [RDMA] send target id=2 ip=128.110.216.196 base_port=29002 rdma_port=29002 payload_bytes=53
E20260317 17:04:28.291718 432734 consensus_manager_pbft.cpp:208] recv impl type:5 sender id:2 seq:56 primary:1 is recovery:0
E20260317 17:04:28.292140 432733 rdma_replica_communicator.cpp:75] [RDMA] send target id=3 ip=128.110.216.196 base_port=29003 rdma_port=29003 payload_bytes=53
E20260317 17:04:28.294883 432758 consensus_manager_pbft.cpp:208] recv impl type:5 sender id:1 seq:56 primary:1 is recovery:0
E20260317 17:04:28.296551 432805 rdma_replica_communicator.cpp:75] [RDMA] send target id=1 ip=128.110.216.196 base_port=29001 rdma_port=29001 payload_bytes=53
E20260317 17:04:28.297364 432781 rdma_replica_communicator.cpp:75] [RDMA] send target id=2 ip=128.110.216.196 base_port=29002 rdma_port=29002 payload_bytes=53
E20260317 17:04:28.299803 432735 consensus_manager_pbft.cpp:208] recv impl type:5 sender id:3 seq:56 primary:1 is recovery:0
E20260317 17:04:28.300369 432759 rdma_replica_communicator.cpp:75] [RDMA] send target id=3 ip=128.110.216.196 base_port=29003 rdma_port=29003 payload_bytes=53
E20260317 17:04:28.314450 432636 transaction_manager.cpp:91]  execute batch seq:55
E20260317 17:04:28.317083 432782 consensus_manager_pbft.cpp:208] recv impl type:5 sender id:2 seq:56 primary:1 is recovery:0
E20260317 17:04:28.306526 432783 consensus_manager_pbft.cpp:208] recv impl type:5 sender id:1 seq:56 primary:1 is recovery:0
E20260317 17:04:28.307785 432805 rdma_replica_communicator.cpp:75] [RDMA] send target id=2 ip=128.110.216.196 base_port=29002 rdma_port=29002 payload_bytes=53
E20260317 17:04:28.310310 432734 consensus_manager_pbft.cpp:208] recv impl type:5 sender id:4 seq:56 primary:1 is recovery:0
E20260317 17:04:28.310686 432781 rdma_replica_communicator.cpp:75] [RDMA] send target id=3 ip=128.110.216.196 base_port=29003 rdma_port=29003 payload_bytes=53
E20260317 17:04:28.313045 432758 consensus_manager_pbft.cpp:208] recv impl type:5 sender id:3 seq:56 primary:1 is recovery:0
E20260317 17:04:28.313668 432735 checkpoint_manager.cpp:530]  add commited state:56
E20260317 17:04:28.314052 432629 lock_free_collector_pool.cpp:71]  update:312 seq:312 cap:256 update seq:56
E20260317 17:04:28.302752 432757 consensus_manager_pbft.cpp:208] recv impl type:5 sender id:2 seq:56 primary:1 is recovery:0
E20260317 17:04:28.314788 432759 rdma_replica_communicator.cpp:75] [RDMA] send target id=4 ip=128.110.216.196 base_port=29004 rdma_port=29004 payload_bytes=53
E20260317 17:04:28.329870 432651 lock_free_collector_pool.cpp:71]  update:312 seq:312 cap:256 update seq:56
E20260317 17:04:28.332876 432806 consensus_manager_pbft.cpp:208] recv impl type:5 sender id:2 seq:56 primary:1 is recovery:0
E20260317 17:04:28.320070 432805 rdma_replica_communicator.cpp:75] [RDMA] send target id=3 ip=128.110.216.196 base_port=29003 rdma_port=29003 payload_bytes=53
E20260317 17:04:28.322268 432756 consensus_manager_pbft.cpp:208] recv impl type:5 sender id:4 seq:56 primary:1 is recovery:0
E20260317 17:04:28.322649 432734 message_manager.cpp:204]  add request fail
E20260317 17:04:28.323452 432781 rdma_replica_communicator.cpp:75] [RDMA] send target id=4 ip=128.110.216.196 base_port=29004 rdma_port=29004 payload_bytes=53
E20260317 17:04:28.325803 432782 consensus_manager_pbft.cpp:208] recv impl type:5 sender id:3 seq:56 primary:1 is recovery:0
E20260317 17:04:28.328814 432757 checkpoint_manager.cpp:530]  add commited state:56
E20260317 17:04:28.343000 432681 transaction_manager.cpp:91]  execute batch seq:55
E20260317 17:04:28.330123 432661 transaction_manager.cpp:91]  execute batch seq:55
E20260317 17:04:28.317989 432641 commitment.cpp:363] send back to proxy:1
E20260317 17:04:28.334892 432805 rdma_replica_communicator.cpp:75] [RDMA] send target id=4 ip=128.110.216.196 base_port=29004 rdma_port=29004 payload_bytes=53
E20260317 17:04:28.337245 432780 consensus_manager_pbft.cpp:208] recv impl type:5 sender id:4 seq:56 primary:1 is recovery:0
E20260317 17:04:28.337695 432756 message_manager.cpp:204]  add request fail
E20260317 17:04:28.341534 432807 consensus_manager_pbft.cpp:208] recv impl type:5 sender id:3 seq:56 primary:1 is recovery:0
E20260317 17:04:28.342056 432782 checkpoint_manager.cpp:530]  add commited state:56
E20260317 17:04:28.342622 432673 lock_free_collector_pool.cpp:71]  update:312 seq:312 cap:256 update seq:56
E20260317 17:04:28.304003 432733 rdma_replica_communicator.cpp:75] [RDMA] send target id=4 ip=128.110.216.196 base_port=29004 rdma_port=29004 payload_bytes=53
E20260317 17:04:28.344334 432685 commitment.cpp:363] send back to proxy:1
E20260317 17:04:28.345652 432663 commitment.cpp:363] send back to proxy:1
E20260317 17:04:28.346268 432641 rdma_replica_communicator.cpp:75] [RDMA] send target id=1 ip=128.110.216.196 base_port=29001 rdma_port=29001 payload_bytes=53
E20260317 17:04:28.349349 432806 consensus_manager_pbft.cpp:208] recv impl type:5 sender id:4 seq:56 primary:1 is recovery:0
E20260317 17:04:28.349772 432780 message_manager.cpp:204]  add request fail
E20260317 17:04:28.364367 432705 transaction_manager.cpp:91]  execute batch seq:55
E20260317 17:04:28.357194 432685 rdma_replica_communicator.cpp:75] [RDMA] send target id=1 ip=128.110.216.196 base_port=29001 rdma_port=29001 payload_bytes=53
E20260317 17:04:28.358038 432663 rdma_replica_communicator.cpp:75] [RDMA] send target id=1 ip=128.110.216.196 base_port=29001 rdma_port=29001 payload_bytes=53
E20260317 17:04:28.361976 432731 consensus_manager_pbft.cpp:208] recv impl type:7 sender id:1 seq:56 primary:1 is recovery:0
E20260317 17:04:28.363487 432806 checkpoint_manager.cpp:530]  add commited state:56
E20260317 17:04:28.364028 432695 lock_free_collector_pool.cpp:71]  update:312 seq:312 cap:256 update seq:56
E20260317 17:04:28.356729 432807 consensus_manager_pbft.cpp:208] recv impl type:5 sender id:1 seq:56 primary:1 is recovery:0
E20260317 17:04:28.365624 432707 commitment.cpp:363] send back to proxy:1
E20260317 17:04:28.368402 432725 consensus_manager_pbft.cpp:208] recv impl type:7 sender id:3 seq:56 primary:1 is recovery:0
E20260317 17:04:28.371984 432720 consensus_manager_pbft.cpp:208] recv impl type:7 sender id:2 seq:56 primary:1 is recovery:0
E20260317 17:04:28.373354 432731 response_manager.cpp:187]  receive request seq:56 type:7 local id:56
E20260317 17:04:28.375741 432807 message_manager.cpp:188]  seq:56 type:5 has been committed
E20260317 17:04:28.376556 432707 rdma_replica_communicator.cpp:75] [RDMA] send target id=1 ip=128.110.216.196 base_port=29001 rdma_port=29001 payload_bytes=53
E20260317 17:04:28.377348 432725 response_manager.cpp:187]  receive request seq:56 type:7 local id:56
E20260317 17:04:28.378202 432720 response_manager.cpp:187]  receive request seq:56 type:7 local id:56
E20260317 17:04:28.378990 432731 response_manager.cpp:214]  get receive count:0 seq:56
E20260317 17:04:28.383041 432735 consensus_manager_pbft.cpp:208] recv impl type:7 sender id:4 seq:56 primary:1 is recovery:0
E20260317 17:04:28.383574 432725 response_manager.cpp:214]  get receive count:1 seq:56
E20260317 17:04:28.385988 432735 response_manager.cpp:187]  receive request seq:56 type:7 local id:56
E20260317 17:04:28.386826 432725 lock_free_collector_pool.cpp:71]  update:312 seq:312 cap:256 update seq:56
E20260317 17:04:28.388388 432725 response_manager.cpp:227] SendResponseToClient local_id:56 seq:56 proxy_id:1
E20260317 17:04:28.389133 432725 lock_free_collector_pool.cpp:71]  update:312 seq:312 cap:256 update seq:56
E20260317 17:04:28.390251 432627 consensus_server.cpp:223] Selftest completed request i=54 ret=0 value=light_value
E20260317 17:04:28.390264 432725 response_manager.cpp:259] response sent to client local_id:56 seq:56
E20260317 17:04:28.791967 432628 stats.cpp:474]   req client latency:0.000189637
E20260317 17:04:29.492130 432627 consensus_server.cpp:291] Self-test passed mode=rdma (GET verified, last_value=light_value)
E20260317 17:04:29.492774 432627 consensus_server.cpp:294] RESULT mode=rdma num_requests=55 total_time_s=16.3982 throughput_rps=3.35402 avg_us=298146 p50_us=297939 p95_us=300249 p99_us=301924 min_us=293845 max_us=315118 status=OK
% time     seconds  usecs/call     calls    errors syscall
------ ----------- ----------- --------- --------- ------------------
 89.40  484.486835        3254    148850     45266 futex
  3.05   16.554145        2381      6950           clock_nanosleep
  2.30   12.470583     1558822         8           epoll_pwait
  2.26   12.224890       15435       792           ppoll
  2.19   11.861905       99679       119        63 accept
  0.51    2.738930       12227       224           recvfrom
  0.12    0.641128          29     21690         4 write
  0.08    0.408375          19     21006           getpid
  0.07    0.367759          38      9430           gettid
  0.00    0.022881          23       988           mprotect
  0.00    0.022275          29       751           rt_sigprocmask
  0.00    0.016227          69       232           sendto
  0.00    0.013210          71       185           clone
  0.00    0.012560          26       476         1 ioctl
  0.00    0.008224          44       186           madvise
  0.00    0.007982         140        57         1 connect
  0.00    0.007975          42       187           close
  0.00    0.007380          24       307           munmap
  0.00    0.006280          13       449           mmap
  0.00    0.004213          56        75           setsockopt
  0.00    0.004160          57        72           socket
  0.00    0.003935           9       400           brk
  0.00    0.003382          18       186           set_robust_list
  0.00    0.003359          18       186           rseq
  0.00    0.000805          11        69         2 openat
  0.00    0.000300           3        88         1 newfstatat
  0.00    0.000266           9        28           recvmsg
  0.00    0.000260           6        40           shmat
  0.00    0.000201          12        16           epoll_ctl
  0.00    0.000173           8        20           shmget
  0.00    0.000130           9        14           bind
  0.00    0.000104          13         8           listen
  0.00    0.000097           6        15           rt_sigaction
  0.00    0.000081           4        20           shmctl
  0.00    0.000077           1        56           read
  0.00    0.000072          18         4           eventfd2
  0.00    0.000056          14         4           lseek
  0.00    0.000050          16         3         3 unlinkat
  0.00    0.000045          11         4           timerfd_create
  0.00    0.000043          10         4           epoll_create1
  0.00    0.000043          14         3         3 symlinkat
  0.00    0.000042           7         6           fcntl
  0.00    0.000031           7         4           uname
  0.00    0.000021           3         6           getsockname
  0.00    0.000009           9         1           getrandom
  0.00    0.000008           4         2           prlimit64
  0.00    0.000007           7         1           set_tid_address
  0.00    0.000006           6         1           sched_getaffinity
  0.00    0.000003           1         2           getdents64
  0.00    0.000002           1         2           getuid
  0.00    0.000002           0         3           geteuid
  0.00    0.000000           0         1         1 faccessat
  0.00    0.000000           0         3           sendmsg
  0.00    0.000000           0         1           execve
------ ----------- ----------- --------- --------- ------------------
100.00  541.901527        2529    214235     45345 total",
2026-03-17T17:06:09,rdma,128.110.216.196,29000,55,5,0,30.086901144008152,5.75586e-06,rdma,rdma,55,5.8641,9.37911,106616.0,106614.0,107010.0,107243.0,105810.0,107539.0,OK,"NO shared receive
>>>>>>>> post recvs
connect request had data with it: 56 bytes
[Server] accepted client 1
NO shared receive
>>>>>>>> post recvs
connect request had data with it: 56 bytes
[Server] accepted client 1
NO shared receive
>>>>>>>> post recvs
connect request had data with it: 56 bytes
[Server] accepted client 2
NO shared receive
>>>>>>>> post recvs
connect request had data with it: 56 bytes
[Server] accepted client 2
NO shared receive
>>>>>>>> post recvs
connect request had data with it: 56 bytes
[Server] accepted client 2
NO shared receive
>>>>>>>> post recvs
connect request had data with it: 56 bytes
[Server] accepted client 2
NO shared receive
>>>>>>>> post recvs
connect request had data with it: 56 bytes
[Server] accepted client 3
NO shared receive
>>>>>>>> post recvs
connect request had data with it: 56 bytes
[Server] accepted client 3
NO shared receive
>>>>>>>> post recvs
connect request had data with it: 56 bytes
[Server] accepted client 3
NO shared receive
>>>>>>>> post recvs
connect request had data with it: 56 bytes
[Server] accepted client 3","E20260317 17:05:02.590488 432875 commitment.cpp:363] send back to proxy:1
E20260317 17:05:02.590538 432875 rdma_replica_communicator.cpp:75] [RDMA] send target id=1 ip=128.110.216.196 base_port=29001 rdma_port=29001 payload_bytes=53
E20260317 17:05:02.588898 432935 rdma_replica_communicator.cpp:75] [RDMA] send target id=4 ip=128.110.216.196 base_port=29004 rdma_port=29004 payload_bytes=51
E20260317 17:05:02.590659 432917 consensus_manager_pbft.cpp:208] recv impl type:7 sender id:3 seq:56 primary:1 is recovery:0
E20260317 17:05:02.589951 432887 transaction_manager.cpp:91]  execute batch seq:55
E20260317 17:05:02.590730 433001 consensus_manager_pbft.cpp:208] recv impl type:4 sender id:2 seq:56 primary:1 is recovery:0
E20260317 17:05:02.590770 433001 message_manager.cpp:188]  seq:56 type:4 has been committed
E20260317 17:05:02.590802 433001 checkpoint_manager.cpp:495] get high prepared seq:56
E20260317 17:05:02.590274 432976 message_manager.cpp:204]  add request fail
E20260317 17:05:02.590400 432911 response_manager.cpp:187]  receive request seq:56 type:7 local id:56
E20260317 17:05:02.590713 432917 response_manager.cpp:187]  receive request seq:56 type:7 local id:56
E20260317 17:05:02.589836 432863 lock_free_collector_pool.cpp:71]  update:312 seq:312 cap:256 update seq:56
E20260317 17:05:02.590026 433008 consensus_manager_pbft.cpp:208] recv impl type:5 sender id:4 seq:56 primary:1 is recovery:0
E20260317 17:05:02.590817 432897 commitment.cpp:363] send back to proxy:1
E20260317 17:05:02.590847 433001 rdma_replica_communicator.cpp:75] [RDMA] send target id=1 ip=128.110.216.196 base_port=29001 rdma_port=29001 payload_bytes=53
E20260317 17:05:02.591137 433001 rdma_replica_communicator.cpp:75] [RDMA] send target id=2 ip=128.110.216.196 base_port=29002 rdma_port=29002 payload_bytes=53
E20260317 17:05:02.591187 433001 rdma_replica_communicator.cpp:75] [RDMA] send target id=3 ip=128.110.216.196 base_port=29003 rdma_port=29003 payload_bytes=53
E20260317 17:05:02.591245 433001 rdma_replica_communicator.cpp:75] [RDMA] send target id=4 ip=128.110.216.196 base_port=29004 rdma_port=29004 payload_bytes=53
E20260317 17:05:02.591318 433001 consensus_manager_pbft.cpp:208] recv impl type:5 sender id:4 seq:56 primary:1 is recovery:0
E20260317 17:05:02.590929 432911 response_manager.cpp:214]  get receive count:1 seq:56
E20260317 17:05:02.591202 432924 consensus_manager_pbft.cpp:208] recv impl type:5 sender id:4 seq:56 primary:1 is recovery:0
E20260317 17:05:02.591266 432938 consensus_manager_pbft.cpp:208] recv impl type:5 sender id:4 seq:56 primary:1 is recovery:0
E20260317 17:05:02.591324 432982 consensus_manager_pbft.cpp:208] recv impl type:5 sender id:4 seq:56 primary:1 is recovery:0
E20260317 17:05:02.591360 433001 message_manager.cpp:188]  seq:56 type:5 has been committed
E20260317 17:05:02.591094 432897 rdma_replica_communicator.cpp:75] [RDMA] send target id=1 ip=128.110.216.196 base_port=29001 rdma_port=29001 payload_bytes=53
E20260317 17:05:02.591413 432911 lock_free_collector_pool.cpp:71]  update:312 seq:312 cap:256 update seq:56
E20260317 17:05:02.591692 432911 response_manager.cpp:227] SendResponseToClient local_id:56 seq:56 proxy_id:1
E20260317 17:05:02.591468 432924 message_manager.cpp:188]  seq:56 type:5 has been committed
E20260317 17:05:02.591511 432938 message_manager.cpp:188]  seq:56 type:5 has been committed
E20260317 17:05:02.590374 432915 response_manager.cpp:214]  get receive count:0 seq:56
E20260317 17:05:02.591552 432982 message_manager.cpp:188]  seq:56 type:5 has been committed
E20260317 17:05:02.591701 432916 consensus_manager_pbft.cpp:208] recv impl type:7 sender id:4 seq:56 primary:1 is recovery:0
E20260317 17:05:02.591742 432911 lock_free_collector_pool.cpp:71]  update:312 seq:312 cap:256 update seq:56
E20260317 17:05:02.591053 433008 message_manager.cpp:188]  seq:56 type:5 has been committed
E20260317 17:05:02.592034 432916 response_manager.cpp:187]  receive request seq:56 type:7 local id:56
E20260317 17:05:02.592181 432911 response_manager.cpp:259] response sent to client local_id:56 seq:56
E20260317 17:05:02.592188 432817 consensus_server.cpp:223] Selftest completed request i=54 ret=0 value=light_value
E20260317 17:05:03.763238 432817 consensus_server.cpp:291] Self-test passed mode=rdma (GET verified, last_value=light_value)
E20260317 17:05:03.763340 432817 consensus_server.cpp:294] RESULT mode=rdma num_requests=55 total_time_s=5.8641 throughput_rps=9.37911 avg_us=106616 p50_us=106614 p95_us=107010 p99_us=107243 min_us=105810 max_us=107539 status=OK
E20260317 17:05:03.889324 432818 stats.cpp:474]   req client latency:5.68877e-06","E20260317 17:05:43.265254 433107 rdma_replica_communicator.cpp:75] [RDMA] send target id=1 ip=128.110.216.196 base_port=29001 rdma_port=29001 payload_bytes=53
E20260317 17:05:43.268527 433133 consensus_manager_pbft.cpp:208] recv impl type:7 sender id:3 seq:55 primary:1 is recovery:0
E20260317 17:05:43.268904 433134 response_manager.cpp:187]  receive request seq:55 type:7 local id:55
E20260317 17:05:43.269706 433135 response_manager.cpp:187]  receive request seq:55 type:7 local id:55
E20260317 17:05:43.270560 433207 message_manager.cpp:188]  seq:55 type:5 has been committed
E20260317 17:05:43.274515 433132 consensus_manager_pbft.cpp:208] recv impl type:7 sender id:4 seq:55 primary:1 is recovery:0
E20260317 17:05:43.274914 433133 response_manager.cpp:187]  receive request seq:55 type:7 local id:55
E20260317 17:05:43.276424 433134 response_manager.cpp:214]  get receive count:0 seq:55
E20260317 17:05:43.277232 433135 response_manager.cpp:214]  get receive count:1 seq:55
E20260317 17:05:43.278842 433132 response_manager.cpp:187]  receive request seq:55 type:7 local id:55
E20260317 17:05:43.281309 433135 lock_free_collector_pool.cpp:71]  update:311 seq:311 cap:256 update seq:55
E20260317 17:05:43.282932 433135 response_manager.cpp:227] SendResponseToClient local_id:55 seq:55 proxy_id:1
E20260317 17:05:43.283808 433135 lock_free_collector_pool.cpp:71]  update:311 seq:311 cap:256 update seq:55
E20260317 17:05:43.284893 433027 consensus_server.cpp:223] Selftest completed request i=53 ret=0 value=light_value
E20260317 17:05:43.284902 433135 response_manager.cpp:259] response sent to client local_id:55 seq:55
E20260317 17:05:43.285751 433027 consensus_server.cpp:221] Selftest sending request i=54
E20260317 17:05:43.291162 433135 consensus_manager_pbft.cpp:208] recv impl type:2 sender id:0 seq:0 primary:1 is recovery:0
E20260317 17:05:43.392366 433043 response_manager.cpp:327] add context list:0 list size:1 local_id:56
E20260317 17:05:43.393244 433043 rdma_replica_communicator.cpp:75] [RDMA] send target id=1 ip=128.110.216.196 base_port=29001 rdma_port=29001 payload_bytes=82
E20260317 17:05:43.396747 433135 consensus_manager_pbft.cpp:208] recv impl type:14 sender id:1 seq:0 primary:1 is recovery:0
E20260317 17:05:43.397588 433135 rdma_replica_communicator.cpp:75] [RDMA] send target id=1 ip=128.110.216.196 base_port=29001 rdma_port=29001 payload_bytes=89
E20260317 17:05:43.398416 433135 rdma_replica_communicator.cpp:75] [RDMA] send target id=2 ip=128.110.216.196 base_port=29002 rdma_port=29002 payload_bytes=89
E20260317 17:05:43.401144 433134 consensus_manager_pbft.cpp:208] recv impl type:3 sender id:1 seq:56 primary:1 is recovery:0
E20260317 17:05:43.401633 433135 rdma_replica_communicator.cpp:75] [RDMA] send target id=3 ip=128.110.216.196 base_port=29003 rdma_port=29003 payload_bytes=89
E20260317 17:05:43.404274 433159 consensus_manager_pbft.cpp:208] recv impl type:3 sender id:1 seq:56 primary:1 is recovery:0
E20260317 17:05:43.404688 433134 rdma_replica_communicator.cpp:75] [RDMA] send target id=1 ip=128.110.216.196 base_port=29001 rdma_port=29001 payload_bytes=51
E20260317 17:05:43.405440 433135 rdma_replica_communicator.cpp:75] [RDMA] send target id=4 ip=128.110.216.196 base_port=29004 rdma_port=29004 payload_bytes=89
E20260317 17:05:43.407977 433183 consensus_manager_pbft.cpp:208] recv impl type:3 sender id:1 seq:56 primary:1 is recovery:0
E20260317 17:05:43.408492 433159 rdma_replica_communicator.cpp:75] [RDMA] send target id=1 ip=128.110.216.196 base_port=29001 rdma_port=29001 payload_bytes=51
E20260317 17:05:43.409313 433134 rdma_replica_communicator.cpp:75] [RDMA] send target id=2 ip=128.110.216.196 base_port=29002 rdma_port=29002 payload_bytes=51
E20260317 17:05:43.412689 433132 consensus_manager_pbft.cpp:208] recv impl type:4 sender id:1 seq:56 primary:1 is recovery:0
E20260317 17:05:43.415608 433207 consensus_manager_pbft.cpp:208] recv impl type:3 sender id:1 seq:56 primary:1 is recovery:0
E20260317 17:05:43.415943 433183 rdma_replica_communicator.cpp:75] [RDMA] send target id=1 ip=128.110.216.196 base_port=29001 rdma_port=29001 payload_bytes=51
E20260317 17:05:43.416739 433159 rdma_replica_communicator.cpp:75] [RDMA] send target id=2 ip=128.110.216.196 base_port=29002 rdma_port=29002 payload_bytes=51
E20260317 17:05:43.419277 433135 consensus_manager_pbft.cpp:208] recv impl type:4 sender id:2 seq:56 primary:1 is recovery:0
E20260317 17:05:43.419752 433134 rdma_replica_communicator.cpp:75] [RDMA] send target id=3 ip=128.110.216.196 base_port=29003 rdma_port=29003 payload_bytes=51
E20260317 17:05:43.422251 433158 consensus_manager_pbft.cpp:208] recv impl type:4 sender id:1 seq:56 primary:1 is recovery:0
E20260317 17:05:43.423439 433207 rdma_replica_communicator.cpp:75] [RDMA] send target id=1 ip=128.110.216.196 base_port=29001 rdma_port=29001 payload_bytes=51
E20260317 17:05:43.424175 433183 rdma_replica_communicator.cpp:75] [RDMA] send target id=2 ip=128.110.216.196 base_port=29002 rdma_port=29002 payload_bytes=51
E20260317 17:05:43.427116 433132 consensus_manager_pbft.cpp:208] recv impl type:4 sender id:3 seq:56 primary:1 is recovery:0
E20260317 17:05:43.427587 433159 rdma_replica_communicator.cpp:75] [RDMA] send target id=3 ip=128.110.216.196 base_port=29003 rdma_port=29003 payload_bytes=51
E20260317 17:05:43.429958 433157 consensus_manager_pbft.cpp:208] recv impl type:4 sender id:2 seq:56 primary:1 is recovery:0
E20260317 17:05:43.431927 433134 rdma_replica_communicator.cpp:75] [RDMA] send target id=4 ip=128.110.216.196 base_port=29004 rdma_port=29004 payload_bytes=51
E20260317 17:05:43.434303 433182 consensus_manager_pbft.cpp:208] recv impl type:4 sender id:1 seq:56 primary:1 is recovery:0
E20260317 17:05:43.435545 433207 rdma_replica_communicator.cpp:75] [RDMA] send target id=2 ip=128.110.216.196 base_port=29002 rdma_port=29002 payload_bytes=51
E20260317 17:05:43.438055 433135 consensus_manager_pbft.cpp:208] recv impl type:4 sender id:4 seq:56 primary:1 is recovery:0
E20260317 17:05:43.438438 433183 rdma_replica_communicator.cpp:75] [RDMA] send target id=3 ip=128.110.216.196 base_port=29003 rdma_port=29003 payload_bytes=51
E20260317 17:05:43.441008 433158 consensus_manager_pbft.cpp:208] recv impl type:4 sender id:3 seq:56 primary:1 is recovery:0
E20260317 17:05:43.441485 433132 checkpoint_manager.cpp:495] get high prepared seq:55
E20260317 17:05:43.442282 433159 rdma_replica_communicator.cpp:75] [RDMA] send target id=4 ip=128.110.216.196 base_port=29004 rdma_port=29004 payload_bytes=51
E20260317 17:05:43.444525 433181 consensus_manager_pbft.cpp:208] recv impl type:4 sender id:2 seq:56 primary:1 is recovery:0
E20260317 17:05:43.448155 433206 consensus_manager_pbft.cpp:208] recv impl type:4 sender id:1 seq:56 primary:1 is recovery:0
E20260317 17:05:43.449440 433207 rdma_replica_communicator.cpp:75] [RDMA] send target id=3 ip=128.110.216.196 base_port=29003 rdma_port=29003 payload_bytes=51
E20260317 17:05:43.451915 433157 consensus_manager_pbft.cpp:208] recv impl type:4 sender id:4 seq:56 primary:1 is recovery:0
E20260317 17:05:43.453140 433183 rdma_replica_communicator.cpp:75] [RDMA] send target id=4 ip=128.110.216.196 base_port=29004 rdma_port=29004 payload_bytes=51
E20260317 17:05:43.455367 433182 consensus_manager_pbft.cpp:208] recv impl type:4 sender id:3 seq:56 primary:1 is recovery:0
E20260317 17:05:43.455797 433158 checkpoint_manager.cpp:495] get high prepared seq:55
E20260317 17:05:43.456790 433132 checkpoint_manager.cpp:500] set high prepared seq:56
E20260317 17:05:43.459806 433205 consensus_manager_pbft.cpp:208] recv impl type:4 sender id:2 seq:56 primary:1 is recovery:0
E20260317 17:05:43.460207 433181 checkpoint_manager.cpp:495] get high prepared seq:55
E20260317 17:05:43.461696 433207 rdma_replica_communicator.cpp:75] [RDMA] send target id=4 ip=128.110.216.196 base_port=29004 rdma_port=29004 payload_bytes=51
E20260317 17:05:43.463984 433180 consensus_manager_pbft.cpp:208] recv impl type:4 sender id:4 seq:56 primary:1 is recovery:0
E20260317 17:05:43.467640 433206 consensus_manager_pbft.cpp:208] recv impl type:4 sender id:3 seq:56 primary:1 is recovery:0
E20260317 17:05:43.469043 433158 checkpoint_manager.cpp:500] set high prepared seq:56
E20260317 17:05:43.469798 433132 rdma_replica_communicator.cpp:75] [RDMA] send target id=1 ip=128.110.216.196 base_port=29001 rdma_port=29001 payload_bytes=53
E20260317 17:05:43.470589 433205 checkpoint_manager.cpp:495] get high prepared seq:55
E20260317 17:05:43.471565 433181 checkpoint_manager.cpp:500] set high prepared seq:56
E20260317 17:05:43.474488 433207 consensus_manager_pbft.cpp:208] recv impl type:4 sender id:4 seq:56 primary:1 is recovery:0
E20260317 17:05:43.476972 433158 rdma_replica_communicator.cpp:75] [RDMA] send target id=1 ip=128.110.216.196 base_port=29001 rdma_port=29001 payload_bytes=53
E20260317 17:05:43.477874 433132 rdma_replica_communicator.cpp:75] [RDMA] send target id=2 ip=128.110.216.196 base_port=29002 rdma_port=29002 payload_bytes=53
E20260317 17:05:43.480526 433135 consensus_manager_pbft.cpp:208] recv impl type:5 sender id:1 seq:56 primary:1 is recovery:0
E20260317 17:05:43.481182 433205 checkpoint_manager.cpp:500] set high prepared seq:56
E20260317 17:05:43.481956 433181 rdma_replica_communicator.cpp:75] [RDMA] send target id=1 ip=128.110.216.196 base_port=29001 rdma_port=29001 payload_bytes=53
E20260317 17:05:43.483570 433158 rdma_replica_communicator.cpp:75] [RDMA] send target id=2 ip=128.110.216.196 base_port=29002 rdma_port=29002 payload_bytes=53
E20260317 17:05:43.486069 433134 consensus_manager_pbft.cpp:208] recv impl type:5 sender id:2 seq:56 primary:1 is recovery:0
E20260317 17:05:43.486510 433132 rdma_replica_communicator.cpp:75] [RDMA] send target id=3 ip=128.110.216.196 base_port=29003 rdma_port=29003 payload_bytes=53
E20260317 17:05:43.489091 433159 consensus_manager_pbft.cpp:208] recv impl type:5 sender id:1 seq:56 primary:1 is recovery:0
E20260317 17:05:43.490681 433205 rdma_replica_communicator.cpp:75] [RDMA] send target id=1 ip=128.110.216.196 base_port=29001 rdma_port=29001 payload_bytes=53
E20260317 17:05:43.491569 433181 rdma_replica_communicator.cpp:75] [RDMA] send target id=2 ip=128.110.216.196 base_port=29002 rdma_port=29002 payload_bytes=53
E20260317 17:05:43.494063 433135 consensus_manager_pbft.cpp:208] recv impl type:5 sender id:3 seq:56 primary:1 is recovery:0
E20260317 17:05:43.494716 433158 rdma_replica_communicator.cpp:75] [RDMA] send target id=3 ip=128.110.216.196 base_port=29003 rdma_port=29003 payload_bytes=53
E20260317 17:05:43.509263 433029 lock_free_collector_pool.cpp:71]  update:312 seq:312 cap:256 update seq:56
E20260317 17:05:43.512723 433182 consensus_manager_pbft.cpp:208] recv impl type:5 sender id:2 seq:56 primary:1 is recovery:0
E20260317 17:05:43.501062 433183 consensus_manager_pbft.cpp:208] recv impl type:5 sender id:1 seq:56 primary:1 is recovery:0
E20260317 17:05:43.502736 433205 rdma_replica_communicator.cpp:75] [RDMA] send target id=2 ip=128.110.216.196 base_port=29002 rdma_port=29002 payload_bytes=53
E20260317 17:05:43.504740 433123 consensus_manager_pbft.cpp:208] recv impl type:5 sender id:4 seq:56 primary:1 is recovery:0
E20260317 17:05:43.505611 433181 rdma_replica_communicator.cpp:75] [RDMA] send target id=3 ip=128.110.216.196 base_port=29003 rdma_port=29003 payload_bytes=53
E20260317 17:05:43.507922 433159 consensus_manager_pbft.cpp:208] recv impl type:5 sender id:3 seq:56 primary:1 is recovery:0
E20260317 17:05:43.508533 433135 checkpoint_manager.cpp:530]  add commited state:56
E20260317 17:05:43.497120 433157 consensus_manager_pbft.cpp:208] recv impl type:5 sender id:2 seq:56 primary:1 is recovery:0
E20260317 17:05:43.509474 433038 transaction_manager.cpp:91]  execute batch seq:55
E20260317 17:05:43.524574 433059 transaction_manager.cpp:91]  execute batch seq:55
E20260317 17:05:43.498456 433132 rdma_replica_communicator.cpp:75] [RDMA] send target id=4 ip=128.110.216.196 base_port=29004 rdma_port=29004 payload_bytes=53
E20260317 17:05:43.515583 433205 rdma_replica_communicator.cpp:75] [RDMA] send target id=3 ip=128.110.216.196 base_port=29003 rdma_port=29003 payload_bytes=53
E20260317 17:05:43.517796 433156 consensus_manager_pbft.cpp:208] recv impl type:5 sender id:4 seq:56 primary:1 is recovery:0
E20260317 17:05:43.518214 433123 message_manager.cpp:204]  add request fail
E20260317 17:05:43.519032 433181 rdma_replica_communicator.cpp:75] [RDMA] send target id=4 ip=128.110.216.196 base_port=29004 rdma_port=29004 payload_bytes=53
E20260317 17:05:43.521363 433183 consensus_manager_pbft.cpp:208] recv impl type:5 sender id:3 seq:56 primary:1 is recovery:0
E20260317 17:05:43.523571 433157 checkpoint_manager.cpp:530]  add commited state:56
E20260317 17:05:43.537273 433073 lock_free_collector_pool.cpp:71]  update:312 seq:312 cap:256 update seq:56
E20260317 17:05:43.524348 433051 lock_free_collector_pool.cpp:71]  update:312 seq:312 cap:256 update seq:56
E20260317 17:05:43.525403 433041 commitment.cpp:363] send back to proxy:1
E20260317 17:05:43.526407 433063 commitment.cpp:363] send back to proxy:1
E20260317 17:05:43.529201 433207 consensus_manager_pbft.cpp:208] recv impl type:5 sender id:1 seq:56 primary:1 is recovery:0
E20260317 17:05:43.529608 433205 rdma_replica_communicator.cpp:75] [RDMA] send target id=4 ip=128.110.216.196 base_port=29004 rdma_port=29004 payload_bytes=53
E20260317 17:05:43.531867 433182 consensus_manager_pbft.cpp:208] recv impl type:5 sender id:4 seq:56 primary:1 is recovery:0
E20260317 17:05:43.532267 433156 message_manager.cpp:204]  add request fail
E20260317 17:05:43.536096 433204 consensus_manager_pbft.cpp:208] recv impl type:5 sender id:3 seq:56 primary:1 is recovery:0
E20260317 17:05:43.536588 433183 checkpoint_manager.cpp:530]  add commited state:56
E20260317 17:05:43.509733 433158 rdma_replica_communicator.cpp:75] [RDMA] send target id=4 ip=128.110.216.196 base_port=29004 rdma_port=29004 payload_bytes=53
E20260317 17:05:43.537477 433080 transaction_manager.cpp:91]  execute batch seq:55
E20260317 17:05:43.540158 433041 rdma_replica_communicator.cpp:75] [RDMA] send target id=1 ip=128.110.216.196 base_port=29001 rdma_port=29001 payload_bytes=53
E20260317 17:05:43.540961 433063 rdma_replica_communicator.cpp:75] [RDMA] send target id=1 ip=128.110.216.196 base_port=29001 rdma_port=29001 payload_bytes=53
E20260317 17:05:43.542965 433205 consensus_manager_pbft.cpp:208] recv impl type:5 sender id:4 seq:56 primary:1 is recovery:0
E20260317 17:05:43.545111 433182 message_manager.cpp:204]  add request fail
E20260317 17:05:43.550797 433207 consensus_manager_pbft.cpp:208] recv impl type:5 sender id:2 seq:56 primary:1 is recovery:0
E20260317 17:05:43.551744 433085 commitment.cpp:363] send back to proxy:1
E20260317 17:05:43.555028 433135 consensus_manager_pbft.cpp:208] recv impl type:7 sender id:1 seq:56 primary:1 is recovery:0
E20260317 17:05:43.558080 433134 consensus_manager_pbft.cpp:208] recv impl type:7 sender id:2 seq:56 primary:1 is recovery:0
E20260317 17:05:43.558629 433205 checkpoint_manager.cpp:530]  add commited state:56
E20260317 17:05:43.559283 433095 lock_free_collector_pool.cpp:71]  update:312 seq:312 cap:256 update seq:56
E20260317 17:05:43.559638 433103 transaction_manager.cpp:91]  execute batch seq:55
E20260317 17:05:43.560586 433207 message_manager.cpp:204]  add request fail
E20260317 17:05:43.561422 433085 rdma_replica_communicator.cpp:75] [RDMA] send target id=1 ip=128.110.216.196 base_port=29001 rdma_port=29001 payload_bytes=53
E20260317 17:05:43.562263 433135 response_manager.cpp:187]  receive request seq:56 type:7 local id:56
E20260317 17:05:43.563153 433134 response_manager.cpp:187]  receive request seq:56 type:7 local id:56
E20260317 17:05:43.566023 433107 commitment.cpp:363] send back to proxy:1
E20260317 17:05:43.569739 433133 consensus_manager_pbft.cpp:208] recv impl type:7 sender id:3 seq:56 primary:1 is recovery:0
E20260317 17:05:43.570165 433135 response_manager.cpp:214]  get receive count:0 seq:56
E20260317 17:05:43.570927 433134 response_manager.cpp:214]  get receive count:1 seq:56
E20260317 17:05:43.571861 433107 rdma_replica_communicator.cpp:75] [RDMA] send target id=1 ip=128.110.216.196 base_port=29001 rdma_port=29001 payload_bytes=53
E20260317 17:05:43.572674 433133 response_manager.cpp:187]  receive request seq:56 type:7 local id:56
E20260317 17:05:43.574208 433134 lock_free_collector_pool.cpp:71]  update:312 seq:312 cap:256 update seq:56
E20260317 17:05:43.578136 433135 consensus_manager_pbft.cpp:208] recv impl type:7 sender id:4 seq:56 primary:1 is recovery:0
E20260317 17:05:43.579532 433134 response_manager.cpp:227] SendResponseToClient local_id:56 seq:56 proxy_id:1
E20260317 17:05:43.580211 433135 response_manager.cpp:187]  receive request seq:56 type:7 local id:56
E20260317 17:05:43.581039 433134 lock_free_collector_pool.cpp:71]  update:312 seq:312 cap:256 update seq:56
E20260317 17:05:43.583029 433027 consensus_server.cpp:223] Selftest completed request i=54 ret=0 value=light_value
E20260317 17:05:43.583171 433134 response_manager.cpp:259] response sent to client local_id:56 seq:56
E20260317 17:05:44.009342 433028 stats.cpp:474]   req client latency:0.000188504
E20260317 17:05:44.724388 433027 consensus_server.cpp:291] Self-test passed mode=rdma (GET verified, last_value=light_value)
E20260317 17:05:44.724931 433027 consensus_server.cpp:294] RESULT mode=rdma num_requests=55 total_time_s=16.3692 throughput_rps=3.35996 avg_us=297618 p50_us=297543 p95_us=300559 p99_us=302743 min_us=293302 max_us=303714 status=OK
% time     seconds  usecs/call     calls    errors syscall
------ ----------- ----------- --------- --------- ------------------
 89.40  505.764730        3407    148448     45033 futex
  3.06   17.319291        2494      6943           clock_nanosleep
  2.30   13.000346     1625043         8           epoll_pwait
  2.25   12.707605       16044       792           ppoll
  2.17   12.274969      103151       119        63 accept
  0.50    2.852482       12734       224           recvfrom
  0.13    0.755656          34     21690         4 write
  0.09    0.519616          24     21006           getpid
  0.08    0.450071          47      9430           gettid
  0.01    0.031357         135       232           sendto
  0.00    0.015914          16       988           mprotect
  0.00    0.012046          64       187           close
  0.00    0.010887          58       185           clone
  0.00    0.009200          12       751           rt_sigprocmask
  0.00    0.008127          17       476         1 ioctl
  0.00    0.005825          14       400           brk
  0.00    0.004774          10       449           mmap
  0.00    0.004092          71        57         1 connect
  0.00    0.003528          11       307           munmap
  0.00    0.002938          15       186           madvise
  0.00    0.002889          15       186           rseq
  0.00    0.002624          14       186           set_robust_list
  0.00    0.000865          12        69         2 openat
  0.00    0.000456           5        88         1 newfstatat
  0.00    0.000347          12        28           recvmsg
  0.00    0.000292           7        40           shmat
  0.00    0.000256           3        75           setsockopt
  0.00    0.000254           4        56           read
  0.00    0.000186           2        72           socket
  0.00    0.000146           7        20           shmget
  0.00    0.000092           5        16           epoll_ctl
  0.00    0.000085           5        15           rt_sigaction
  0.00    0.000079           3        20           shmctl
  0.00    0.000071           5        14           bind
  0.00    0.000029           7         4           lseek
  0.00    0.000029           4         6           getsockname
  0.00    0.000028           9         3           sendmsg
  0.00    0.000026           8         3         3 unlinkat
  0.00    0.000022           3         6           fcntl
  0.00    0.000022          11         2           getdents64
  0.00    0.000019           2         8           listen
  0.00    0.000018           4         4           eventfd2
  0.00    0.000018           6         3         3 symlinkat
  0.00    0.000017           4         4           uname
  0.00    0.000016          16         1           sched_getaffinity
  0.00    0.000012           3         4           epoll_create1
  0.00    0.000012           3         4           timerfd_create
  0.00    0.000012           6         2           prlimit64
  0.00    0.000011          11         1           getrandom
  0.00    0.000006           2         3           geteuid
  0.00    0.000003           1         2           getuid
  0.00    0.000000           0         1         1 faccessat
  0.00    0.000000           0         1           set_tid_address
  0.00    0.000000           0         1           execve
------ ----------- ----------- --------- --------- ------------------
100.00  565.762396        2645    213826     45112 total",
2026-03-17T17:07:24,basic_ring,128.110.216.196,29000,55,1,0,30.079475710983388,5.75857e-06,basic_ring,basic_ring,55,5.86443,9.37858,106622.0,106585.0,107147.0,107563.0,105632.0,108054.0,OK,"NO shared receive
>>>>>>>> post recvs
connect request had data with it: 56 bytes
>>>>>>>> post recvs
[BasicServer] accepted client 2
NO shared receive
>>>>>>>> post recvs
connect request had data with it: 56 bytes
>>>>>>>> post recvs
[BasicServer] accepted client 2
NO shared receive
>>>>>>>> post recvs
connect request had data with it: 56 bytes
>>>>>>>> post recvs
[BasicServer] accepted client 2
NO shared receive
>>>>>>>> post recvs
connect request had data with it: 56 bytes
>>>>>>>> post recvs
[BasicServer] accepted client 2
NO shared receive
>>>>>>>> post recvs
connect request had data with it: 56 bytes
>>>>>>>> post recvs
[BasicServer] accepted client 3
NO shared receive
>>>>>>>> post recvs
connect request had data with it: 56 bytes
>>>>>>>> post recvs
[BasicServer] accepted client 3
NO shared receive
>>>>>>>> post recvs
connect request had data with it: 56 bytes
>>>>>>>> post recvs
[BasicServer] accepted client 3
NO shared receive
>>>>>>>> post recvs
connect request had data with it: 56 bytes
>>>>>>>> post recvs
[BasicServer] accepted client 3","E20260317 17:06:17.804714 433264 rdma_replica_communicator.cpp:75] [RDMA] send target id=1 ip=128.110.216.196 base_port=29001 rdma_port=29001 payload_bytes=53
E20260317 17:06:17.804790 433303 transaction_manager.cpp:91]  execute batch seq:55
E20260317 17:06:17.804381 433242 rdma_replica_communicator.cpp:75] [RDMA] send target id=1 ip=128.110.216.196 base_port=29001 rdma_port=29001 payload_bytes=53
E20260317 17:06:17.804629 433281 transaction_manager.cpp:91]  execute batch seq:55
E20260317 17:06:17.804565 433406 checkpoint_manager.cpp:530]  add commited state:56
E20260317 17:06:17.804677 433296 lock_free_collector_pool.cpp:71]  update:312 seq:312 cap:256 update seq:56
E20260317 17:06:17.805094 433336 consensus_manager_pbft.cpp:208] recv impl type:7 sender id:1 seq:56 primary:1 is recovery:0
E20260317 17:06:17.804916 433308 commitment.cpp:363] send back to proxy:1
E20260317 17:06:17.803752 433334 rdma_replica_communicator.cpp:75] [RDMA] send target id=1 ip=128.110.216.196 base_port=29001 rdma_port=29001 payload_bytes=53
E20260317 17:06:17.805016 433286 commitment.cpp:363] send back to proxy:1
E20260317 17:06:17.805255 433286 rdma_replica_communicator.cpp:75] [RDMA] send target id=1 ip=128.110.216.196 base_port=29001 rdma_port=29001 payload_bytes=53
E20260317 17:06:17.805284 433325 consensus_manager_pbft.cpp:208] recv impl type:5 sender id:1 seq:56 primary:1 is recovery:0
E20260317 17:06:17.805315 433331 consensus_manager_pbft.cpp:208] recv impl type:7 sender id:3 seq:56 primary:1 is recovery:0
E20260317 17:06:17.805367 433331 response_manager.cpp:187]  receive request seq:56 type:7 local id:56
E20260317 17:06:17.805224 433334 rdma_replica_communicator.cpp:75] [RDMA] send target id=2 ip=128.110.216.196 base_port=29002 rdma_port=29002 payload_bytes=53
E20260317 17:06:17.804834 433335 consensus_manager_pbft.cpp:208] recv impl type:7 sender id:2 seq:56 primary:1 is recovery:0
E20260317 17:06:17.805482 433335 response_manager.cpp:187]  receive request seq:56 type:7 local id:56
E20260317 17:06:17.805518 433335 response_manager.cpp:214]  get receive count:1 seq:56
E20260317 17:06:17.805541 433345 consensus_manager_pbft.cpp:208] recv impl type:5 sender id:1 seq:56 primary:1 is recovery:0
E20260317 17:06:17.805585 433345 message_manager.cpp:188]  seq:56 type:5 has been committed
E20260317 17:06:17.805451 433334 rdma_replica_communicator.cpp:75] [RDMA] send target id=3 ip=128.110.216.196 base_port=29003 rdma_port=29003 payload_bytes=53
E20260317 17:06:17.805321 433325 message_manager.cpp:188]  seq:56 type:5 has been committed
E20260317 17:06:17.805176 433308 rdma_replica_communicator.cpp:75] [RDMA] send target id=1 ip=128.110.216.196 base_port=29001 rdma_port=29001 payload_bytes=53
E20260317 17:06:17.805752 433389 consensus_manager_pbft.cpp:208] recv impl type:5 sender id:1 seq:56 primary:1 is recovery:0
E20260317 17:06:17.805791 433389 message_manager.cpp:188]  seq:56 type:5 has been committed
E20260317 17:06:17.805841 433326 consensus_manager_pbft.cpp:208] recv impl type:7 sender id:4 seq:56 primary:1 is recovery:0
E20260317 17:06:17.805136 433336 response_manager.cpp:187]  receive request seq:56 type:7 local id:56
E20260317 17:06:17.805678 433334 rdma_replica_communicator.cpp:75] [RDMA] send target id=4 ip=128.110.216.196 base_port=29004 rdma_port=29004 payload_bytes=53
E20260317 17:06:17.805553 433335 lock_free_collector_pool.cpp:71]  update:312 seq:312 cap:256 update seq:56
E20260317 17:06:17.806043 433335 response_manager.cpp:227] SendResponseToClient local_id:56 seq:56 proxy_id:1
E20260317 17:06:17.806070 433417 consensus_manager_pbft.cpp:208] recv impl type:5 sender id:1 seq:56 primary:1 is recovery:0
E20260317 17:06:17.805404 433331 response_manager.cpp:214]  get receive count:0 seq:56
E20260317 17:06:17.806077 433335 lock_free_collector_pool.cpp:71]  update:312 seq:312 cap:256 update seq:56
E20260317 17:06:17.805902 433326 response_manager.cpp:187]  receive request seq:56 type:7 local id:56
E20260317 17:06:17.806115 433417 message_manager.cpp:188]  seq:56 type:5 has been committed
E20260317 17:06:17.806285 433335 response_manager.cpp:259] response sent to client local_id:56 seq:56
E20260317 17:06:17.806291 433228 consensus_server.cpp:223] Selftest completed request i=54 ret=0 value=light_value
E20260317 17:06:18.963222 433228 consensus_server.cpp:291] Self-test passed mode=basic_ring (GET verified, last_value=light_value)
E20260317 17:06:18.963526 433228 consensus_server.cpp:294] RESULT mode=basic_ring num_requests=55 total_time_s=5.86443 throughput_rps=9.37858 avg_us=106622 p50_us=106585 p95_us=107147 p99_us=107563 min_us=105632 max_us=108054 status=OK
E20260317 17:06:19.106909 433229 stats.cpp:474]   req client latency:5.72357e-06","E20260317 17:06:58.444733 433505 lock_free_collector_pool.cpp:71]  update:311 seq:311 cap:256 update seq:55
E20260317 17:06:58.447949 433543 consensus_manager_pbft.cpp:208] recv impl type:7 sender id:2 seq:55 primary:1 is recovery:0
E20260317 17:06:58.448707 433517 commitment.cpp:363] send back to proxy:1
E20260317 17:06:58.449301 433615 message_manager.cpp:204]  add request fail
E20260317 17:06:58.450227 433544 response_manager.cpp:214]  get receive count:0 seq:55
E20260317 17:06:58.453497 433545 consensus_manager_pbft.cpp:208] recv impl type:7 sender id:3 seq:55 primary:1 is recovery:0
E20260317 17:06:58.454730 433592 message_manager.cpp:188]  seq:55 type:5 has been committed
E20260317 17:06:58.456566 433543 response_manager.cpp:187]  receive request seq:55 type:7 local id:55
E20260317 17:06:58.457492 433517 rdma_replica_communicator.cpp:75] [RDMA] send target id=1 ip=128.110.216.196 base_port=29001 rdma_port=29001 payload_bytes=53
E20260317 17:06:58.460036 433545 response_manager.cpp:187]  receive request seq:55 type:7 local id:55
E20260317 17:06:58.461741 433543 response_manager.cpp:214]  get receive count:1 seq:55
E20260317 17:06:58.465164 433544 consensus_manager_pbft.cpp:208] recv impl type:7 sender id:4 seq:55 primary:1 is recovery:0
E20260317 17:06:58.466614 433543 lock_free_collector_pool.cpp:71]  update:311 seq:311 cap:256 update seq:55
E20260317 17:06:58.467470 433544 response_manager.cpp:187]  receive request seq:55 type:7 local id:55
E20260317 17:06:58.468473 433543 response_manager.cpp:227] SendResponseToClient local_id:55 seq:55 proxy_id:1
E20260317 17:06:58.470180 433543 lock_free_collector_pool.cpp:71]  update:311 seq:311 cap:256 update seq:55
E20260317 17:06:58.471602 433437 consensus_server.cpp:223] Selftest completed request i=53 ret=0 value=light_value
E20260317 17:06:58.471603 433543 response_manager.cpp:259] response sent to client local_id:55 seq:55
E20260317 17:06:58.472652 433437 consensus_server.cpp:221] Selftest sending request i=54
E20260317 17:06:58.479516 433545 consensus_manager_pbft.cpp:208] recv impl type:2 sender id:0 seq:0 primary:1 is recovery:0
E20260317 17:06:58.580790 433453 response_manager.cpp:327] add context list:0 list size:1 local_id:56
E20260317 17:06:58.581573 433453 rdma_replica_communicator.cpp:75] [RDMA] send target id=1 ip=128.110.216.196 base_port=29001 rdma_port=29001 payload_bytes=82
E20260317 17:06:58.585151 433544 consensus_manager_pbft.cpp:208] recv impl type:14 sender id:1 seq:0 primary:1 is recovery:0
E20260317 17:06:58.585994 433544 rdma_replica_communicator.cpp:75] [RDMA] send target id=1 ip=128.110.216.196 base_port=29001 rdma_port=29001 payload_bytes=89
E20260317 17:06:58.586784 433544 rdma_replica_communicator.cpp:75] [RDMA] send target id=2 ip=128.110.216.196 base_port=29002 rdma_port=29002 payload_bytes=89
E20260317 17:06:58.589462 433545 consensus_manager_pbft.cpp:208] recv impl type:3 sender id:1 seq:56 primary:1 is recovery:0
E20260317 17:06:58.589996 433544 rdma_replica_communicator.cpp:75] [RDMA] send target id=3 ip=128.110.216.196 base_port=29003 rdma_port=29003 payload_bytes=89
E20260317 17:06:58.592727 433569 consensus_manager_pbft.cpp:208] recv impl type:3 sender id:1 seq:56 primary:1 is recovery:0
E20260317 17:06:58.593104 433545 rdma_replica_communicator.cpp:75] [RDMA] send target id=1 ip=128.110.216.196 base_port=29001 rdma_port=29001 payload_bytes=51
E20260317 17:06:58.593936 433544 rdma_replica_communicator.cpp:75] [RDMA] send target id=4 ip=128.110.216.196 base_port=29004 rdma_port=29004 payload_bytes=89
E20260317 17:06:58.596496 433593 consensus_manager_pbft.cpp:208] recv impl type:3 sender id:1 seq:56 primary:1 is recovery:0
E20260317 17:06:58.596931 433569 rdma_replica_communicator.cpp:75] [RDMA] send target id=1 ip=128.110.216.196 base_port=29001 rdma_port=29001 payload_bytes=51
E20260317 17:06:58.597672 433545 rdma_replica_communicator.cpp:75] [RDMA] send target id=2 ip=128.110.216.196 base_port=29002 rdma_port=29002 payload_bytes=51
E20260317 17:06:58.600461 433542 consensus_manager_pbft.cpp:208] recv impl type:4 sender id:1 seq:56 primary:1 is recovery:0
E20260317 17:06:58.603296 433617 consensus_manager_pbft.cpp:208] recv impl type:3 sender id:1 seq:56 primary:1 is recovery:0
E20260317 17:06:58.603677 433593 rdma_replica_communicator.cpp:75] [RDMA] send target id=1 ip=128.110.216.196 base_port=29001 rdma_port=29001 payload_bytes=51
E20260317 17:06:58.604444 433569 rdma_replica_communicator.cpp:75] [RDMA] send target id=2 ip=128.110.216.196 base_port=29002 rdma_port=29002 payload_bytes=51
E20260317 17:06:58.607306 433543 consensus_manager_pbft.cpp:208] recv impl type:4 sender id:2 seq:56 primary:1 is recovery:0
E20260317 17:06:58.607666 433545 rdma_replica_communicator.cpp:75] [RDMA] send target id=3 ip=128.110.216.196 base_port=29003 rdma_port=29003 payload_bytes=51
E20260317 17:06:58.610543 433568 consensus_manager_pbft.cpp:208] recv impl type:4 sender id:1 seq:56 primary:1 is recovery:0
E20260317 17:06:58.611748 433617 rdma_replica_communicator.cpp:75] [RDMA] send target id=1 ip=128.110.216.196 base_port=29001 rdma_port=29001 payload_bytes=51
E20260317 17:06:58.612720 433593 rdma_replica_communicator.cpp:75] [RDMA] send target id=2 ip=128.110.216.196 base_port=29002 rdma_port=29002 payload_bytes=51
E20260317 17:06:58.615473 433542 consensus_manager_pbft.cpp:208] recv impl type:4 sender id:3 seq:56 primary:1 is recovery:0
E20260317 17:06:58.616062 433569 rdma_replica_communicator.cpp:75] [RDMA] send target id=3 ip=128.110.216.196 base_port=29003 rdma_port=29003 payload_bytes=51
E20260317 17:06:58.618427 433567 consensus_manager_pbft.cpp:208] recv impl type:4 sender id:2 seq:56 primary:1 is recovery:0
E20260317 17:06:58.619684 433545 rdma_replica_communicator.cpp:75] [RDMA] send target id=4 ip=128.110.216.196 base_port=29004 rdma_port=29004 payload_bytes=51
E20260317 17:06:58.622016 433592 consensus_manager_pbft.cpp:208] recv impl type:4 sender id:1 seq:56 primary:1 is recovery:0
E20260317 17:06:58.623224 433617 rdma_replica_communicator.cpp:75] [RDMA] send target id=2 ip=128.110.216.196 base_port=29002 rdma_port=29002 payload_bytes=51
E20260317 17:06:58.625864 433544 consensus_manager_pbft.cpp:208] recv impl type:4 sender id:4 seq:56 primary:1 is recovery:0
E20260317 17:06:58.626359 433593 rdma_replica_communicator.cpp:75] [RDMA] send target id=3 ip=128.110.216.196 base_port=29003 rdma_port=29003 payload_bytes=51
E20260317 17:06:58.628984 433568 consensus_manager_pbft.cpp:208] recv impl type:4 sender id:3 seq:56 primary:1 is recovery:0
E20260317 17:06:58.629374 433542 checkpoint_manager.cpp:495] get high prepared seq:55
E20260317 17:06:58.630270 433569 rdma_replica_communicator.cpp:75] [RDMA] send target id=4 ip=128.110.216.196 base_port=29004 rdma_port=29004 payload_bytes=51
E20260317 17:06:58.632417 433591 consensus_manager_pbft.cpp:208] recv impl type:4 sender id:2 seq:56 primary:1 is recovery:0
E20260317 17:06:58.636214 433616 consensus_manager_pbft.cpp:208] recv impl type:4 sender id:1 seq:56 primary:1 is recovery:0
E20260317 17:06:58.637342 433617 rdma_replica_communicator.cpp:75] [RDMA] send target id=3 ip=128.110.216.196 base_port=29003 rdma_port=29003 payload_bytes=51
E20260317 17:06:58.639684 433567 consensus_manager_pbft.cpp:208] recv impl type:4 sender id:4 seq:56 primary:1 is recovery:0
E20260317 17:06:58.641028 433593 rdma_replica_communicator.cpp:75] [RDMA] send target id=4 ip=128.110.216.196 base_port=29004 rdma_port=29004 payload_bytes=51
E20260317 17:06:58.643424 433592 consensus_manager_pbft.cpp:208] recv impl type:4 sender id:3 seq:56 primary:1 is recovery:0
E20260317 17:06:58.643844 433568 checkpoint_manager.cpp:495] get high prepared seq:55
E20260317 17:06:58.644814 433542 checkpoint_manager.cpp:500] set high prepared seq:56
E20260317 17:06:58.647907 433615 consensus_manager_pbft.cpp:208] recv impl type:4 sender id:2 seq:56 primary:1 is recovery:0
E20260317 17:06:58.648288 433591 checkpoint_manager.cpp:495] get high prepared seq:55
E20260317 17:06:58.649824 433617 rdma_replica_communicator.cpp:75] [RDMA] send target id=4 ip=128.110.216.196 base_port=29004 rdma_port=29004 payload_bytes=51
E20260317 17:06:58.652060 433590 consensus_manager_pbft.cpp:208] recv impl type:4 sender id:4 seq:56 primary:1 is recovery:0
E20260317 17:06:58.655283 433616 consensus_manager_pbft.cpp:208] recv impl type:4 sender id:3 seq:56 primary:1 is recovery:0
E20260317 17:06:58.656699 433568 checkpoint_manager.cpp:500] set high prepared seq:56
E20260317 17:06:58.657598 433542 rdma_replica_communicator.cpp:75] [RDMA] send target id=1 ip=128.110.216.196 base_port=29001 rdma_port=29001 payload_bytes=53
E20260317 17:06:58.658381 433615 checkpoint_manager.cpp:495] get high prepared seq:55
E20260317 17:06:58.659351 433591 checkpoint_manager.cpp:500] set high prepared seq:56
E20260317 17:06:58.660570 433617 consensus_manager_pbft.cpp:208] recv impl type:4 sender id:4 seq:56 primary:1 is recovery:0
E20260317 17:06:58.664083 433568 rdma_replica_communicator.cpp:75] [RDMA] send target id=1 ip=128.110.216.196 base_port=29001 rdma_port=29001 payload_bytes=53
E20260317 17:06:58.664968 433542 rdma_replica_communicator.cpp:75] [RDMA] send target id=2 ip=128.110.216.196 base_port=29002 rdma_port=29002 payload_bytes=53
E20260317 17:06:58.667925 433545 consensus_manager_pbft.cpp:208] recv impl type:5 sender id:1 seq:56 primary:1 is recovery:0
E20260317 17:06:58.668437 433615 checkpoint_manager.cpp:500] set high prepared seq:56
E20260317 17:06:58.669198 433591 rdma_replica_communicator.cpp:75] [RDMA] send target id=1 ip=128.110.216.196 base_port=29001 rdma_port=29001 payload_bytes=53
E20260317 17:06:58.670779 433568 rdma_replica_communicator.cpp:75] [RDMA] send target id=2 ip=128.110.216.196 base_port=29002 rdma_port=29002 payload_bytes=53
E20260317 17:06:58.673355 433544 consensus_manager_pbft.cpp:208] recv impl type:5 sender id:2 seq:56 primary:1 is recovery:0
E20260317 17:06:58.673822 433542 rdma_replica_communicator.cpp:75] [RDMA] send target id=3 ip=128.110.216.196 base_port=29003 rdma_port=29003 payload_bytes=53
E20260317 17:06:58.676367 433569 consensus_manager_pbft.cpp:208] recv impl type:5 sender id:1 seq:56 primary:1 is recovery:0
E20260317 17:06:58.678328 433615 rdma_replica_communicator.cpp:75] [RDMA] send target id=1 ip=128.110.216.196 base_port=29001 rdma_port=29001 payload_bytes=53
E20260317 17:06:58.679190 433591 rdma_replica_communicator.cpp:75] [RDMA] send target id=2 ip=128.110.216.196 base_port=29002 rdma_port=29002 payload_bytes=53
E20260317 17:06:58.681766 433545 consensus_manager_pbft.cpp:208] recv impl type:5 sender id:3 seq:56 primary:1 is recovery:0
E20260317 17:06:58.682181 433568 rdma_replica_communicator.cpp:75] [RDMA] send target id=3 ip=128.110.216.196 base_port=29003 rdma_port=29003 payload_bytes=53
E20260317 17:06:58.696280 433439 lock_free_collector_pool.cpp:71]  update:312 seq:312 cap:256 update seq:56
E20260317 17:06:58.699079 433592 consensus_manager_pbft.cpp:208] recv impl type:5 sender id:2 seq:56 primary:1 is recovery:0
E20260317 17:06:58.688530 433593 consensus_manager_pbft.cpp:208] recv impl type:5 sender id:1 seq:56 primary:1 is recovery:0
E20260317 17:06:58.689725 433615 rdma_replica_communicator.cpp:75] [RDMA] send target id=2 ip=128.110.216.196 base_port=29002 rdma_port=29002 payload_bytes=53
E20260317 17:06:58.692220 433544 consensus_manager_pbft.cpp:208] recv impl type:5 sender id:4 seq:56 primary:1 is recovery:0
E20260317 17:06:58.692613 433591 rdma_replica_communicator.cpp:75] [RDMA] send target id=3 ip=128.110.216.196 base_port=29003 rdma_port=29003 payload_bytes=53
E20260317 17:06:58.694911 433569 consensus_manager_pbft.cpp:208] recv impl type:5 sender id:3 seq:56 primary:1 is recovery:0
E20260317 17:06:58.695540 433545 checkpoint_manager.cpp:530]  add commited state:56
E20260317 17:06:58.684676 433567 consensus_manager_pbft.cpp:208] recv impl type:5 sender id:2 seq:56 primary:1 is recovery:0
E20260317 17:06:58.696493 433449 transaction_manager.cpp:91]  execute batch seq:55
E20260317 17:06:58.710981 433469 transaction_manager.cpp:91]  execute batch seq:55
E20260317 17:06:58.686239 433542 rdma_replica_communicator.cpp:75] [RDMA] send target id=4 ip=128.110.216.196 base_port=29004 rdma_port=29004 payload_bytes=53
E20260317 17:06:58.701694 433615 rdma_replica_communicator.cpp:75] [RDMA] send target id=3 ip=128.110.216.196 base_port=29003 rdma_port=29003 payload_bytes=53
E20260317 17:06:58.703944 433566 consensus_manager_pbft.cpp:208] recv impl type:5 sender id:4 seq:56 primary:1 is recovery:0
E20260317 17:06:58.704355 433544 message_manager.cpp:204]  add request fail
E20260317 17:06:58.705143 433591 rdma_replica_communicator.cpp:75] [RDMA] send target id=4 ip=128.110.216.196 base_port=29004 rdma_port=29004 payload_bytes=53
E20260317 17:06:58.707698 433593 consensus_manager_pbft.cpp:208] recv impl type:5 sender id:3 seq:56 primary:1 is recovery:0
E20260317 17:06:58.710074 433567 checkpoint_manager.cpp:530]  add commited state:56
E20260317 17:06:58.723764 433491 transaction_manager.cpp:91]  execute batch seq:55
E20260317 17:06:58.696740 433568 rdma_replica_communicator.cpp:75] [RDMA] send target id=4 ip=128.110.216.196 base_port=29004 rdma_port=29004 payload_bytes=53
E20260317 17:06:58.711910 433451 commitment.cpp:363] send back to proxy:1
E20260317 17:06:58.713157 433473 commitment.cpp:363] send back to proxy:1
E20260317 17:06:58.715854 433617 consensus_manager_pbft.cpp:208] recv impl type:5 sender id:1 seq:56 primary:1 is recovery:0
E20260317 17:06:58.716174 433615 rdma_replica_communicator.cpp:75] [RDMA] send target id=4 ip=128.110.216.196 base_port=29004 rdma_port=29004 payload_bytes=53
E20260317 17:06:58.718420 433592 consensus_manager_pbft.cpp:208] recv impl type:5 sender id:4 seq:56 primary:1 is recovery:0
E20260317 17:06:58.718878 433566 message_manager.cpp:204]  add request fail
E20260317 17:06:58.722577 433616 consensus_manager_pbft.cpp:208] recv impl type:5 sender id:3 seq:56 primary:1 is recovery:0
E20260317 17:06:58.723044 433593 checkpoint_manager.cpp:530]  add commited state:56
E20260317 17:06:58.723558 433483 lock_free_collector_pool.cpp:71]  update:312 seq:312 cap:256 update seq:56
E20260317 17:06:58.710757 433461 lock_free_collector_pool.cpp:71]  update:312 seq:312 cap:256 update seq:56
E20260317 17:06:58.725508 433495 commitment.cpp:363] send back to proxy:1
E20260317 17:06:58.728006 433614 consensus_manager_pbft.cpp:208] recv impl type:5 sender id:2 seq:56 primary:1 is recovery:0
E20260317 17:06:58.728511 433451 rdma_replica_communicator.cpp:75] [RDMA] send target id=1 ip=128.110.216.196 base_port=29001 rdma_port=29001 payload_bytes=53
E20260317 17:06:58.740103 433511 transaction_manager.cpp:91]  execute batch seq:55
E20260317 17:06:58.731276 433615 consensus_manager_pbft.cpp:208] recv impl type:5 sender id:4 seq:56 primary:1 is recovery:0
E20260317 17:06:58.733276 433592 message_manager.cpp:204]  add request fail
E20260317 17:06:58.738242 433495 rdma_replica_communicator.cpp:75] [RDMA] send target id=1 ip=128.110.216.196 base_port=29001 rdma_port=29001 payload_bytes=53
E20260317 17:06:58.739223 433614 checkpoint_manager.cpp:530]  add commited state:56
E20260317 17:06:58.739732 433505 lock_free_collector_pool.cpp:71]  update:312 seq:312 cap:256 update seq:56
E20260317 17:06:58.729297 433473 rdma_replica_communicator.cpp:75] [RDMA] send target id=1 ip=128.110.216.196 base_port=29001 rdma_port=29001 payload_bytes=53
E20260317 17:06:58.743206 433545 consensus_manager_pbft.cpp:208] recv impl type:7 sender id:1 seq:56 primary:1 is recovery:0
E20260317 17:06:58.743996 433517 commitment.cpp:363] send back to proxy:1
E20260317 17:06:58.744468 433615 message_manager.cpp:204]  add request fail
E20260317 17:06:58.748867 433544 consensus_manager_pbft.cpp:208] recv impl type:7 sender id:3 seq:56 primary:1 is recovery:0
E20260317 17:06:58.753518 433543 consensus_manager_pbft.cpp:208] recv impl type:7 sender id:2 seq:56 primary:1 is recovery:0
E20260317 17:06:58.753958 433545 response_manager.cpp:187]  receive request seq:56 type:7 local id:56
E20260317 17:06:58.754835 433517 rdma_replica_communicator.cpp:75] [RDMA] send target id=1 ip=128.110.216.196 base_port=29001 rdma_port=29001 payload_bytes=53
E20260317 17:06:58.756417 433544 response_manager.cpp:187]  receive request seq:56 type:7 local id:56
E20260317 17:06:58.757269 433543 response_manager.cpp:187]  receive request seq:56 type:7 local id:56
E20260317 17:06:58.758144 433545 response_manager.cpp:214]  get receive count:0 seq:56
E20260317 17:06:58.761431 433542 consensus_manager_pbft.cpp:208] recv impl type:7 sender id:4 seq:56 primary:1 is recovery:0
E20260317 17:06:58.761790 433544 response_manager.cpp:214]  get receive count:1 seq:56
E20260317 17:06:58.764219 433542 response_manager.cpp:187]  receive request seq:56 type:7 local id:56
E20260317 17:06:58.765090 433544 lock_free_collector_pool.cpp:71]  update:312 seq:312 cap:256 update seq:56
E20260317 17:06:58.766718 433544 response_manager.cpp:227] SendResponseToClient local_id:56 seq:56 proxy_id:1
E20260317 17:06:58.767567 433544 lock_free_collector_pool.cpp:71]  update:312 seq:312 cap:256 update seq:56
E20260317 17:06:58.768802 433437 consensus_server.cpp:223] Selftest completed request i=54 ret=0 value=light_value
E20260317 17:06:58.768946 433544 response_manager.cpp:259] response sent to client local_id:56 seq:56
E20260317 17:06:59.227355 433438 stats.cpp:474]   req client latency:0.00018776
E20260317 17:06:59.923969 433437 consensus_server.cpp:291] Self-test passed mode=basic_ring (GET verified, last_value=light_value)
E20260317 17:06:59.924422 433437 consensus_server.cpp:294] RESULT mode=basic_ring num_requests=55 total_time_s=16.3555 throughput_rps=3.36279 avg_us=297368 p50_us=296926 p95_us=299993 p99_us=305053 min_us=293620 max_us=314343 status=OK
% time     seconds  usecs/call     calls    errors syscall
------ ----------- ----------- --------- --------- ------------------
 89.37  490.620372        3301    148585     45125 futex
  3.06   16.815897        2419      6951           clock_nanosleep
  2.30   12.612731     1576591         8           epoll_pwait
  2.24   12.295088       15524       792           ppoll
  2.17   11.936510      100306       119        63 accept
  0.51    2.807279       12532       224           recvfrom
  0.13    0.713684          32     21690         4 write
  0.10    0.526804          25     21006           getpid
  0.09    0.507133          53      9430           gettid
  0.00    0.023858         102       232           sendto
  0.00    0.016343          16       993           mprotect
  0.00    0.012434          67       185           clone
  0.00    0.012256          65       186           close
  0.00    0.010680          36       290           munmap
  0.00    0.010522          14       751           rt_sigprocmask
  0.00    0.009726          21       448         1 ioctl
  0.00    0.009273          21       426           mmap
  0.00    0.007903         109        72           socket
  0.00    0.004846          11       408           brk
  0.00    0.003959          69        57         1 connect
  0.00    0.003430          18       185           madvise
  0.00    0.003111          16       186           set_robust_list
  0.00    0.002844          15       186           rseq
  0.00    0.001145          16        68         2 openat
  0.00    0.000778           8        88         1 newfstatat
  0.00    0.000477           8        55           read
  0.00    0.000273           3        75           setsockopt
  0.00    0.000271           9        28           recvmsg
  0.00    0.000215          13        16           epoll_ctl
  0.00    0.000101           7        14           bind
  0.00    0.000088           5        15           rt_sigaction
  0.00    0.000088          29         3           sendmsg
  0.00    0.000073          36         2           getdents64
  0.00    0.000031          10         3         3 unlinkat
  0.00    0.000031           5         6           getsockname
  0.00    0.000030           3         8           listen
  0.00    0.000029           4         6           fcntl
  0.00    0.000028           7         4           eventfd2
  0.00    0.000024           8         3         3 symlinkat
  0.00    0.000021           5         4           uname
  0.00    0.000018           4         4           epoll_create1
  0.00    0.000018           4         4           lseek
  0.00    0.000018           6         3           geteuid
  0.00    0.000017           4         4           timerfd_create
  0.00    0.000013           6         2           getuid
  0.00    0.000013           6         2           prlimit64
  0.00    0.000008           8         1           sched_getaffinity
  0.00    0.000006           6         1           set_tid_address
  0.00    0.000005           5         1           getrandom
  0.00    0.000000           0         1         1 faccessat
  0.00    0.000000           0         1           execve
------ ----------- ----------- --------- --------- ------------------
100.00  548.970502        2567    213832     45204 total",
2026-03-17T17:08:39,basic_ring,128.110.216.196,29000,55,2,0,30.079837272991426,5.91738e-06,basic_ring,basic_ring,55,5.86393,9.37937,106613.0,106584.0,107456.0,108062.0,105606.0,108764.0,OK,"NO shared receive
>>>>>>>> post recvs
connect request had data with it: 56 bytes
>>>>>>>> post recvs
[BasicServer] accepted client 2
NO shared receive
>>>>>>>> post recvs
connect request had data with it: 56 bytes
>>>>>>>> post recvs
[BasicServer] accepted client 2
NO shared receive
>>>>>>>> post recvs
connect request had data with it: 56 bytes
>>>>>>>> post recvs
[BasicServer] accepted client 2
NO shared receive
>>>>>>>> post recvs
connect request had data with it: 56 bytes
>>>>>>>> post recvs
[BasicServer] accepted client 2
NO shared receive
>>>>>>>> post recvs
connect request had data with it: 56 bytes
>>>>>>>> post recvs
[BasicServer] accepted client 3
NO shared receive
>>>>>>>> post recvs
connect request had data with it: 56 bytes
>>>>>>>> post recvs
[BasicServer] accepted client 3
NO shared receive
>>>>>>>> post recvs
connect request had data with it: 56 bytes
>>>>>>>> post recvs
[BasicServer] accepted client 3
NO shared receive
>>>>>>>> post recvs
connect request had data with it: 56 bytes
>>>>>>>> post recvs
[BasicServer] accepted client 3","E20260317 17:07:33.017063 433663 commitment.cpp:363] send back to proxy:1
E20260317 17:07:33.016353 433809 rdma_replica_communicator.cpp:75] [RDMA] send target id=3 ip=128.110.216.196 base_port=29003 rdma_port=29003 payload_bytes=53
E20260317 17:07:33.017419 433733 consensus_manager_pbft.cpp:208] recv impl type:7 sender id:1 seq:56 primary:1 is recovery:0
E20260317 17:07:33.017437 433758 message_manager.cpp:188]  seq:56 type:5 has been committed
E20260317 17:07:33.017729 433787 consensus_manager_pbft.cpp:208] recv impl type:5 sender id:4 seq:56 primary:1 is recovery:0
E20260317 17:07:33.017486 433747 rdma_replica_communicator.cpp:75] [RDMA] send target id=4 ip=128.110.216.196 base_port=29004 rdma_port=29004 payload_bytes=53
E20260317 17:07:33.017808 433673 lock_free_collector_pool.cpp:71]  update:312 seq:312 cap:256 update seq:56
E20260317 17:07:33.017910 433806 consensus_manager_pbft.cpp:208] recv impl type:5 sender id:2 seq:56 primary:1 is recovery:0
E20260317 17:07:33.017573 433663 rdma_replica_communicator.cpp:75] [RDMA] send target id=1 ip=128.110.216.196 base_port=29001 rdma_port=29001 payload_bytes=53
E20260317 17:07:33.017994 433695 lock_free_collector_pool.cpp:71]  update:312 seq:312 cap:256 update seq:56
E20260317 17:07:33.017778 433787 checkpoint_manager.cpp:530]  add commited state:56
E20260317 17:07:33.018085 433729 consensus_manager_pbft.cpp:208] recv impl type:7 sender id:2 seq:56 primary:1 is recovery:0
E20260317 17:07:33.018128 433729 response_manager.cpp:187]  receive request seq:56 type:7 local id:56
E20260317 17:07:33.018158 433729 response_manager.cpp:214]  get receive count:0 seq:56
E20260317 17:07:33.017920 433679 transaction_manager.cpp:91]  execute batch seq:55
E20260317 17:07:33.017974 433806 checkpoint_manager.cpp:530]  add commited state:56
E20260317 17:07:33.018267 433685 commitment.cpp:363] send back to proxy:1
E20260317 17:07:33.017666 433733 response_manager.cpp:187]  receive request seq:56 type:7 local id:56
E20260317 17:07:33.018045 433701 transaction_manager.cpp:91]  execute batch seq:55
E20260317 17:07:33.017544 433791 consensus_manager_pbft.cpp:208] recv impl type:5 sender id:2 seq:56 primary:1 is recovery:0
E20260317 17:07:33.017632 433809 rdma_replica_communicator.cpp:75] [RDMA] send target id=4 ip=128.110.216.196 base_port=29004 rdma_port=29004 payload_bytes=53
E20260317 17:07:33.018328 433685 rdma_replica_communicator.cpp:75] [RDMA] send target id=1 ip=128.110.216.196 base_port=29001 rdma_port=29001 payload_bytes=53
E20260317 17:07:33.018522 433809 consensus_manager_pbft.cpp:208] recv impl type:5 sender id:4 seq:56 primary:1 is recovery:0
E20260317 17:07:33.018564 433809 message_manager.cpp:188]  seq:56 type:5 has been committed
E20260317 17:07:33.018618 433721 consensus_manager_pbft.cpp:208] recv impl type:7 sender id:3 seq:56 primary:1 is recovery:0
E20260317 17:07:33.018656 433721 response_manager.cpp:187]  receive request seq:56 type:7 local id:56
E20260317 17:07:33.018446 433791 message_manager.cpp:188]  seq:56 type:5 has been committed
E20260317 17:07:33.018455 433707 commitment.cpp:363] send back to proxy:1
E20260317 17:07:33.018370 433733 response_manager.cpp:214]  get receive count:1 seq:56
E20260317 17:07:33.018813 433707 rdma_replica_communicator.cpp:75] [RDMA] send target id=1 ip=128.110.216.196 base_port=29001 rdma_port=29001 payload_bytes=53
E20260317 17:07:33.018843 433733 lock_free_collector_pool.cpp:71]  update:312 seq:312 cap:256 update seq:56
E20260317 17:07:33.018925 433733 response_manager.cpp:227] SendResponseToClient local_id:56 seq:56 proxy_id:1
E20260317 17:07:33.018954 433733 lock_free_collector_pool.cpp:71]  update:312 seq:312 cap:256 update seq:56
E20260317 17:07:33.018962 433730 consensus_manager_pbft.cpp:208] recv impl type:7 sender id:4 seq:56 primary:1 is recovery:0
E20260317 17:07:33.019028 433730 response_manager.cpp:187]  receive request seq:56 type:7 local id:56
E20260317 17:07:33.019073 433733 response_manager.cpp:259] response sent to client local_id:56 seq:56
E20260317 17:07:33.019080 433627 consensus_server.cpp:223] Selftest completed request i=54 ret=0 value=light_value
E20260317 17:07:34.195230 433627 consensus_server.cpp:291] Self-test passed mode=basic_ring (GET verified, last_value=light_value)
E20260317 17:07:34.195389 433627 consensus_server.cpp:294] RESULT mode=basic_ring num_requests=55 total_time_s=5.86393 throughput_rps=9.37937 avg_us=106613 p50_us=106584 p95_us=107456 p99_us=108062 min_us=105606 max_us=108764 status=OK
E20260317 17:07:34.320310 433628 stats.cpp:474]   req client latency:5.63843e-06","E20260317 17:08:13.607657 433902 rdma_replica_communicator.cpp:75] [RDMA] send target id=1 ip=128.110.216.196 base_port=29001 rdma_port=29001 payload_bytes=53
E20260317 17:08:13.611399 433952 consensus_manager_pbft.cpp:208] recv impl type:7 sender id:2 seq:55 primary:1 is recovery:0
E20260317 17:08:13.614964 433951 consensus_manager_pbft.cpp:208] recv impl type:7 sender id:1 seq:55 primary:1 is recovery:0
E20260317 17:08:13.615427 434025 message_manager.cpp:204]  add request fail
E20260317 17:08:13.619480 433924 rdma_replica_communicator.cpp:75] [RDMA] send target id=1 ip=128.110.216.196 base_port=29001 rdma_port=29001 payload_bytes=53
E20260317 17:08:13.622725 433950 consensus_manager_pbft.cpp:208] recv impl type:7 sender id:3 seq:55 primary:1 is recovery:0
E20260317 17:08:13.623109 433952 response_manager.cpp:187]  receive request seq:55 type:7 local id:55
E20260317 17:08:13.624017 433951 response_manager.cpp:187]  receive request seq:55 type:7 local id:55
E20260317 17:08:13.628001 433949 consensus_manager_pbft.cpp:208] recv impl type:7 sender id:4 seq:55 primary:1 is recovery:0
E20260317 17:08:13.628427 433950 response_manager.cpp:187]  receive request seq:55 type:7 local id:55
E20260317 17:08:13.629179 433952 response_manager.cpp:214]  get receive count:0 seq:55
E20260317 17:08:13.630043 433951 response_manager.cpp:214]  get receive count:1 seq:55
E20260317 17:08:13.630964 433949 response_manager.cpp:187]  receive request seq:55 type:7 local id:55
E20260317 17:08:13.633486 433951 lock_free_collector_pool.cpp:71]  update:311 seq:311 cap:256 update seq:55
E20260317 17:08:13.635116 433951 response_manager.cpp:227] SendResponseToClient local_id:55 seq:55 proxy_id:1
E20260317 17:08:13.636282 433951 lock_free_collector_pool.cpp:71]  update:311 seq:311 cap:256 update seq:55
E20260317 17:08:13.637499 433844 consensus_server.cpp:223] Selftest completed request i=53 ret=0 value=light_value
E20260317 17:08:13.637656 433951 response_manager.cpp:259] response sent to client local_id:55 seq:55
E20260317 17:08:13.638453 433844 consensus_server.cpp:221] Selftest sending request i=54
E20260317 17:08:13.644755 433952 consensus_manager_pbft.cpp:208] recv impl type:2 sender id:0 seq:0 primary:1 is recovery:0
E20260317 17:08:13.746032 433860 response_manager.cpp:327] add context list:0 list size:1 local_id:56
E20260317 17:08:13.746860 433860 rdma_replica_communicator.cpp:75] [RDMA] send target id=1 ip=128.110.216.196 base_port=29001 rdma_port=29001 payload_bytes=82
E20260317 17:08:13.750437 433952 consensus_manager_pbft.cpp:208] recv impl type:14 sender id:1 seq:0 primary:1 is recovery:0
E20260317 17:08:13.751250 433952 rdma_replica_communicator.cpp:75] [RDMA] send target id=1 ip=128.110.216.196 base_port=29001 rdma_port=29001 payload_bytes=89
E20260317 17:08:13.752024 433952 rdma_replica_communicator.cpp:75] [RDMA] send target id=2 ip=128.110.216.196 base_port=29002 rdma_port=29002 payload_bytes=89
E20260317 17:08:13.754630 433951 consensus_manager_pbft.cpp:208] recv impl type:3 sender id:1 seq:56 primary:1 is recovery:0
E20260317 17:08:13.755136 433952 rdma_replica_communicator.cpp:75] [RDMA] send target id=3 ip=128.110.216.196 base_port=29003 rdma_port=29003 payload_bytes=89
E20260317 17:08:13.757769 433977 consensus_manager_pbft.cpp:208] recv impl type:3 sender id:1 seq:56 primary:1 is recovery:0
E20260317 17:08:13.758189 433951 rdma_replica_communicator.cpp:75] [RDMA] send target id=1 ip=128.110.216.196 base_port=29001 rdma_port=29001 payload_bytes=51
E20260317 17:08:13.758975 433952 rdma_replica_communicator.cpp:75] [RDMA] send target id=4 ip=128.110.216.196 base_port=29004 rdma_port=29004 payload_bytes=89
E20260317 17:08:13.761525 434002 consensus_manager_pbft.cpp:208] recv impl type:3 sender id:1 seq:56 primary:1 is recovery:0
E20260317 17:08:13.762017 433977 rdma_replica_communicator.cpp:75] [RDMA] send target id=1 ip=128.110.216.196 base_port=29001 rdma_port=29001 payload_bytes=51
E20260317 17:08:13.762817 433951 rdma_replica_communicator.cpp:75] [RDMA] send target id=2 ip=128.110.216.196 base_port=29002 rdma_port=29002 payload_bytes=51
E20260317 17:08:13.765499 433950 consensus_manager_pbft.cpp:208] recv impl type:4 sender id:1 seq:56 primary:1 is recovery:0
E20260317 17:08:13.768476 434026 consensus_manager_pbft.cpp:208] recv impl type:3 sender id:1 seq:56 primary:1 is recovery:0
E20260317 17:08:13.768836 434002 rdma_replica_communicator.cpp:75] [RDMA] send target id=1 ip=128.110.216.196 base_port=29001 rdma_port=29001 payload_bytes=51
E20260317 17:08:13.769613 433977 rdma_replica_communicator.cpp:75] [RDMA] send target id=2 ip=128.110.216.196 base_port=29002 rdma_port=29002 payload_bytes=51
E20260317 17:08:13.772341 433952 consensus_manager_pbft.cpp:208] recv impl type:4 sender id:2 seq:56 primary:1 is recovery:0
E20260317 17:08:13.772758 433951 rdma_replica_communicator.cpp:75] [RDMA] send target id=3 ip=128.110.216.196 base_port=29003 rdma_port=29003 payload_bytes=51
E20260317 17:08:13.775439 433976 consensus_manager_pbft.cpp:208] recv impl type:4 sender id:1 seq:56 primary:1 is recovery:0
E20260317 17:08:13.776667 434026 rdma_replica_communicator.cpp:75] [RDMA] send target id=1 ip=128.110.216.196 base_port=29001 rdma_port=29001 payload_bytes=51
E20260317 17:08:13.777506 434002 rdma_replica_communicator.cpp:75] [RDMA] send target id=2 ip=128.110.216.196 base_port=29002 rdma_port=29002 payload_bytes=51
E20260317 17:08:13.780305 433950 consensus_manager_pbft.cpp:208] recv impl type:4 sender id:3 seq:56 primary:1 is recovery:0
E20260317 17:08:13.780784 433977 rdma_replica_communicator.cpp:75] [RDMA] send target id=3 ip=128.110.216.196 base_port=29003 rdma_port=29003 payload_bytes=51
E20260317 17:08:13.783083 433975 consensus_manager_pbft.cpp:208] recv impl type:4 sender id:2 seq:56 primary:1 is recovery:0
E20260317 17:08:13.784302 433951 rdma_replica_communicator.cpp:75] [RDMA] send target id=4 ip=128.110.216.196 base_port=29004 rdma_port=29004 payload_bytes=51
E20260317 17:08:13.786641 434001 consensus_manager_pbft.cpp:208] recv impl type:4 sender id:1 seq:56 primary:1 is recovery:0
E20260317 17:08:13.787832 434026 rdma_replica_communicator.cpp:75] [RDMA] send target id=2 ip=128.110.216.196 base_port=29002 rdma_port=29002 payload_bytes=51
E20260317 17:08:13.790416 433952 consensus_manager_pbft.cpp:208] recv impl type:4 sender id:4 seq:56 primary:1 is recovery:0
E20260317 17:08:13.790777 434002 rdma_replica_communicator.cpp:75] [RDMA] send target id=3 ip=128.110.216.196 base_port=29003 rdma_port=29003 payload_bytes=51
E20260317 17:08:13.793108 433976 consensus_manager_pbft.cpp:208] recv impl type:4 sender id:3 seq:56 primary:1 is recovery:0
E20260317 17:08:13.793574 433950 checkpoint_manager.cpp:495] get high prepared seq:55
E20260317 17:08:13.794473 433977 rdma_replica_communicator.cpp:75] [RDMA] send target id=4 ip=128.110.216.196 base_port=29004 rdma_port=29004 payload_bytes=51
E20260317 17:08:13.796706 434000 consensus_manager_pbft.cpp:208] recv impl type:4 sender id:2 seq:56 primary:1 is recovery:0
E20260317 17:08:13.800618 434025 consensus_manager_pbft.cpp:208] recv impl type:4 sender id:1 seq:56 primary:1 is recovery:0
E20260317 17:08:13.801822 434026 rdma_replica_communicator.cpp:75] [RDMA] send target id=3 ip=128.110.216.196 base_port=29003 rdma_port=29003 payload_bytes=51
E20260317 17:08:13.804446 433975 consensus_manager_pbft.cpp:208] recv impl type:4 sender id:4 seq:56 primary:1 is recovery:0
E20260317 17:08:13.805769 434002 rdma_replica_communicator.cpp:75] [RDMA] send target id=4 ip=128.110.216.196 base_port=29004 rdma_port=29004 payload_bytes=51
E20260317 17:08:13.808142 434001 consensus_manager_pbft.cpp:208] recv impl type:4 sender id:3 seq:56 primary:1 is recovery:0
E20260317 17:08:13.808549 433976 checkpoint_manager.cpp:495] get high prepared seq:55
E20260317 17:08:13.809571 433950 checkpoint_manager.cpp:500] set high prepared seq:56
E20260317 17:08:13.812568 434024 consensus_manager_pbft.cpp:208] recv impl type:4 sender id:2 seq:56 primary:1 is recovery:0
E20260317 17:08:13.813014 434000 checkpoint_manager.cpp:495] get high prepared seq:55
E20260317 17:08:13.814531 434026 rdma_replica_communicator.cpp:75] [RDMA] send target id=4 ip=128.110.216.196 base_port=29004 rdma_port=29004 payload_bytes=51
E20260317 17:08:13.816880 433999 consensus_manager_pbft.cpp:208] recv impl type:4 sender id:4 seq:56 primary:1 is recovery:0
E20260317 17:08:13.820276 434025 consensus_manager_pbft.cpp:208] recv impl type:4 sender id:3 seq:56 primary:1 is recovery:0
E20260317 17:08:13.821635 433976 checkpoint_manager.cpp:500] set high prepared seq:56
E20260317 17:08:13.822431 433950 rdma_replica_communicator.cpp:75] [RDMA] send target id=1 ip=128.110.216.196 base_port=29001 rdma_port=29001 payload_bytes=53
E20260317 17:08:13.823204 434024 checkpoint_manager.cpp:495] get high prepared seq:55
E20260317 17:08:13.824169 434000 checkpoint_manager.cpp:500] set high prepared seq:56
E20260317 17:08:13.825320 434026 consensus_manager_pbft.cpp:208] recv impl type:4 sender id:4 seq:56 primary:1 is recovery:0
E20260317 17:08:13.828999 433976 rdma_replica_communicator.cpp:75] [RDMA] send target id=1 ip=128.110.216.196 base_port=29001 rdma_port=29001 payload_bytes=53
E20260317 17:08:13.829849 433950 rdma_replica_communicator.cpp:75] [RDMA] send target id=2 ip=128.110.216.196 base_port=29002 rdma_port=29002 payload_bytes=53
E20260317 17:08:13.832643 433952 consensus_manager_pbft.cpp:208] recv impl type:5 sender id:1 seq:56 primary:1 is recovery:0
E20260317 17:08:13.833173 434024 checkpoint_manager.cpp:500] set high prepared seq:56
E20260317 17:08:13.833983 434000 rdma_replica_communicator.cpp:75] [RDMA] send target id=1 ip=128.110.216.196 base_port=29001 rdma_port=29001 payload_bytes=53
E20260317 17:08:13.835587 433976 rdma_replica_communicator.cpp:75] [RDMA] send target id=2 ip=128.110.216.196 base_port=29002 rdma_port=29002 payload_bytes=53
E20260317 17:08:13.838167 433951 consensus_manager_pbft.cpp:208] recv impl type:5 sender id:2 seq:56 primary:1 is recovery:0
E20260317 17:08:13.838586 433950 rdma_replica_communicator.cpp:75] [RDMA] send target id=3 ip=128.110.216.196 base_port=29003 rdma_port=29003 payload_bytes=53
E20260317 17:08:13.841094 433977 consensus_manager_pbft.cpp:208] recv impl type:5 sender id:1 seq:56 primary:1 is recovery:0
E20260317 17:08:13.842695 434024 rdma_replica_communicator.cpp:75] [RDMA] send target id=1 ip=128.110.216.196 base_port=29001 rdma_port=29001 payload_bytes=53
E20260317 17:08:13.843472 434000 rdma_replica_communicator.cpp:75] [RDMA] send target id=2 ip=128.110.216.196 base_port=29002 rdma_port=29002 payload_bytes=53
E20260317 17:08:13.846176 433952 consensus_manager_pbft.cpp:208] recv impl type:5 sender id:3 seq:56 primary:1 is recovery:0
E20260317 17:08:13.846709 433976 rdma_replica_communicator.cpp:75] [RDMA] send target id=3 ip=128.110.216.196 base_port=29003 rdma_port=29003 payload_bytes=53
E20260317 17:08:13.849103 433975 consensus_manager_pbft.cpp:208] recv impl type:5 sender id:2 seq:56 primary:1 is recovery:0
E20260317 17:08:13.850353 433950 rdma_replica_communicator.cpp:75] [RDMA] send target id=4 ip=128.110.216.196 base_port=29004 rdma_port=29004 payload_bytes=53
E20260317 17:08:13.852789 434002 consensus_manager_pbft.cpp:208] recv impl type:5 sender id:1 seq:56 primary:1 is recovery:0
E20260317 17:08:13.854058 434024 rdma_replica_communicator.cpp:75] [RDMA] send target id=2 ip=128.110.216.196 base_port=29002 rdma_port=29002 payload_bytes=53
E20260317 17:08:13.856539 433951 consensus_manager_pbft.cpp:208] recv impl type:5 sender id:4 seq:56 primary:1 is recovery:0
E20260317 17:08:13.856992 434000 rdma_replica_communicator.cpp:75] [RDMA] send target id=3 ip=128.110.216.196 base_port=29003 rdma_port=29003 payload_bytes=53
E20260317 17:08:13.859331 433977 consensus_manager_pbft.cpp:208] recv impl type:5 sender id:3 seq:56 primary:1 is recovery:0
E20260317 17:08:13.859874 433952 checkpoint_manager.cpp:530]  add commited state:56
E20260317 17:08:13.875837 433878 transaction_manager.cpp:91]  execute batch seq:55
E20260317 17:08:13.860952 433976 rdma_replica_communicator.cpp:75] [RDMA] send target id=4 ip=128.110.216.196 base_port=29004 rdma_port=29004 payload_bytes=53
E20260317 17:08:13.860947 433852 transaction_manager.cpp:91]  execute batch seq:55
E20260317 17:08:13.863375 434001 consensus_manager_pbft.cpp:208] recv impl type:5 sender id:2 seq:56 primary:1 is recovery:0
E20260317 17:08:13.867012 434026 consensus_manager_pbft.cpp:208] recv impl type:5 sender id:1 seq:56 primary:1 is recovery:0
E20260317 17:08:13.868137 434024 rdma_replica_communicator.cpp:75] [RDMA] send target id=3 ip=128.110.216.196 base_port=29003 rdma_port=29003 payload_bytes=53
E20260317 17:08:13.870471 433975 consensus_manager_pbft.cpp:208] recv impl type:5 sender id:4 seq:56 primary:1 is recovery:0
E20260317 17:08:13.870908 433951 message_manager.cpp:204]  add request fail
E20260317 17:08:13.871874 434000 rdma_replica_communicator.cpp:75] [RDMA] send target id=4 ip=128.110.216.196 base_port=29004 rdma_port=29004 payload_bytes=53
E20260317 17:08:13.874171 434002 consensus_manager_pbft.cpp:208] recv impl type:5 sender id:3 seq:56 primary:1 is recovery:0
E20260317 17:08:13.874771 433977 checkpoint_manager.cpp:530]  add commited state:56
E20260317 17:08:13.890838 433900 transaction_manager.cpp:91]  execute batch seq:55
E20260317 17:08:13.875640 433868 lock_free_collector_pool.cpp:71]  update:312 seq:312 cap:256 update seq:56
E20260317 17:08:13.877548 433880 commitment.cpp:363] send back to proxy:1
E20260317 17:08:13.880249 434025 consensus_manager_pbft.cpp:208] recv impl type:5 sender id:2 seq:56 primary:1 is recovery:0
E20260317 17:08:13.881165 433858 commitment.cpp:363] send back to proxy:1
E20260317 17:08:13.883240 434024 rdma_replica_communicator.cpp:75] [RDMA] send target id=4 ip=128.110.216.196 base_port=29004 rdma_port=29004 payload_bytes=53
E20260317 17:08:13.885507 434001 consensus_manager_pbft.cpp:208] recv impl type:5 sender id:4 seq:56 primary:1 is recovery:0
E20260317 17:08:13.885926 433975 message_manager.cpp:204]  add request fail
E20260317 17:08:13.889541 434026 consensus_manager_pbft.cpp:208] recv impl type:5 sender id:3 seq:56 primary:1 is recovery:0
E20260317 17:08:13.890154 434002 checkpoint_manager.cpp:530]  add commited state:56
E20260317 17:08:13.901763 433921 transaction_manager.cpp:91]  execute batch seq:55
E20260317 17:08:13.860383 433846 lock_free_collector_pool.cpp:71]  update:312 seq:312 cap:256 update seq:56
E20260317 17:08:13.892436 433902 commitment.cpp:363] send back to proxy:1
E20260317 17:08:13.893815 433880 rdma_replica_communicator.cpp:75] [RDMA] send target id=1 ip=128.110.216.196 base_port=29001 rdma_port=29001 payload_bytes=53
E20260317 17:08:13.895473 433858 rdma_replica_communicator.cpp:75] [RDMA] send target id=1 ip=128.110.216.196 base_port=29001 rdma_port=29001 payload_bytes=53
E20260317 17:08:13.898433 434025 consensus_manager_pbft.cpp:208] recv impl type:5 sender id:4 seq:56 primary:1 is recovery:0
E20260317 17:08:13.899055 434001 message_manager.cpp:204]  add request fail
E20260317 17:08:13.900935 434026 checkpoint_manager.cpp:530]  add commited state:56
E20260317 17:08:13.901449 433912 lock_free_collector_pool.cpp:71]  update:312 seq:312 cap:256 update seq:56
E20260317 17:08:13.890651 433890 lock_free_collector_pool.cpp:71]  update:312 seq:312 cap:256 update seq:56
E20260317 17:08:13.903414 433924 commitment.cpp:363] send back to proxy:1
E20260317 17:08:13.904781 433902 rdma_replica_communicator.cpp:75] [RDMA] send target id=1 ip=128.110.216.196 base_port=29001 rdma_port=29001 payload_bytes=53
E20260317 17:08:13.908453 433952 consensus_manager_pbft.cpp:208] recv impl type:7 sender id:2 seq:56 primary:1 is recovery:0
E20260317 17:08:13.911450 433951 consensus_manager_pbft.cpp:208] recv impl type:7 sender id:1 seq:56 primary:1 is recovery:0
E20260317 17:08:13.911837 434025 message_manager.cpp:204]  add request fail
E20260317 17:08:13.916023 433924 rdma_replica_communicator.cpp:75] [RDMA] send target id=1 ip=128.110.216.196 base_port=29001 rdma_port=29001 payload_bytes=53
E20260317 17:08:13.919456 433950 consensus_manager_pbft.cpp:208] recv impl type:7 sender id:3 seq:56 primary:1 is recovery:0
E20260317 17:08:13.919850 433952 response_manager.cpp:187]  receive request seq:56 type:7 local id:56
E20260317 17:08:13.920768 433951 response_manager.cpp:187]  receive request seq:56 type:7 local id:56
E20260317 17:08:13.924793 433949 consensus_manager_pbft.cpp:208] recv impl type:7 sender id:4 seq:56 primary:1 is recovery:0
E20260317 17:08:13.925334 433950 response_manager.cpp:187]  receive request seq:56 type:7 local id:56
E20260317 17:08:13.926172 433952 response_manager.cpp:214]  get receive count:0 seq:56
E20260317 17:08:13.927078 433951 response_manager.cpp:214]  get receive count:1 seq:56
E20260317 17:08:13.927912 433949 response_manager.cpp:187]  receive request seq:56 type:7 local id:56
E20260317 17:08:13.930500 433951 lock_free_collector_pool.cpp:71]  update:312 seq:312 cap:256 update seq:56
E20260317 17:08:13.932241 433951 response_manager.cpp:227] SendResponseToClient local_id:56 seq:56 proxy_id:1
E20260317 17:08:13.933145 433951 lock_free_collector_pool.cpp:71]  update:312 seq:312 cap:256 update seq:56
E20260317 17:08:13.934417 433844 consensus_server.cpp:223] Selftest completed request i=54 ret=0 value=light_value
E20260317 17:08:13.934576 433951 response_manager.cpp:259] response sent to client local_id:56 seq:56
E20260317 17:08:14.438642 433845 stats.cpp:474]   req client latency:0.000187483
E20260317 17:08:14.937860 433844 consensus_server.cpp:291] Self-test passed mode=basic_ring (GET verified, last_value=light_value)
E20260317 17:08:14.938335 433844 consensus_server.cpp:294] RESULT mode=basic_ring num_requests=55 total_time_s=16.3117 throughput_rps=3.37182 avg_us=296572 p50_us=296097 p95_us=299568 p99_us=301057 min_us=293778 max_us=306514 status=OK
% time     seconds  usecs/call     calls    errors syscall
------ ----------- ----------- --------- --------- ------------------
 89.37  492.186214        3316    148409     45026 futex
  3.08   16.942866        2441      6940           clock_nanosleep
  2.30   12.663172     1582896         8           epoll_pwait
  2.24   12.316091       15689       785           ppoll
  2.17   11.975024      101483       118        62 accept
  0.51    2.802997       12513       224           recvfrom
  0.14    0.773503          35     21690         4 write
  0.10    0.544994          25     21006           getpid
  0.08    0.416429          44      9430           gettid
  0.00    0.020271          20      1000           mprotect
  0.00    0.015031         263        57         1 connect
  0.00    0.014961          33       448         1 ioctl
  0.00    0.013415          17       751           rt_sigprocmask
  0.00    0.012511          67       185           clone
  0.00    0.008785          37       232           sendto
  0.00    0.008397          44       187           close
  0.00    0.007561          40       186           madvise
  0.00    0.005981          14       425           mmap
  0.00    0.005532          19       287           munmap
  0.00    0.004149          10       408           brk
  0.00    0.003017          16       186           rseq
  0.00    0.002841          15       186           set_robust_list
  0.00    0.000800          11        69         2 openat
  0.00    0.000479         479         1           execve
  0.00    0.000467           5        88         1 newfstatat
  0.00    0.000298           5        56           read
  0.00    0.000290           4        72           socket
  0.00    0.000285          10        28           recvmsg
  0.00    0.000236           3        75           setsockopt
  0.00    0.000132           9        14           bind
  0.00    0.000080           5        16           epoll_ctl
  0.00    0.000064           8         8           listen
  0.00    0.000037           2        15           rt_sigaction
  0.00    0.000031           7         4           eventfd2
  0.00    0.000021          21         1         1 faccessat
  0.00    0.000020           3         6           getsockname
  0.00    0.000017           4         4           epoll_create1
  0.00    0.000017          17         1           sched_getaffinity
  0.00    0.000016           4         4           timerfd_create
  0.00    0.000007           3         2           getdents64
  0.00    0.000006           6         1           set_tid_address
  0.00    0.000006           3         2           getuid
  0.00    0.000006           2         3           geteuid
  0.00    0.000000           0         6           fcntl
  0.00    0.000000           0         3         3 unlinkat
  0.00    0.000000           0         3         3 symlinkat
  0.00    0.000000           0         4           lseek
  0.00    0.000000           0         4           uname
  0.00    0.000000           0         3           sendmsg
  0.00    0.000000           0         2           prlimit64
  0.00    0.000000           0         1           getrandom
------ ----------- ----------- --------- --------- ------------------
100.00  550.747057        2577    213644     45104 total",
2026-03-17T17:09:54,basic_ring,128.110.216.196,29000,55,3,0,30.079189582029358,5.81014e-06,basic_ring,basic_ring,55,5.86923,9.37091,106710.0,106607.0,107479.0,108040.0,105569.0,109511.0,OK,"NO shared receive
>>>>>>>> post recvs
connect request had data with it: 56 bytes
>>>>>>>> post recvs
[BasicServer] accepted client 2
NO shared receive
>>>>>>>> post recvs
connect request had data with it: 56 bytes
>>>>>>>> post recvs
[BasicServer] accepted client 2
NO shared receive
>>>>>>>> post recvs
connect request had data with it: 56 bytes
>>>>>>>> post recvs
[BasicServer] accepted client 2
NO shared receive
>>>>>>>> post recvs
connect request had data with it: 56 bytes
>>>>>>>> post recvs
[BasicServer] accepted client 2
NO shared receive
>>>>>>>> post recvs
connect request had data with it: 56 bytes
>>>>>>>> post recvs
[BasicServer] accepted client 3
NO shared receive
>>>>>>>> post recvs
connect request had data with it: 56 bytes
>>>>>>>> post recvs
[BasicServer] accepted client 3
NO shared receive
>>>>>>>> post recvs
connect request had data with it: 56 bytes
>>>>>>>> post recvs
[BasicServer] accepted client 3
NO shared receive
>>>>>>>> post recvs
connect request had data with it: 56 bytes
>>>>>>>> post recvs
[BasicServer] accepted client 3","E20260317 17:08:48.232362 434200 checkpoint_manager.cpp:530]  add commited state:56
E20260317 17:08:48.232563 434049 transaction_manager.cpp:91]  execute batch seq:55
E20260317 17:08:48.232395 434084 lock_free_collector_pool.cpp:71]  update:312 seq:312 cap:256 update seq:56
E20260317 17:08:48.232650 434052 commitment.cpp:363] send back to proxy:1
E20260317 17:08:48.232496 434134 checkpoint_manager.cpp:530]  add commited state:56
E20260317 17:08:48.232525 434040 lock_free_collector_pool.cpp:71]  update:312 seq:312 cap:256 update seq:56
E20260317 17:08:48.232539 434228 consensus_manager_pbft.cpp:208] recv impl type:5 sender id:3 seq:56 primary:1 is recovery:0
E20260317 17:08:48.232240 434165 consensus_manager_pbft.cpp:208] recv impl type:5 sender id:3 seq:56 primary:1 is recovery:0
E20260317 17:08:48.232430 434087 transaction_manager.cpp:91]  execute batch seq:55
E20260317 17:08:48.232709 434052 rdma_replica_communicator.cpp:75] [RDMA] send target id=1 ip=128.110.216.196 base_port=29001 rdma_port=29001 payload_bytes=53
E20260317 17:08:48.232944 434096 commitment.cpp:363] send back to proxy:1
E20260317 17:08:48.232848 434106 lock_free_collector_pool.cpp:71]  update:312 seq:312 cap:256 update seq:56
E20260317 17:08:48.232882 434165 checkpoint_manager.cpp:530]  add commited state:56
E20260317 17:08:48.232882 434111 transaction_manager.cpp:91]  execute batch seq:55
E20260317 17:08:48.232916 434062 lock_free_collector_pool.cpp:71]  update:312 seq:312 cap:256 update seq:56
E20260317 17:08:48.233144 434118 commitment.cpp:363] send back to proxy:1
E20260317 17:08:48.232832 434228 checkpoint_manager.cpp:530]  add commited state:56
E20260317 17:08:48.232991 434096 rdma_replica_communicator.cpp:75] [RDMA] send target id=1 ip=128.110.216.196 base_port=29001 rdma_port=29001 payload_bytes=53
E20260317 17:08:48.233031 434131 consensus_manager_pbft.cpp:208] recv impl type:7 sender id:1 seq:56 primary:1 is recovery:0
E20260317 17:08:48.233330 434131 response_manager.cpp:187]  receive request seq:56 type:7 local id:56
E20260317 17:08:48.233196 434118 rdma_replica_communicator.cpp:75] [RDMA] send target id=1 ip=128.110.216.196 base_port=29001 rdma_port=29001 payload_bytes=53
E20260317 17:08:48.233345 434136 consensus_manager_pbft.cpp:208] recv impl type:7 sender id:3 seq:56 primary:1 is recovery:0
E20260317 17:08:48.233466 434136 response_manager.cpp:187]  receive request seq:56 type:7 local id:56
E20260317 17:08:48.232954 434069 transaction_manager.cpp:91]  execute batch seq:55
E20260317 17:08:48.233490 434139 consensus_manager_pbft.cpp:208] recv impl type:7 sender id:4 seq:56 primary:1 is recovery:0
E20260317 17:08:48.233585 434074 commitment.cpp:363] send back to proxy:1
E20260317 17:08:48.233377 434131 response_manager.cpp:214]  get receive count:0 seq:56
E20260317 17:08:48.233520 434136 response_manager.cpp:214]  get receive count:1 seq:56
E20260317 17:08:48.233594 434139 response_manager.cpp:187]  receive request seq:56 type:7 local id:56
E20260317 17:08:48.233645 434074 rdma_replica_communicator.cpp:75] [RDMA] send target id=1 ip=128.110.216.196 base_port=29001 rdma_port=29001 payload_bytes=53
E20260317 17:08:48.233731 434136 lock_free_collector_pool.cpp:71]  update:312 seq:312 cap:256 update seq:56
E20260317 17:08:48.233848 434136 response_manager.cpp:227] SendResponseToClient local_id:56 seq:56 proxy_id:1
E20260317 17:08:48.233881 434136 lock_free_collector_pool.cpp:71]  update:312 seq:312 cap:256 update seq:56
E20260317 17:08:48.233881 434144 consensus_manager_pbft.cpp:208] recv impl type:7 sender id:2 seq:56 primary:1 is recovery:0
E20260317 17:08:48.233978 434144 response_manager.cpp:187]  receive request seq:56 type:7 local id:56
E20260317 17:08:48.234028 434136 response_manager.cpp:259] response sent to client local_id:56 seq:56
E20260317 17:08:48.234028 434038 consensus_server.cpp:223] Selftest completed request i=54 ret=0 value=light_value
E20260317 17:08:49.395242 434038 consensus_server.cpp:291] Self-test passed mode=basic_ring (GET verified, last_value=light_value)
E20260317 17:08:49.395507 434038 consensus_server.cpp:294] RESULT mode=basic_ring num_requests=55 total_time_s=5.86923 throughput_rps=9.37091 avg_us=106710 p50_us=106607 p95_us=107479 p99_us=108040 min_us=105569 max_us=109511 status=OK
E20260317 17:08:49.530833 434039 stats.cpp:474]   req client latency:5.82129e-06","E20260317 17:09:28.913724 434328 commitment.cpp:363] send back to proxy:1
E20260317 17:09:28.914256 434429 message_manager.cpp:188]  seq:55 type:5 has been committed
E20260317 17:09:28.915151 434284 rdma_replica_communicator.cpp:75] [RDMA] send target id=1 ip=128.110.216.196 base_port=29001 rdma_port=29001 payload_bytes=53
E20260317 17:09:28.918990 434355 consensus_manager_pbft.cpp:208] recv impl type:7 sender id:3 seq:55 primary:1 is recovery:0
E20260317 17:09:28.919463 434356 response_manager.cpp:187]  receive request seq:55 type:7 local id:55
E20260317 17:09:28.921139 434328 rdma_replica_communicator.cpp:75] [RDMA] send target id=1 ip=128.110.216.196 base_port=29001 rdma_port=29001 payload_bytes=53
E20260317 17:09:28.925340 434354 consensus_manager_pbft.cpp:208] recv impl type:7 sender id:2 seq:55 primary:1 is recovery:0
E20260317 17:09:28.925904 434355 response_manager.cpp:187]  receive request seq:55 type:7 local id:55
E20260317 17:09:28.926834 434356 response_manager.cpp:214]  get receive count:0 seq:55
E20260317 17:09:28.930176 434353 consensus_manager_pbft.cpp:208] recv impl type:7 sender id:4 seq:55 primary:1 is recovery:0
E20260317 17:09:28.930603 434354 response_manager.cpp:187]  receive request seq:55 type:7 local id:55
E20260317 17:09:28.931340 434355 response_manager.cpp:214]  get receive count:1 seq:55
E20260317 17:09:28.933038 434353 response_manager.cpp:187]  receive request seq:55 type:7 local id:55
E20260317 17:09:28.934640 434355 lock_free_collector_pool.cpp:71]  update:311 seq:311 cap:256 update seq:55
E20260317 17:09:28.936316 434355 response_manager.cpp:227] SendResponseToClient local_id:55 seq:55 proxy_id:1
E20260317 17:09:28.937054 434355 lock_free_collector_pool.cpp:71]  update:311 seq:311 cap:256 update seq:55
E20260317 17:09:28.938334 434248 consensus_server.cpp:223] Selftest completed request i=53 ret=0 value=light_value
E20260317 17:09:28.938472 434355 response_manager.cpp:259] response sent to client local_id:55 seq:55
E20260317 17:09:28.939262 434248 consensus_server.cpp:221] Selftest sending request i=54
E20260317 17:09:28.945525 434356 consensus_manager_pbft.cpp:208] recv impl type:2 sender id:0 seq:0 primary:1 is recovery:0
E20260317 17:09:29.046860 434264 response_manager.cpp:327] add context list:0 list size:1 local_id:56
E20260317 17:09:29.047679 434264 rdma_replica_communicator.cpp:75] [RDMA] send target id=1 ip=128.110.216.196 base_port=29001 rdma_port=29001 payload_bytes=82
E20260317 17:09:29.051311 434356 consensus_manager_pbft.cpp:208] recv impl type:14 sender id:1 seq:0 primary:1 is recovery:0
E20260317 17:09:29.052170 434356 rdma_replica_communicator.cpp:75] [RDMA] send target id=1 ip=128.110.216.196 base_port=29001 rdma_port=29001 payload_bytes=89
E20260317 17:09:29.052960 434356 rdma_replica_communicator.cpp:75] [RDMA] send target id=2 ip=128.110.216.196 base_port=29002 rdma_port=29002 payload_bytes=89
E20260317 17:09:29.055542 434355 consensus_manager_pbft.cpp:208] recv impl type:3 sender id:1 seq:56 primary:1 is recovery:0
E20260317 17:09:29.056041 434356 rdma_replica_communicator.cpp:75] [RDMA] send target id=3 ip=128.110.216.196 base_port=29003 rdma_port=29003 payload_bytes=89
E20260317 17:09:29.058665 434382 consensus_manager_pbft.cpp:208] recv impl type:3 sender id:1 seq:56 primary:1 is recovery:0
E20260317 17:09:29.059088 434355 rdma_replica_communicator.cpp:75] [RDMA] send target id=1 ip=128.110.216.196 base_port=29001 rdma_port=29001 payload_bytes=51
E20260317 17:09:29.059851 434356 rdma_replica_communicator.cpp:75] [RDMA] send target id=4 ip=128.110.216.196 base_port=29004 rdma_port=29004 payload_bytes=89
E20260317 17:09:29.062295 434406 consensus_manager_pbft.cpp:208] recv impl type:3 sender id:1 seq:56 primary:1 is recovery:0
E20260317 17:09:29.062702 434382 rdma_replica_communicator.cpp:75] [RDMA] send target id=1 ip=128.110.216.196 base_port=29001 rdma_port=29001 payload_bytes=51
E20260317 17:09:29.063509 434355 rdma_replica_communicator.cpp:75] [RDMA] send target id=2 ip=128.110.216.196 base_port=29002 rdma_port=29002 payload_bytes=51
E20260317 17:09:29.066155 434354 consensus_manager_pbft.cpp:208] recv impl type:4 sender id:1 seq:56 primary:1 is recovery:0
E20260317 17:09:29.069053 434430 consensus_manager_pbft.cpp:208] recv impl type:3 sender id:1 seq:56 primary:1 is recovery:0
E20260317 17:09:29.069399 434406 rdma_replica_communicator.cpp:75] [RDMA] send target id=1 ip=128.110.216.196 base_port=29001 rdma_port=29001 payload_bytes=51
E20260317 17:09:29.070174 434382 rdma_replica_communicator.cpp:75] [RDMA] send target id=2 ip=128.110.216.196 base_port=29002 rdma_port=29002 payload_bytes=51
E20260317 17:09:29.072636 434356 consensus_manager_pbft.cpp:208] recv impl type:4 sender id:2 seq:56 primary:1 is recovery:0
E20260317 17:09:29.073037 434355 rdma_replica_communicator.cpp:75] [RDMA] send target id=3 ip=128.110.216.196 base_port=29003 rdma_port=29003 payload_bytes=51
E20260317 17:09:29.075464 434381 consensus_manager_pbft.cpp:208] recv impl type:4 sender id:1 seq:56 primary:1 is recovery:0
E20260317 17:09:29.076684 434430 rdma_replica_communicator.cpp:75] [RDMA] send target id=1 ip=128.110.216.196 base_port=29001 rdma_port=29001 payload_bytes=51
E20260317 17:09:29.077461 434406 rdma_replica_communicator.cpp:75] [RDMA] send target id=2 ip=128.110.216.196 base_port=29002 rdma_port=29002 payload_bytes=51
E20260317 17:09:29.080194 434354 consensus_manager_pbft.cpp:208] recv impl type:4 sender id:3 seq:56 primary:1 is recovery:0
E20260317 17:09:29.080672 434382 rdma_replica_communicator.cpp:75] [RDMA] send target id=3 ip=128.110.216.196 base_port=29003 rdma_port=29003 payload_bytes=51
E20260317 17:09:29.083062 434380 consensus_manager_pbft.cpp:208] recv impl type:4 sender id:2 seq:56 primary:1 is recovery:0
E20260317 17:09:29.084334 434355 rdma_replica_communicator.cpp:75] [RDMA] send target id=4 ip=128.110.216.196 base_port=29004 rdma_port=29004 payload_bytes=51
E20260317 17:09:29.086663 434405 consensus_manager_pbft.cpp:208] recv impl type:4 sender id:1 seq:56 primary:1 is recovery:0
E20260317 17:09:29.087977 434430 rdma_replica_communicator.cpp:75] [RDMA] send target id=2 ip=128.110.216.196 base_port=29002 rdma_port=29002 payload_bytes=51
E20260317 17:09:29.090689 434356 consensus_manager_pbft.cpp:208] recv impl type:4 sender id:4 seq:56 primary:1 is recovery:0
E20260317 17:09:29.091109 434406 rdma_replica_communicator.cpp:75] [RDMA] send target id=3 ip=128.110.216.196 base_port=29003 rdma_port=29003 payload_bytes=51
E20260317 17:09:29.093436 434379 consensus_manager_pbft.cpp:208] recv impl type:4 sender id:3 seq:56 primary:1 is recovery:0
E20260317 17:09:29.093868 434354 checkpoint_manager.cpp:495] get high prepared seq:55
E20260317 17:09:29.094821 434382 rdma_replica_communicator.cpp:75] [RDMA] send target id=4 ip=128.110.216.196 base_port=29004 rdma_port=29004 payload_bytes=51
E20260317 17:09:29.097123 434404 consensus_manager_pbft.cpp:208] recv impl type:4 sender id:2 seq:56 primary:1 is recovery:0
E20260317 17:09:29.100984 434429 consensus_manager_pbft.cpp:208] recv impl type:4 sender id:1 seq:56 primary:1 is recovery:0
E20260317 17:09:29.102262 434430 rdma_replica_communicator.cpp:75] [RDMA] send target id=3 ip=128.110.216.196 base_port=29003 rdma_port=29003 payload_bytes=51
E20260317 17:09:29.105007 434381 consensus_manager_pbft.cpp:208] recv impl type:4 sender id:4 seq:56 primary:1 is recovery:0
E20260317 17:09:29.106241 434406 rdma_replica_communicator.cpp:75] [RDMA] send target id=4 ip=128.110.216.196 base_port=29004 rdma_port=29004 payload_bytes=51
E20260317 17:09:29.108422 434405 consensus_manager_pbft.cpp:208] recv impl type:4 sender id:3 seq:56 primary:1 is recovery:0
E20260317 17:09:29.108937 434379 checkpoint_manager.cpp:495] get high prepared seq:55
E20260317 17:09:29.109956 434354 checkpoint_manager.cpp:500] set high prepared seq:56
E20260317 17:09:29.112848 434428 consensus_manager_pbft.cpp:208] recv impl type:4 sender id:2 seq:56 primary:1 is recovery:0
E20260317 17:09:29.113214 434404 checkpoint_manager.cpp:495] get high prepared seq:55
E20260317 17:09:29.114815 434430 rdma_replica_communicator.cpp:75] [RDMA] send target id=4 ip=128.110.216.196 base_port=29004 rdma_port=29004 payload_bytes=51
E20260317 17:09:29.116968 434403 consensus_manager_pbft.cpp:208] recv impl type:4 sender id:4 seq:56 primary:1 is recovery:0
E20260317 17:09:29.120612 434429 consensus_manager_pbft.cpp:208] recv impl type:4 sender id:3 seq:56 primary:1 is recovery:0
E20260317 17:09:29.122073 434379 checkpoint_manager.cpp:500] set high prepared seq:56
E20260317 17:09:29.122841 434354 rdma_replica_communicator.cpp:75] [RDMA] send target id=1 ip=128.110.216.196 base_port=29001 rdma_port=29001 payload_bytes=53
E20260317 17:09:29.123687 434428 checkpoint_manager.cpp:495] get high prepared seq:55
E20260317 17:09:29.124643 434404 checkpoint_manager.cpp:500] set high prepared seq:56
E20260317 17:09:29.125788 434430 consensus_manager_pbft.cpp:208] recv impl type:4 sender id:4 seq:56 primary:1 is recovery:0
E20260317 17:09:29.129832 434379 rdma_replica_communicator.cpp:75] [RDMA] send target id=1 ip=128.110.216.196 base_port=29001 rdma_port=29001 payload_bytes=53
E20260317 17:09:29.130784 434354 rdma_replica_communicator.cpp:75] [RDMA] send target id=2 ip=128.110.216.196 base_port=29002 rdma_port=29002 payload_bytes=53
E20260317 17:09:29.133507 434356 consensus_manager_pbft.cpp:208] recv impl type:5 sender id:1 seq:56 primary:1 is recovery:0
E20260317 17:09:29.134043 434428 checkpoint_manager.cpp:500] set high prepared seq:56
E20260317 17:09:29.134790 434404 rdma_replica_communicator.cpp:75] [RDMA] send target id=1 ip=128.110.216.196 base_port=29001 rdma_port=29001 payload_bytes=53
E20260317 17:09:29.136346 434379 rdma_replica_communicator.cpp:75] [RDMA] send target id=2 ip=128.110.216.196 base_port=29002 rdma_port=29002 payload_bytes=53
E20260317 17:09:29.138921 434355 consensus_manager_pbft.cpp:208] recv impl type:5 sender id:2 seq:56 primary:1 is recovery:0
E20260317 17:09:29.139359 434354 rdma_replica_communicator.cpp:75] [RDMA] send target id=3 ip=128.110.216.196 base_port=29003 rdma_port=29003 payload_bytes=53
E20260317 17:09:29.141786 434382 consensus_manager_pbft.cpp:208] recv impl type:5 sender id:1 seq:56 primary:1 is recovery:0
E20260317 17:09:29.143150 434428 rdma_replica_communicator.cpp:75] [RDMA] send target id=1 ip=128.110.216.196 base_port=29001 rdma_port=29001 payload_bytes=53
E20260317 17:09:29.144279 434404 rdma_replica_communicator.cpp:75] [RDMA] send target id=2 ip=128.110.216.196 base_port=29002 rdma_port=29002 payload_bytes=53
E20260317 17:09:29.147748 434356 consensus_manager_pbft.cpp:208] recv impl type:5 sender id:3 seq:56 primary:1 is recovery:0
E20260317 17:09:29.148772 434379 rdma_replica_communicator.cpp:75] [RDMA] send target id=3 ip=128.110.216.196 base_port=29003 rdma_port=29003 payload_bytes=53
E20260317 17:09:29.163232 434260 transaction_manager.cpp:91]  execute batch seq:55
E20260317 17:09:29.152565 434354 rdma_replica_communicator.cpp:75] [RDMA] send target id=4 ip=128.110.216.196 base_port=29004 rdma_port=29004 payload_bytes=53
E20260317 17:09:29.154983 434405 consensus_manager_pbft.cpp:208] recv impl type:5 sender id:1 seq:56 primary:1 is recovery:0
E20260317 17:09:29.156267 434428 rdma_replica_communicator.cpp:75] [RDMA] send target id=2 ip=128.110.216.196 base_port=29002 rdma_port=29002 payload_bytes=53
E20260317 17:09:29.158896 434353 consensus_manager_pbft.cpp:208] recv impl type:5 sender id:4 seq:56 primary:1 is recovery:0
E20260317 17:09:29.159266 434404 rdma_replica_communicator.cpp:75] [RDMA] send target id=3 ip=128.110.216.196 base_port=29003 rdma_port=29003 payload_bytes=53
E20260317 17:09:29.161629 434380 consensus_manager_pbft.cpp:208] recv impl type:5 sender id:3 seq:56 primary:1 is recovery:0
E20260317 17:09:29.162259 434356 checkpoint_manager.cpp:530]  add commited state:56
E20260317 17:09:29.162843 434250 lock_free_collector_pool.cpp:71]  update:312 seq:312 cap:256 update seq:56
E20260317 17:09:29.151345 434381 consensus_manager_pbft.cpp:208] recv impl type:5 sender id:2 seq:56 primary:1 is recovery:0
E20260317 17:09:29.163445 434379 rdma_replica_communicator.cpp:75] [RDMA] send target id=4 ip=128.110.216.196 base_port=29004 rdma_port=29004 payload_bytes=53
E20260317 17:09:29.165771 434403 consensus_manager_pbft.cpp:208] recv impl type:5 sender id:2 seq:56 primary:1 is recovery:0
E20260317 17:09:29.166862 434262 commitment.cpp:363] send back to proxy:1
E20260317 17:09:29.169684 434430 consensus_manager_pbft.cpp:208] recv impl type:5 sender id:1 seq:56 primary:1 is recovery:0
E20260317 17:09:29.170892 434428 rdma_replica_communicator.cpp:75] [RDMA] send target id=3 ip=128.110.216.196 base_port=29003 rdma_port=29003 payload_bytes=53
E20260317 17:09:29.173122 434378 consensus_manager_pbft.cpp:208] recv impl type:5 sender id:4 seq:56 primary:1 is recovery:0
E20260317 17:09:29.173714 434353 message_manager.cpp:204]  add request fail
E20260317 17:09:29.174569 434404 rdma_replica_communicator.cpp:75] [RDMA] send target id=4 ip=128.110.216.196 base_port=29004 rdma_port=29004 payload_bytes=53
E20260317 17:09:29.176756 434406 consensus_manager_pbft.cpp:208] recv impl type:5 sender id:3 seq:56 primary:1 is recovery:0
E20260317 17:09:29.179934 434381 checkpoint_manager.cpp:530]  add commited state:56
E20260317 17:09:29.180331 434272 lock_free_collector_pool.cpp:71]  update:312 seq:312 cap:256 update seq:56
E20260317 17:09:29.180737 434280 transaction_manager.cpp:91]  execute batch seq:55
E20260317 17:09:29.183233 434429 consensus_manager_pbft.cpp:208] recv impl type:5 sender id:2 seq:56 primary:1 is recovery:0
E20260317 17:09:29.184566 434262 rdma_replica_communicator.cpp:75] [RDMA] send target id=1 ip=128.110.216.196 base_port=29001 rdma_port=29001 payload_bytes=53
E20260317 17:09:29.186204 434428 rdma_replica_communicator.cpp:75] [RDMA] send target id=4 ip=128.110.216.196 base_port=29004 rdma_port=29004 payload_bytes=53
E20260317 17:09:29.188524 434405 consensus_manager_pbft.cpp:208] recv impl type:5 sender id:4 seq:56 primary:1 is recovery:0
E20260317 17:09:29.188952 434378 message_manager.cpp:204]  add request fail
E20260317 17:09:29.192951 434430 consensus_manager_pbft.cpp:208] recv impl type:5 sender id:3 seq:56 primary:1 is recovery:0
E20260317 17:09:29.193630 434406 checkpoint_manager.cpp:530]  add commited state:56
E20260317 17:09:29.208093 434321 transaction_manager.cpp:91]  execute batch seq:55
E20260317 17:09:29.194720 434303 transaction_manager.cpp:91]  execute batch seq:55
E20260317 17:09:29.197221 434284 commitment.cpp:363] send back to proxy:1
E20260317 17:09:29.201704 434356 consensus_manager_pbft.cpp:208] recv impl type:7 sender id:1 seq:56 primary:1 is recovery:0
E20260317 17:09:29.202781 434428 consensus_manager_pbft.cpp:208] recv impl type:5 sender id:4 seq:56 primary:1 is recovery:0
E20260317 17:09:29.205317 434405 message_manager.cpp:204]  add request fail
E20260317 17:09:29.207181 434430 checkpoint_manager.cpp:530]  add commited state:56
E20260317 17:09:29.207733 434316 lock_free_collector_pool.cpp:71]  update:312 seq:312 cap:256 update seq:56
E20260317 17:09:29.194481 434294 lock_free_collector_pool.cpp:71]  update:312 seq:312 cap:256 update seq:56
E20260317 17:09:29.209831 434328 commitment.cpp:363] send back to proxy:1
E20260317 17:09:29.210953 434306 commitment.cpp:363] send back to proxy:1
E20260317 17:09:29.211553 434284 rdma_replica_communicator.cpp:75] [RDMA] send target id=1 ip=128.110.216.196 base_port=29001 rdma_port=29001 payload_bytes=53
E20260317 17:09:29.212544 434356 response_manager.cpp:187]  receive request seq:56 type:7 local id:56
E20260317 17:09:29.213330 434428 message_manager.cpp:204]  add request fail
E20260317 17:09:29.217553 434328 rdma_replica_communicator.cpp:75] [RDMA] send target id=1 ip=128.110.216.196 base_port=29001 rdma_port=29001 payload_bytes=53
E20260317 17:09:29.218474 434306 rdma_replica_communicator.cpp:75] [RDMA] send target id=1 ip=128.110.216.196 base_port=29001 rdma_port=29001 payload_bytes=53
E20260317 17:09:29.227610 434352 consensus_manager_pbft.cpp:208] recv impl type:7 sender id:4 seq:56 primary:1 is recovery:0
E20260317 17:09:29.222891 434356 response_manager.cpp:214]  get receive count:0 seq:56
E20260317 17:09:29.222450 434354 consensus_manager_pbft.cpp:208] recv impl type:7 sender id:2 seq:56 primary:1 is recovery:0
E20260317 17:09:29.230571 434355 consensus_manager_pbft.cpp:208] recv impl type:7 sender id:3 seq:56 primary:1 is recovery:0
E20260317 17:09:29.231035 434352 response_manager.cpp:187]  receive request seq:56 type:7 local id:56
E20260317 17:09:29.232682 434354 response_manager.cpp:187]  receive request seq:56 type:7 local id:56
E20260317 17:09:29.233525 434355 response_manager.cpp:187]  receive request seq:56 type:7 local id:56
E20260317 17:09:29.234368 434352 response_manager.cpp:214]  get receive count:1 seq:56
E20260317 17:09:29.236827 434352 lock_free_collector_pool.cpp:71]  update:312 seq:312 cap:256 update seq:56
E20260317 17:09:29.237700 434352 response_manager.cpp:227] SendResponseToClient local_id:56 seq:56 proxy_id:1
E20260317 17:09:29.238442 434352 lock_free_collector_pool.cpp:71]  update:312 seq:312 cap:256 update seq:56
E20260317 17:09:29.239535 434248 consensus_server.cpp:223] Selftest completed request i=54 ret=0 value=light_value
E20260317 17:09:29.239537 434352 response_manager.cpp:259] response sent to client local_id:56 seq:56
E20260317 17:09:29.660223 434249 stats.cpp:474]   req client latency:0.000188722
E20260317 17:09:30.356153 434248 consensus_server.cpp:291] Self-test passed mode=basic_ring (GET verified, last_value=light_value)
E20260317 17:09:30.356817 434248 consensus_server.cpp:294] RESULT mode=basic_ring num_requests=55 total_time_s=16.3958 throughput_rps=3.35453 avg_us=298101 p50_us=297844 p95_us=301637 p99_us=302310 min_us=292651 max_us=302566 status=OK
% time     seconds  usecs/call     calls    errors syscall
------ ----------- ----------- --------- --------- ------------------
 89.40  478.736507        3219    148681     45180 futex
  3.07   16.414009        2366      6935           clock_nanosleep
  2.30   12.325608     1540700         8           epoll_pwait
  2.23   11.965168       15107       792           ppoll
  2.17   11.610450       97566       119        63 accept
  0.51    2.729042       12183       224           recvfrom
  0.13    0.684203          31     21690         4 write
  0.09    0.475976          50      9430           gettid
  0.08    0.437192          20     21006           getpid
  0.00    0.019721          85       232           sendto
  0.00    0.015568          15       997           mprotect
  0.00    0.012388          66       185           clone
  0.00    0.011683          27       426           mmap
  0.00    0.009813          13       751           rt_sigprocmask
  0.00    0.008455          18       448         1 ioctl
  0.00    0.007982          27       287           munmap
  0.00    0.004328          23       187           close
  0.00    0.004201          73        57         1 connect
  0.00    0.003413           8       408           brk
  0.00    0.003141          16       186           rseq
  0.00    0.003139          16       186           madvise
  0.00    0.002889          15       186           set_robust_list
  0.00    0.000903          13        69         2 openat
  0.00    0.000598           6        88         1 newfstatat
  0.00    0.000359           6        56           read
  0.00    0.000265           3        75           setsockopt
  0.00    0.000256           9        28           recvmsg
  0.00    0.000216           3        72           socket
  0.00    0.000108           7        14           bind
  0.00    0.000102           6        16           epoll_ctl
  0.00    0.000093          31         3           sendmsg
  0.00    0.000067          33         2           getdents64
  0.00    0.000056          14         4           lseek
  0.00    0.000048          16         3         3 unlinkat
  0.00    0.000045           7         6           fcntl
  0.00    0.000037          12         3         3 symlinkat
  0.00    0.000037           6         6           getsockname
  0.00    0.000031           7         4           uname
  0.00    0.000026           3         8           listen
  0.00    0.000018           4         4           eventfd2
  0.00    0.000017           1        15           rt_sigaction
  0.00    0.000014           4         3           geteuid
  0.00    0.000012           3         4           epoll_create1
  0.00    0.000011           2         4           timerfd_create
  0.00    0.000008           4         2           getuid
  0.00    0.000008           4         2           prlimit64
  0.00    0.000007           7         1           sched_getaffinity
  0.00    0.000000           0         1         1 faccessat
  0.00    0.000000           0         1           set_tid_address
  0.00    0.000000           0         1           execve
  0.00    0.000000           0         1           getrandom
------ ----------- ----------- --------- --------- ------------------
100.00  535.488218        2503    213917     45259 total",
2026-03-17T17:11:09,basic_ring,128.110.216.196,29000,55,4,0,30.081234993063845,5.87538e-06,basic_ring,basic_ring,55,5.86398,9.37929,106614.0,106570.0,107553.0,107727.0,105147.0,108094.0,OK,"NO shared receive
>>>>>>>> post recvs
connect request had data with it: 56 bytes
>>>>>>>> post recvs
[BasicServer] accepted client 2
NO shared receive
>>>>>>>> post recvs
connect request had data with it: 56 bytes
>>>>>>>> post recvs
[BasicServer] accepted client 2
NO shared receive
>>>>>>>> post recvs
connect request had data with it: 56 bytes
>>>>>>>> post recvs
[BasicServer] accepted client 2
NO shared receive
>>>>>>>> post recvs
connect request had data with it: 56 bytes
>>>>>>>> post recvs
[BasicServer] accepted client 2
NO shared receive
>>>>>>>> post recvs
connect request had data with it: 56 bytes
>>>>>>>> post recvs
[BasicServer] accepted client 3
NO shared receive
>>>>>>>> post recvs
connect request had data with it: 56 bytes
>>>>>>>> post recvs
[BasicServer] accepted client 3
NO shared receive
>>>>>>>> post recvs
connect request had data with it: 56 bytes
>>>>>>>> post recvs
[BasicServer] accepted client 3
NO shared receive
>>>>>>>> post recvs
connect request had data with it: 56 bytes
>>>>>>>> post recvs
[BasicServer] accepted client 3","E20260317 17:10:03.457612 434599 checkpoint_manager.cpp:530]  add commited state:56
E20260317 17:10:03.457499 434537 rdma_replica_communicator.cpp:75] [RDMA] send target id=4 ip=128.110.216.196 base_port=29004 rdma_port=29004 payload_bytes=53
E20260317 17:10:03.457711 434452 rdma_replica_communicator.cpp:75] [RDMA] send target id=1 ip=128.110.216.196 base_port=29001 rdma_port=29001 payload_bytes=53
E20260317 17:10:03.457957 434625 consensus_manager_pbft.cpp:208] recv impl type:5 sender id:1 seq:56 primary:1 is recovery:0
E20260317 17:10:03.458020 434539 consensus_manager_pbft.cpp:208] recv impl type:7 sender id:1 seq:56 primary:1 is recovery:0
E20260317 17:10:03.458074 434539 response_manager.cpp:187]  receive request seq:56 type:7 local id:56
E20260317 17:10:03.458108 434539 response_manager.cpp:214]  get receive count:0 seq:56
E20260317 17:10:03.458020 434625 checkpoint_manager.cpp:530]  add commited state:56
E20260317 17:10:03.457659 434629 rdma_replica_communicator.cpp:75] [RDMA] send target id=1 ip=128.110.216.196 base_port=29001 rdma_port=29001 payload_bytes=53
E20260317 17:10:03.458084 434506 lock_free_collector_pool.cpp:71]  update:312 seq:312 cap:256 update seq:56
E20260317 17:10:03.458285 434542 consensus_manager_pbft.cpp:208] recv impl type:5 sender id:4 seq:56 primary:1 is recovery:0
E20260317 17:10:03.458119 434513 transaction_manager.cpp:91]  execute batch seq:55
E20260317 17:10:03.457806 434474 rdma_replica_communicator.cpp:75] [RDMA] send target id=1 ip=128.110.216.196 base_port=29001 rdma_port=29001 payload_bytes=53
E20260317 17:10:03.458228 434629 rdma_replica_communicator.cpp:75] [RDMA] send target id=2 ip=128.110.216.196 base_port=29002 rdma_port=29002 payload_bytes=53
E20260317 17:10:03.458567 434535 consensus_manager_pbft.cpp:208] recv impl type:7 sender id:2 seq:56 primary:1 is recovery:0
E20260317 17:10:03.458626 434535 response_manager.cpp:187]  receive request seq:56 type:7 local id:56
E20260317 17:10:03.458657 434535 response_manager.cpp:214]  get receive count:1 seq:56
E20260317 17:10:03.458684 434535 lock_free_collector_pool.cpp:71]  update:312 seq:312 cap:256 update seq:56
E20260317 17:10:03.457777 434496 commitment.cpp:363] send back to proxy:1
E20260317 17:10:03.458590 434629 rdma_replica_communicator.cpp:75] [RDMA] send target id=3 ip=128.110.216.196 base_port=29003 rdma_port=29003 payload_bytes=53
E20260317 17:10:03.458666 434566 consensus_manager_pbft.cpp:208] recv impl type:5 sender id:4 seq:56 primary:1 is recovery:0
E20260317 17:10:03.458871 434566 message_manager.cpp:188]  seq:56 type:5 has been committed
E20260317 17:10:03.458729 434535 response_manager.cpp:227] SendResponseToClient local_id:56 seq:56 proxy_id:1
E20260317 17:10:03.458964 434535 lock_free_collector_pool.cpp:71]  update:312 seq:312 cap:256 update seq:56
E20260317 17:10:03.458775 434496 rdma_replica_communicator.cpp:75] [RDMA] send target id=1 ip=128.110.216.196 base_port=29001 rdma_port=29001 payload_bytes=53
E20260317 17:10:03.458827 434629 rdma_replica_communicator.cpp:75] [RDMA] send target id=4 ip=128.110.216.196 base_port=29004 rdma_port=29004 payload_bytes=53
E20260317 17:10:03.459092 434535 response_manager.cpp:259] response sent to client local_id:56 seq:56
E20260317 17:10:03.459129 434541 consensus_manager_pbft.cpp:208] recv impl type:7 sender id:3 seq:56 primary:1 is recovery:0
E20260317 17:10:03.459174 434541 response_manager.cpp:187]  receive request seq:56 type:7 local id:56
E20260317 17:10:03.458894 434591 consensus_manager_pbft.cpp:208] recv impl type:5 sender id:4 seq:56 primary:1 is recovery:0
E20260317 17:10:03.459262 434591 message_manager.cpp:188]  seq:56 type:5 has been committed
E20260317 17:10:03.459182 434618 consensus_manager_pbft.cpp:208] recv impl type:5 sender id:4 seq:56 primary:1 is recovery:0
E20260317 17:10:03.459218 434438 consensus_server.cpp:223] Selftest completed request i=54 ret=0 value=light_value
E20260317 17:10:03.458467 434518 commitment.cpp:363] send back to proxy:1
E20260317 17:10:03.458380 434542 message_manager.cpp:188]  seq:56 type:5 has been committed
E20260317 17:10:03.459354 434618 message_manager.cpp:188]  seq:56 type:5 has been committed
E20260317 17:10:03.459461 434518 rdma_replica_communicator.cpp:75] [RDMA] send target id=1 ip=128.110.216.196 base_port=29001 rdma_port=29001 payload_bytes=53
E20260317 17:10:04.627238 434438 consensus_server.cpp:291] Self-test passed mode=basic_ring (GET verified, last_value=light_value)
E20260317 17:10:04.627329 434438 consensus_server.cpp:294] RESULT mode=basic_ring num_requests=55 total_time_s=5.86398 throughput_rps=9.37929 avg_us=106614 p50_us=106570 p95_us=107553 p99_us=107727 min_us=105147 max_us=108094 status=OK
E20260317 17:10:04.752655 434439 stats.cpp:474]   req client latency:5.60051e-06","E20260317 17:10:43.995402 434705 commitment.cpp:363] send back to proxy:1
E20260317 17:10:43.995903 434727 rdma_replica_communicator.cpp:75] [RDMA] send target id=1 ip=128.110.216.196 base_port=29001 rdma_port=29001 payload_bytes=53
E20260317 17:10:43.999336 434754 consensus_manager_pbft.cpp:208] recv impl type:7 sender id:1 seq:55 primary:1 is recovery:0
E20260317 17:10:43.999711 434755 response_manager.cpp:187]  receive request seq:55 type:7 local id:55
E20260317 17:10:44.000490 434827 message_manager.cpp:188]  seq:55 type:5 has been committed
E20260317 17:10:44.002055 434705 rdma_replica_communicator.cpp:75] [RDMA] send target id=1 ip=128.110.216.196 base_port=29001 rdma_port=29001 payload_bytes=53
E20260317 17:10:44.005266 434753 consensus_manager_pbft.cpp:208] recv impl type:7 sender id:4 seq:55 primary:1 is recovery:0
E20260317 17:10:44.005630 434754 response_manager.cpp:187]  receive request seq:55 type:7 local id:55
E20260317 17:10:44.006403 434755 response_manager.cpp:214]  get receive count:0 seq:55
E20260317 17:10:44.010418 434752 consensus_manager_pbft.cpp:208] recv impl type:7 sender id:3 seq:55 primary:1 is recovery:0
E20260317 17:10:44.010886 434753 response_manager.cpp:187]  receive request seq:55 type:7 local id:55
E20260317 17:10:44.011685 434754 response_manager.cpp:214]  get receive count:1 seq:55
E20260317 17:10:44.013298 434752 response_manager.cpp:187]  receive request seq:55 type:7 local id:55
E20260317 17:10:44.015259 434754 lock_free_collector_pool.cpp:71]  update:311 seq:311 cap:256 update seq:55
E20260317 17:10:44.017047 434754 response_manager.cpp:227] SendResponseToClient local_id:55 seq:55 proxy_id:1
E20260317 17:10:44.017951 434754 lock_free_collector_pool.cpp:71]  update:311 seq:311 cap:256 update seq:55
E20260317 17:10:44.019057 434647 consensus_server.cpp:223] Selftest completed request i=53 ret=0 value=light_value
E20260317 17:10:44.019061 434754 response_manager.cpp:259] response sent to client local_id:55 seq:55
E20260317 17:10:44.019956 434647 consensus_server.cpp:221] Selftest sending request i=54
E20260317 17:10:44.025393 434755 consensus_manager_pbft.cpp:208] recv impl type:2 sender id:0 seq:0 primary:1 is recovery:0
E20260317 17:10:44.126610 434663 response_manager.cpp:327] add context list:0 list size:1 local_id:56
E20260317 17:10:44.127450 434663 rdma_replica_communicator.cpp:75] [RDMA] send target id=1 ip=128.110.216.196 base_port=29001 rdma_port=29001 payload_bytes=82
E20260317 17:10:44.131065 434755 consensus_manager_pbft.cpp:208] recv impl type:14 sender id:1 seq:0 primary:1 is recovery:0
E20260317 17:10:44.132072 434755 rdma_replica_communicator.cpp:75] [RDMA] send target id=1 ip=128.110.216.196 base_port=29001 rdma_port=29001 payload_bytes=89
E20260317 17:10:44.132969 434755 rdma_replica_communicator.cpp:75] [RDMA] send target id=2 ip=128.110.216.196 base_port=29002 rdma_port=29002 payload_bytes=89
E20260317 17:10:44.135620 434754 consensus_manager_pbft.cpp:208] recv impl type:3 sender id:1 seq:56 primary:1 is recovery:0
E20260317 17:10:44.136166 434755 rdma_replica_communicator.cpp:75] [RDMA] send target id=3 ip=128.110.216.196 base_port=29003 rdma_port=29003 payload_bytes=89
E20260317 17:10:44.138815 434779 consensus_manager_pbft.cpp:208] recv impl type:3 sender id:1 seq:56 primary:1 is recovery:0
E20260317 17:10:44.139228 434754 rdma_replica_communicator.cpp:75] [RDMA] send target id=1 ip=128.110.216.196 base_port=29001 rdma_port=29001 payload_bytes=51
E20260317 17:10:44.140161 434755 rdma_replica_communicator.cpp:75] [RDMA] send target id=4 ip=128.110.216.196 base_port=29004 rdma_port=29004 payload_bytes=89
E20260317 17:10:44.142904 434805 consensus_manager_pbft.cpp:208] recv impl type:3 sender id:1 seq:56 primary:1 is recovery:0
E20260317 17:10:44.143473 434779 rdma_replica_communicator.cpp:75] [RDMA] send target id=1 ip=128.110.216.196 base_port=29001 rdma_port=29001 payload_bytes=51
E20260317 17:10:44.144279 434754 rdma_replica_communicator.cpp:75] [RDMA] send target id=2 ip=128.110.216.196 base_port=29002 rdma_port=29002 payload_bytes=51
E20260317 17:10:44.146754 434753 consensus_manager_pbft.cpp:208] recv impl type:4 sender id:1 seq:56 primary:1 is recovery:0
E20260317 17:10:44.149670 434829 consensus_manager_pbft.cpp:208] recv impl type:3 sender id:1 seq:56 primary:1 is recovery:0
E20260317 17:10:44.150113 434805 rdma_replica_communicator.cpp:75] [RDMA] send target id=1 ip=128.110.216.196 base_port=29001 rdma_port=29001 payload_bytes=51
E20260317 17:10:44.150888 434779 rdma_replica_communicator.cpp:75] [RDMA] send target id=2 ip=128.110.216.196 base_port=29002 rdma_port=29002 payload_bytes=51
E20260317 17:10:44.153661 434755 consensus_manager_pbft.cpp:208] recv impl type:4 sender id:2 seq:56 primary:1 is recovery:0
E20260317 17:10:44.154105 434754 rdma_replica_communicator.cpp:75] [RDMA] send target id=3 ip=128.110.216.196 base_port=29003 rdma_port=29003 payload_bytes=51
E20260317 17:10:44.156636 434778 consensus_manager_pbft.cpp:208] recv impl type:4 sender id:1 seq:56 primary:1 is recovery:0
E20260317 17:10:44.157824 434829 rdma_replica_communicator.cpp:75] [RDMA] send target id=1 ip=128.110.216.196 base_port=29001 rdma_port=29001 payload_bytes=51
E20260317 17:10:44.158583 434805 rdma_replica_communicator.cpp:75] [RDMA] send target id=2 ip=128.110.216.196 base_port=29002 rdma_port=29002 payload_bytes=51
E20260317 17:10:44.160665 434741 consensus_manager_pbft.cpp:208] recv impl type:4 sender id:3 seq:56 primary:1 is recovery:0
E20260317 17:10:44.161628 434779 rdma_replica_communicator.cpp:75] [RDMA] send target id=3 ip=128.110.216.196 base_port=29003 rdma_port=29003 payload_bytes=51
E20260317 17:10:44.164780 434777 consensus_manager_pbft.cpp:208] recv impl type:4 sender id:2 seq:56 primary:1 is recovery:0
E20260317 17:10:44.165993 434754 rdma_replica_communicator.cpp:75] [RDMA] send target id=4 ip=128.110.216.196 base_port=29004 rdma_port=29004 payload_bytes=51
E20260317 17:10:44.168273 434804 consensus_manager_pbft.cpp:208] recv impl type:4 sender id:1 seq:56 primary:1 is recovery:0
E20260317 17:10:44.169405 434829 rdma_replica_communicator.cpp:75] [RDMA] send target id=2 ip=128.110.216.196 base_port=29002 rdma_port=29002 payload_bytes=51
E20260317 17:10:44.171835 434755 consensus_manager_pbft.cpp:208] recv impl type:4 sender id:4 seq:56 primary:1 is recovery:0
E20260317 17:10:44.172207 434805 rdma_replica_communicator.cpp:75] [RDMA] send target id=3 ip=128.110.216.196 base_port=29003 rdma_port=29003 payload_bytes=51
E20260317 17:10:44.174693 434778 consensus_manager_pbft.cpp:208] recv impl type:4 sender id:3 seq:56 primary:1 is recovery:0
E20260317 17:10:44.175273 434741 checkpoint_manager.cpp:495] get high prepared seq:55
E20260317 17:10:44.176108 434779 rdma_replica_communicator.cpp:75] [RDMA] send target id=4 ip=128.110.216.196 base_port=29004 rdma_port=29004 payload_bytes=51
E20260317 17:10:44.178296 434803 consensus_manager_pbft.cpp:208] recv impl type:4 sender id:2 seq:56 primary:1 is recovery:0
E20260317 17:10:44.181877 434828 consensus_manager_pbft.cpp:208] recv impl type:4 sender id:1 seq:56 primary:1 is recovery:0
E20260317 17:10:44.183202 434829 rdma_replica_communicator.cpp:75] [RDMA] send target id=3 ip=128.110.216.196 base_port=29003 rdma_port=29003 payload_bytes=51
E20260317 17:10:44.186007 434777 consensus_manager_pbft.cpp:208] recv impl type:4 sender id:4 seq:56 primary:1 is recovery:0
E20260317 17:10:44.187467 434805 rdma_replica_communicator.cpp:75] [RDMA] send target id=4 ip=128.110.216.196 base_port=29004 rdma_port=29004 payload_bytes=51
E20260317 17:10:44.189644 434804 consensus_manager_pbft.cpp:208] recv impl type:4 sender id:3 seq:56 primary:1 is recovery:0
E20260317 17:10:44.190040 434778 checkpoint_manager.cpp:495] get high prepared seq:55
E20260317 17:10:44.191056 434741 checkpoint_manager.cpp:500] set high prepared seq:56
E20260317 17:10:44.193926 434827 consensus_manager_pbft.cpp:208] recv impl type:4 sender id:2 seq:56 primary:1 is recovery:0
E20260317 17:10:44.194337 434803 checkpoint_manager.cpp:495] get high prepared seq:55
E20260317 17:10:44.196022 434829 rdma_replica_communicator.cpp:75] [RDMA] send target id=4 ip=128.110.216.196 base_port=29004 rdma_port=29004 payload_bytes=51
E20260317 17:10:44.198211 434802 consensus_manager_pbft.cpp:208] recv impl type:4 sender id:4 seq:56 primary:1 is recovery:0
E20260317 17:10:44.201508 434828 consensus_manager_pbft.cpp:208] recv impl type:4 sender id:3 seq:56 primary:1 is recovery:0
E20260317 17:10:44.202847 434778 checkpoint_manager.cpp:500] set high prepared seq:56
E20260317 17:10:44.203678 434741 rdma_replica_communicator.cpp:75] [RDMA] send target id=1 ip=128.110.216.196 base_port=29001 rdma_port=29001 payload_bytes=53
E20260317 17:10:44.204566 434827 checkpoint_manager.cpp:495] get high prepared seq:55
E20260317 17:10:44.205541 434803 checkpoint_manager.cpp:500] set high prepared seq:56
E20260317 17:10:44.206629 434829 consensus_manager_pbft.cpp:208] recv impl type:4 sender id:4 seq:56 primary:1 is recovery:0
E20260317 17:10:44.210266 434778 rdma_replica_communicator.cpp:75] [RDMA] send target id=1 ip=128.110.216.196 base_port=29001 rdma_port=29001 payload_bytes=53
E20260317 17:10:44.211158 434741 rdma_replica_communicator.cpp:75] [RDMA] send target id=2 ip=128.110.216.196 base_port=29002 rdma_port=29002 payload_bytes=53
E20260317 17:10:44.213721 434755 consensus_manager_pbft.cpp:208] recv impl type:5 sender id:1 seq:56 primary:1 is recovery:0
E20260317 17:10:44.214279 434827 checkpoint_manager.cpp:500] set high prepared seq:56
E20260317 17:10:44.215021 434803 rdma_replica_communicator.cpp:75] [RDMA] send target id=1 ip=128.110.216.196 base_port=29001 rdma_port=29001 payload_bytes=53
E20260317 17:10:44.216869 434778 rdma_replica_communicator.cpp:75] [RDMA] send target id=2 ip=128.110.216.196 base_port=29002 rdma_port=29002 payload_bytes=53
E20260317 17:10:44.219372 434754 consensus_manager_pbft.cpp:208] recv impl type:5 sender id:2 seq:56 primary:1 is recovery:0
E20260317 17:10:44.219786 434741 rdma_replica_communicator.cpp:75] [RDMA] send target id=3 ip=128.110.216.196 base_port=29003 rdma_port=29003 payload_bytes=53
E20260317 17:10:44.222241 434779 consensus_manager_pbft.cpp:208] recv impl type:5 sender id:1 seq:56 primary:1 is recovery:0
E20260317 17:10:44.223495 434827 rdma_replica_communicator.cpp:75] [RDMA] send target id=1 ip=128.110.216.196 base_port=29001 rdma_port=29001 payload_bytes=53
E20260317 17:10:44.224601 434803 rdma_replica_communicator.cpp:75] [RDMA] send target id=2 ip=128.110.216.196 base_port=29002 rdma_port=29002 payload_bytes=53
E20260317 17:10:44.227183 434755 consensus_manager_pbft.cpp:208] recv impl type:5 sender id:3 seq:56 primary:1 is recovery:0
E20260317 17:10:44.227902 434778 rdma_replica_communicator.cpp:75] [RDMA] send target id=3 ip=128.110.216.196 base_port=29003 rdma_port=29003 payload_bytes=53
E20260317 17:10:44.241570 434656 transaction_manager.cpp:91]  execute batch seq:55
E20260317 17:10:44.231585 434741 rdma_replica_communicator.cpp:75] [RDMA] send target id=4 ip=128.110.216.196 base_port=29004 rdma_port=29004 payload_bytes=53
E20260317 17:10:44.233839 434805 consensus_manager_pbft.cpp:208] recv impl type:5 sender id:1 seq:56 primary:1 is recovery:0
E20260317 17:10:44.235016 434827 rdma_replica_communicator.cpp:75] [RDMA] send target id=2 ip=128.110.216.196 base_port=29002 rdma_port=29002 payload_bytes=53
E20260317 17:10:44.237427 434754 consensus_manager_pbft.cpp:208] recv impl type:5 sender id:4 seq:56 primary:1 is recovery:0
E20260317 17:10:44.237807 434803 rdma_replica_communicator.cpp:75] [RDMA] send target id=3 ip=128.110.216.196 base_port=29003 rdma_port=29003 payload_bytes=53
E20260317 17:10:44.240123 434779 consensus_manager_pbft.cpp:208] recv impl type:5 sender id:3 seq:56 primary:1 is recovery:0
E20260317 17:10:44.240681 434755 checkpoint_manager.cpp:530]  add commited state:56
E20260317 17:10:44.241199 434649 lock_free_collector_pool.cpp:71]  update:312 seq:312 cap:256 update seq:56
E20260317 17:10:44.230288 434777 consensus_manager_pbft.cpp:208] recv impl type:5 sender id:2 seq:56 primary:1 is recovery:0
E20260317 17:10:44.241734 434778 rdma_replica_communicator.cpp:75] [RDMA] send target id=4 ip=128.110.216.196 base_port=29004 rdma_port=29004 payload_bytes=53
E20260317 17:10:44.244258 434804 consensus_manager_pbft.cpp:208] recv impl type:5 sender id:2 seq:56 primary:1 is recovery:0
E20260317 17:10:44.245139 434661 commitment.cpp:363] send back to proxy:1
E20260317 17:10:44.247870 434829 consensus_manager_pbft.cpp:208] recv impl type:5 sender id:1 seq:56 primary:1 is recovery:0
E20260317 17:10:44.249014 434827 rdma_replica_communicator.cpp:75] [RDMA] send target id=3 ip=128.110.216.196 base_port=29003 rdma_port=29003 payload_bytes=53
E20260317 17:10:44.251250 434776 consensus_manager_pbft.cpp:208] recv impl type:5 sender id:4 seq:56 primary:1 is recovery:0
E20260317 17:10:44.251679 434754 message_manager.cpp:204]  add request fail
E20260317 17:10:44.252602 434803 rdma_replica_communicator.cpp:75] [RDMA] send target id=4 ip=128.110.216.196 base_port=29004 rdma_port=29004 payload_bytes=53
E20260317 17:10:44.255200 434805 consensus_manager_pbft.cpp:208] recv impl type:5 sender id:3 seq:56 primary:1 is recovery:0
E20260317 17:10:44.258337 434777 checkpoint_manager.cpp:530]  add commited state:56
E20260317 17:10:44.273450 434700 transaction_manager.cpp:91]  execute batch seq:55
E20260317 17:10:44.259289 434679 transaction_manager.cpp:91]  execute batch seq:55
E20260317 17:10:44.261515 434828 consensus_manager_pbft.cpp:208] recv impl type:5 sender id:2 seq:56 primary:1 is recovery:0
E20260317 17:10:44.262918 434661 rdma_replica_communicator.cpp:75] [RDMA] send target id=1 ip=128.110.216.196 base_port=29001 rdma_port=29001 payload_bytes=53
E20260317 17:10:44.265304 434827 rdma_replica_communicator.cpp:75] [RDMA] send target id=4 ip=128.110.216.196 base_port=29004 rdma_port=29004 payload_bytes=53
E20260317 17:10:44.267596 434804 consensus_manager_pbft.cpp:208] recv impl type:5 sender id:4 seq:56 primary:1 is recovery:0
E20260317 17:10:44.268081 434776 message_manager.cpp:204]  add request fail
E20260317 17:10:44.271890 434829 consensus_manager_pbft.cpp:208] recv impl type:5 sender id:3 seq:56 primary:1 is recovery:0
E20260317 17:10:44.272516 434805 checkpoint_manager.cpp:530]  add commited state:56
E20260317 17:10:44.286298 434715 lock_free_collector_pool.cpp:71]  update:312 seq:312 cap:256 update seq:56
E20260317 17:10:44.258885 434671 lock_free_collector_pool.cpp:71]  update:312 seq:312 cap:256 update seq:56
E20260317 17:10:44.275084 434705 commitment.cpp:363] send back to proxy:1
E20260317 17:10:44.276095 434683 commitment.cpp:363] send back to proxy:1
E20260317 17:10:44.280381 434755 consensus_manager_pbft.cpp:208] recv impl type:7 sender id:1 seq:56 primary:1 is recovery:0
E20260317 17:10:44.281343 434827 consensus_manager_pbft.cpp:208] recv impl type:5 sender id:4 seq:56 primary:1 is recovery:0
E20260317 17:10:44.283562 434804 message_manager.cpp:204]  add request fail
E20260317 17:10:44.285385 434829 checkpoint_manager.cpp:530]  add commited state:56
E20260317 17:10:44.286500 434724 transaction_manager.cpp:91]  execute batch seq:55
E20260317 17:10:44.273068 434693 lock_free_collector_pool.cpp:71]  update:312 seq:312 cap:256 update seq:56
E20260317 17:10:44.289120 434705 rdma_replica_communicator.cpp:75] [RDMA] send target id=1 ip=128.110.216.196 base_port=29001 rdma_port=29001 payload_bytes=53
E20260317 17:10:44.289979 434683 rdma_replica_communicator.cpp:75] [RDMA] send target id=1 ip=128.110.216.196 base_port=29001 rdma_port=29001 payload_bytes=53
E20260317 17:10:44.290802 434755 response_manager.cpp:187]  receive request seq:56 type:7 local id:56
E20260317 17:10:44.291584 434827 message_manager.cpp:204]  add request fail
E20260317 17:10:44.294471 434727 commitment.cpp:363] send back to proxy:1
E20260317 17:10:44.298667 434753 consensus_manager_pbft.cpp:208] recv impl type:7 sender id:3 seq:56 primary:1 is recovery:0
E20260317 17:10:44.301599 434752 consensus_manager_pbft.cpp:208] recv impl type:7 sender id:2 seq:56 primary:1 is recovery:0
E20260317 17:10:44.302003 434755 response_manager.cpp:214]  get receive count:0 seq:56
E20260317 17:10:44.303568 434727 rdma_replica_communicator.cpp:75] [RDMA] send target id=1 ip=128.110.216.196 base_port=29001 rdma_port=29001 payload_bytes=53
E20260317 17:10:44.304384 434753 response_manager.cpp:187]  receive request seq:56 type:7 local id:56
E20260317 17:10:44.305198 434752 response_manager.cpp:187]  receive request seq:56 type:7 local id:56
E20260317 17:10:44.309252 434755 consensus_manager_pbft.cpp:208] recv impl type:7 sender id:4 seq:56 primary:1 is recovery:0
E20260317 17:10:44.309643 434753 response_manager.cpp:214]  get receive count:1 seq:56
E20260317 17:10:44.311254 434755 response_manager.cpp:187]  receive request seq:56 type:7 local id:56
E20260317 17:10:44.312086 434753 lock_free_collector_pool.cpp:71]  update:312 seq:312 cap:256 update seq:56
E20260317 17:10:44.313642 434753 response_manager.cpp:227] SendResponseToClient local_id:56 seq:56 proxy_id:1
E20260317 17:10:44.314494 434753 lock_free_collector_pool.cpp:71]  update:312 seq:312 cap:256 update seq:56
E20260317 17:10:44.315578 434647 consensus_server.cpp:223] Selftest completed request i=54 ret=0 value=light_value
E20260317 17:10:44.315583 434753 response_manager.cpp:259] response sent to client local_id:56 seq:56
E20260317 17:10:44.861450 434648 stats.cpp:474]   req client latency:0.000185912
E20260317 17:10:45.588461 434647 consensus_server.cpp:291] Self-test passed mode=basic_ring (GET verified, last_value=light_value)
E20260317 17:10:45.589015 434647 consensus_server.cpp:294] RESULT mode=basic_ring num_requests=55 total_time_s=16.258 throughput_rps=3.38296 avg_us=295595 p50_us=295500 p95_us=298207 p99_us=299389 min_us=292248 max_us=299560 status=OK
% time     seconds  usecs/call     calls    errors syscall
------ ----------- ----------- --------- --------- ------------------
 89.40  472.154372        3180    148452     45028 futex
  3.05   16.084968        2315      6948           clock_nanosleep
  2.30   12.137459     1517182         8           epoll_pwait
  2.25   11.865409       15057       788           ppoll
  2.19   11.563519       97172       119        63 accept
  0.52    2.721978       12151       224           recvfrom
  0.13    0.696642          32     21690         4 write
  0.08    0.418963          19     21006           getpid
  0.08    0.398505          42      9430           gettid
  0.00    0.014024          14       987           mprotect
  0.00    0.012031          64       187           close
  0.00    0.011562          15       751           rt_sigprocmask
  0.00    0.009637          52       185           clone
  0.00    0.008059         141        57         1 connect
  0.00    0.007760         103        75           setsockopt
  0.00    0.007303          39       186           madvise
  0.00    0.005115          11       448         1 ioctl
  0.00    0.004859          20       232           sendto
  0.00    0.003764           8       425           mmap
  0.00    0.003672          12       287           munmap
  0.00    0.002467          13       186           rseq
  0.00    0.002424          13       186           set_robust_list
  0.00    0.002277           5       408           brk
  0.00    0.000958          13        69         2 openat
  0.00    0.000519           5        88         1 newfstatat
  0.00    0.000339           6        56           read
  0.00    0.000239           8        28           recvmsg
  0.00    0.000131           1        72           socket
  0.00    0.000063           4        14           bind
  0.00    0.000058           3        16           epoll_ctl
  0.00    0.000051          17         3         3 unlinkat
  0.00    0.000043           5         8           listen
  0.00    0.000041           6         6           fcntl
  0.00    0.000036          12         3         3 symlinkat
  0.00    0.000029           7         4           uname
  0.00    0.000027           6         4           eventfd2
  0.00    0.000026           4         6           getsockname
  0.00    0.000025           6         4           lseek
  0.00    0.000021          21         1           sched_getaffinity
  0.00    0.000016           4         4           epoll_create1
  0.00    0.000015           3         4           timerfd_create
  0.00    0.000008           4         2           getdents64
  0.00    0.000005           2         2           getuid
  0.00    0.000005           1         3           geteuid
  0.00    0.000000           0         1         1 faccessat
  0.00    0.000000           0         1           set_tid_address
  0.00    0.000000           0        15           rt_sigaction
  0.00    0.000000           0         3           sendmsg
  0.00    0.000000           0         1           execve
  0.00    0.000000           0         2           prlimit64
  0.00    0.000000           0         1           getrandom
------ ----------- ----------- --------- --------- ------------------
100.00  528.139424        2471    213686     45107 total",
2026-03-17T17:12:25,basic_ring,128.110.216.196,29000,55,5,0,30.081359261996113,5.90776e-06,basic_ring,basic_ring,55,5.88359,9.34804,106971.0,106639.0,107673.0,107839.0,105755.0,124998.0,OK,"NO shared receive
>>>>>>>> post recvs
connect request had data with it: 56 bytes
>>>>>>>> post recvs
[BasicServer] accepted client 2
NO shared receive
>>>>>>>> post recvs
connect request had data with it: 56 bytes
>>>>>>>> post recvs
[BasicServer] accepted client 2
NO shared receive
>>>>>>>> post recvs
connect request had data with it: 56 bytes
>>>>>>>> post recvs
[BasicServer] accepted client 2
NO shared receive
>>>>>>>> post recvs
connect request had data with it: 56 bytes
>>>>>>>> post recvs
[BasicServer] accepted client 2
NO shared receive
>>>>>>>> post recvs
connect request had data with it: 56 bytes
>>>>>>>> post recvs
[BasicServer] accepted client 3
NO shared receive
>>>>>>>> post recvs
connect request had data with it: 56 bytes
>>>>>>>> post recvs
[BasicServer] accepted client 3
NO shared receive
>>>>>>>> post recvs
connect request had data with it: 56 bytes
>>>>>>>> post recvs
[BasicServer] accepted client 3
NO shared receive
>>>>>>>> post recvs
connect request had data with it: 56 bytes
>>>>>>>> post recvs
[BasicServer] accepted client 3","E20260317 17:11:18.670684 434933 response_manager.cpp:187]  receive request seq:56 type:7 local id:56
E20260317 17:11:18.670771 434934 response_manager.cpp:187]  receive request seq:56 type:7 local id:56
E20260317 17:11:18.670809 434938 response_manager.cpp:214]  get receive count:0 seq:56
E20260317 17:11:18.670930 435020 rdma_replica_communicator.cpp:75] [RDMA] send target id=1 ip=128.110.216.196 base_port=29001 rdma_port=29001 payload_bytes=53
E20260317 17:11:18.670964 434993 checkpoint_manager.cpp:495] get high prepared seq:56
E20260317 17:11:18.671006 434917 rdma_replica_communicator.cpp:75] [RDMA] send target id=1 ip=128.110.216.196 base_port=29001 rdma_port=29001 payload_bytes=53
E20260317 17:11:18.671221 434945 consensus_manager_pbft.cpp:208] recv impl type:5 sender id:4 seq:56 primary:1 is recovery:0
E20260317 17:11:18.671149 435020 rdma_replica_communicator.cpp:75] [RDMA] send target id=2 ip=128.110.216.196 base_port=29002 rdma_port=29002 payload_bytes=53
E20260317 17:11:18.671183 434993 rdma_replica_communicator.cpp:75] [RDMA] send target id=1 ip=128.110.216.196 base_port=29001 rdma_port=29001 payload_bytes=53
E20260317 17:11:18.671345 434938 consensus_manager_pbft.cpp:208] recv impl type:7 sender id:4 seq:56 primary:1 is recovery:0
E20260317 17:11:18.671258 434945 message_manager.cpp:188]  seq:56 type:5 has been committed
E20260317 17:11:18.671305 435020 rdma_replica_communicator.cpp:75] [RDMA] send target id=3 ip=128.110.216.196 base_port=29003 rdma_port=29003 payload_bytes=53
E20260317 17:11:18.671489 435020 rdma_replica_communicator.cpp:75] [RDMA] send target id=4 ip=128.110.216.196 base_port=29004 rdma_port=29004 payload_bytes=53
E20260317 17:11:18.671389 434938 response_manager.cpp:187]  receive request seq:56 type:7 local id:56
E20260317 17:11:18.671564 434999 consensus_manager_pbft.cpp:208] recv impl type:5 sender id:4 seq:56 primary:1 is recovery:0
E20260317 17:11:18.671613 434999 message_manager.cpp:188]  seq:56 type:5 has been committed
E20260317 17:11:18.671037 434933 response_manager.cpp:214]  get receive count:1 seq:56
E20260317 17:11:18.671454 434945 consensus_manager_pbft.cpp:208] recv impl type:5 sender id:3 seq:56 primary:1 is recovery:0
E20260317 17:11:18.671357 434993 rdma_replica_communicator.cpp:75] [RDMA] send target id=2 ip=128.110.216.196 base_port=29002 rdma_port=29002 payload_bytes=53
E20260317 17:11:18.671551 435020 consensus_manager_pbft.cpp:208] recv impl type:5 sender id:4 seq:56 primary:1 is recovery:0
E20260317 17:11:18.671399 434957 consensus_manager_pbft.cpp:208] recv impl type:5 sender id:4 seq:56 primary:1 is recovery:0
E20260317 17:11:18.671700 434933 lock_free_collector_pool.cpp:71]  update:312 seq:312 cap:256 update seq:56
E20260317 17:11:18.671753 434945 message_manager.cpp:188]  seq:56 type:5 has been committed
E20260317 17:11:18.671810 434993 rdma_replica_communicator.cpp:75] [RDMA] send target id=3 ip=128.110.216.196 base_port=29003 rdma_port=29003 payload_bytes=53
E20260317 17:11:18.671877 434969 consensus_manager_pbft.cpp:208] recv impl type:5 sender id:3 seq:56 primary:1 is recovery:0
E20260317 17:11:18.672132 434969 message_manager.cpp:188]  seq:56 type:5 has been committed
E20260317 17:11:18.671926 435020 message_manager.cpp:188]  seq:56 type:5 has been committed
E20260317 17:11:18.671970 434957 message_manager.cpp:188]  seq:56 type:5 has been committed
E20260317 17:11:18.672029 434933 response_manager.cpp:227] SendResponseToClient local_id:56 seq:56 proxy_id:1
E20260317 17:11:18.672397 434933 lock_free_collector_pool.cpp:71]  update:312 seq:312 cap:256 update seq:56
E20260317 17:11:18.672108 434993 rdma_replica_communicator.cpp:75] [RDMA] send target id=4 ip=128.110.216.196 base_port=29004 rdma_port=29004 payload_bytes=53
E20260317 17:11:18.672178 434999 consensus_manager_pbft.cpp:208] recv impl type:5 sender id:3 seq:56 primary:1 is recovery:0
E20260317 17:11:18.672693 434999 message_manager.cpp:188]  seq:56 type:5 has been committed
E20260317 17:11:18.672598 434933 response_manager.cpp:259] response sent to client local_id:56 seq:56
E20260317 17:11:18.672711 435024 consensus_manager_pbft.cpp:208] recv impl type:5 sender id:3 seq:56 primary:1 is recovery:0
E20260317 17:11:18.672636 434837 consensus_server.cpp:223] Selftest completed request i=54 ret=0 value=light_value
E20260317 17:11:18.672888 435024 message_manager.cpp:188]  seq:56 type:5 has been committed
E20260317 17:11:19.827262 434837 consensus_server.cpp:291] Self-test passed mode=basic_ring (GET verified, last_value=light_value)
E20260317 17:11:19.827356 434837 consensus_server.cpp:294] RESULT mode=basic_ring num_requests=55 total_time_s=5.88359 throughput_rps=9.34804 avg_us=106971 p50_us=106639 p95_us=107673 p99_us=107839 min_us=105755 max_us=124998 status=OK
E20260317 17:11:19.955472 434838 stats.cpp:474]   req client latency:6.12511e-06","E20260317 17:11:59.259647 435157 consensus_manager_pbft.cpp:208] recv impl type:7 sender id:1 seq:55 primary:1 is recovery:0
E20260317 17:11:59.260388 435129 commitment.cpp:363] send back to proxy:1
E20260317 17:11:59.260851 435227 message_manager.cpp:204]  add request fail
E20260317 17:11:59.256191 435117 lock_free_collector_pool.cpp:71]  update:311 seq:311 cap:256 update seq:55
E20260317 17:11:59.266387 435156 response_manager.cpp:187]  receive request seq:55 type:7 local id:55
E20260317 17:11:59.269842 435155 consensus_manager_pbft.cpp:208] recv impl type:7 sender id:2 seq:55 primary:1 is recovery:0
E20260317 17:11:59.270346 435157 response_manager.cpp:187]  receive request seq:55 type:7 local id:55
E20260317 17:11:59.271199 435129 rdma_replica_communicator.cpp:75] [RDMA] send target id=1 ip=128.110.216.196 base_port=29001 rdma_port=29001 payload_bytes=53
E20260317 17:11:59.273546 435156 response_manager.cpp:214]  get receive count:0 seq:55
E20260317 17:11:59.274389 435155 response_manager.cpp:187]  receive request seq:55 type:7 local id:55
E20260317 17:11:59.275184 435157 response_manager.cpp:214]  get receive count:1 seq:55
E20260317 17:11:59.278376 435154 consensus_manager_pbft.cpp:208] recv impl type:7 sender id:4 seq:55 primary:1 is recovery:0
E20260317 17:11:59.280356 435157 lock_free_collector_pool.cpp:71]  update:311 seq:311 cap:256 update seq:55
E20260317 17:11:59.281167 435154 response_manager.cpp:187]  receive request seq:55 type:7 local id:55
E20260317 17:11:59.281968 435157 response_manager.cpp:227] SendResponseToClient local_id:55 seq:55 proxy_id:1
E20260317 17:11:59.283557 435157 lock_free_collector_pool.cpp:71]  update:311 seq:311 cap:256 update seq:55
E20260317 17:11:59.284674 435157 response_manager.cpp:259] response sent to client local_id:55 seq:55
E20260317 17:11:59.284674 435049 consensus_server.cpp:223] Selftest completed request i=53 ret=0 value=light_value
E20260317 17:11:59.286664 435049 consensus_server.cpp:221] Selftest sending request i=54
E20260317 17:11:59.291163 435156 consensus_manager_pbft.cpp:208] recv impl type:2 sender id:0 seq:0 primary:1 is recovery:0
E20260317 17:11:59.392403 435065 response_manager.cpp:327] add context list:0 list size:1 local_id:56
E20260317 17:11:59.393265 435065 rdma_replica_communicator.cpp:75] [RDMA] send target id=1 ip=128.110.216.196 base_port=29001 rdma_port=29001 payload_bytes=82
E20260317 17:11:59.396709 435157 consensus_manager_pbft.cpp:208] recv impl type:14 sender id:1 seq:0 primary:1 is recovery:0
E20260317 17:11:59.397512 435157 rdma_replica_communicator.cpp:75] [RDMA] send target id=1 ip=128.110.216.196 base_port=29001 rdma_port=29001 payload_bytes=89
E20260317 17:11:59.398308 435157 rdma_replica_communicator.cpp:75] [RDMA] send target id=2 ip=128.110.216.196 base_port=29002 rdma_port=29002 payload_bytes=89
E20260317 17:11:59.400858 435156 consensus_manager_pbft.cpp:208] recv impl type:3 sender id:1 seq:56 primary:1 is recovery:0
E20260317 17:11:59.401351 435157 rdma_replica_communicator.cpp:75] [RDMA] send target id=3 ip=128.110.216.196 base_port=29003 rdma_port=29003 payload_bytes=89
E20260317 17:11:59.404268 435181 consensus_manager_pbft.cpp:208] recv impl type:3 sender id:1 seq:56 primary:1 is recovery:0
E20260317 17:11:59.404774 435156 rdma_replica_communicator.cpp:75] [RDMA] send target id=1 ip=128.110.216.196 base_port=29001 rdma_port=29001 payload_bytes=51
E20260317 17:11:59.405706 435157 rdma_replica_communicator.cpp:75] [RDMA] send target id=4 ip=128.110.216.196 base_port=29004 rdma_port=29004 payload_bytes=89
E20260317 17:11:59.408253 435205 consensus_manager_pbft.cpp:208] recv impl type:3 sender id:1 seq:56 primary:1 is recovery:0
E20260317 17:11:59.408790 435181 rdma_replica_communicator.cpp:75] [RDMA] send target id=1 ip=128.110.216.196 base_port=29001 rdma_port=29001 payload_bytes=51
E20260317 17:11:59.409612 435156 rdma_replica_communicator.cpp:75] [RDMA] send target id=2 ip=128.110.216.196 base_port=29002 rdma_port=29002 payload_bytes=51
E20260317 17:11:59.412205 435155 consensus_manager_pbft.cpp:208] recv impl type:4 sender id:1 seq:56 primary:1 is recovery:0
E20260317 17:11:59.415313 435229 consensus_manager_pbft.cpp:208] recv impl type:3 sender id:1 seq:56 primary:1 is recovery:0
E20260317 17:11:59.415707 435205 rdma_replica_communicator.cpp:75] [RDMA] send target id=1 ip=128.110.216.196 base_port=29001 rdma_port=29001 payload_bytes=51
E20260317 17:11:59.416575 435181 rdma_replica_communicator.cpp:75] [RDMA] send target id=2 ip=128.110.216.196 base_port=29002 rdma_port=29002 payload_bytes=51
E20260317 17:11:59.419085 435157 consensus_manager_pbft.cpp:208] recv impl type:4 sender id:2 seq:56 primary:1 is recovery:0
E20260317 17:11:59.419525 435156 rdma_replica_communicator.cpp:75] [RDMA] send target id=3 ip=128.110.216.196 base_port=29003 rdma_port=29003 payload_bytes=51
E20260317 17:11:59.422065 435180 consensus_manager_pbft.cpp:208] recv impl type:4 sender id:1 seq:56 primary:1 is recovery:0
E20260317 17:11:59.423341 435229 rdma_replica_communicator.cpp:75] [RDMA] send target id=1 ip=128.110.216.196 base_port=29001 rdma_port=29001 payload_bytes=51
E20260317 17:11:59.424085 435205 rdma_replica_communicator.cpp:75] [RDMA] send target id=2 ip=128.110.216.196 base_port=29002 rdma_port=29002 payload_bytes=51
E20260317 17:11:59.426573 435155 consensus_manager_pbft.cpp:208] recv impl type:4 sender id:3 seq:56 primary:1 is recovery:0
E20260317 17:11:59.426975 435181 rdma_replica_communicator.cpp:75] [RDMA] send target id=3 ip=128.110.216.196 base_port=29003 rdma_port=29003 payload_bytes=51
E20260317 17:11:59.429719 435179 consensus_manager_pbft.cpp:208] recv impl type:4 sender id:2 seq:56 primary:1 is recovery:0
E20260317 17:11:59.431002 435156 rdma_replica_communicator.cpp:75] [RDMA] send target id=4 ip=128.110.216.196 base_port=29004 rdma_port=29004 payload_bytes=51
E20260317 17:11:59.433439 435203 consensus_manager_pbft.cpp:208] recv impl type:4 sender id:1 seq:56 primary:1 is recovery:0
E20260317 17:11:59.434664 435229 rdma_replica_communicator.cpp:75] [RDMA] send target id=2 ip=128.110.216.196 base_port=29002 rdma_port=29002 payload_bytes=51
E20260317 17:11:59.437279 435157 consensus_manager_pbft.cpp:208] recv impl type:4 sender id:4 seq:56 primary:1 is recovery:0
E20260317 17:11:59.437674 435205 rdma_replica_communicator.cpp:75] [RDMA] send target id=3 ip=128.110.216.196 base_port=29003 rdma_port=29003 payload_bytes=51
E20260317 17:11:59.440074 435178 consensus_manager_pbft.cpp:208] recv impl type:4 sender id:3 seq:56 primary:1 is recovery:0
E20260317 17:11:59.440449 435155 checkpoint_manager.cpp:495] get high prepared seq:55
E20260317 17:11:59.441958 435181 rdma_replica_communicator.cpp:75] [RDMA] send target id=4 ip=128.110.216.196 base_port=29004 rdma_port=29004 payload_bytes=51
E20260317 17:11:59.444551 435204 consensus_manager_pbft.cpp:208] recv impl type:4 sender id:2 seq:56 primary:1 is recovery:0
E20260317 17:11:59.448133 435228 consensus_manager_pbft.cpp:208] recv impl type:4 sender id:1 seq:56 primary:1 is recovery:0
E20260317 17:11:59.449286 435229 rdma_replica_communicator.cpp:75] [RDMA] send target id=3 ip=128.110.216.196 base_port=29003 rdma_port=29003 payload_bytes=51
E20260317 17:11:59.451666 435180 consensus_manager_pbft.cpp:208] recv impl type:4 sender id:4 seq:56 primary:1 is recovery:0
E20260317 17:11:59.452950 435205 rdma_replica_communicator.cpp:75] [RDMA] send target id=4 ip=128.110.216.196 base_port=29004 rdma_port=29004 payload_bytes=51
E20260317 17:11:59.455462 435203 consensus_manager_pbft.cpp:208] recv impl type:4 sender id:3 seq:56 primary:1 is recovery:0
E20260317 17:11:59.455947 435178 checkpoint_manager.cpp:495] get high prepared seq:55
E20260317 17:11:59.456976 435155 checkpoint_manager.cpp:500] set high prepared seq:56
E20260317 17:11:59.460001 435227 consensus_manager_pbft.cpp:208] recv impl type:4 sender id:2 seq:56 primary:1 is recovery:0
E20260317 17:11:59.460393 435204 checkpoint_manager.cpp:495] get high prepared seq:55
E20260317 17:11:59.461957 435229 rdma_replica_communicator.cpp:75] [RDMA] send target id=4 ip=128.110.216.196 base_port=29004 rdma_port=29004 payload_bytes=51
E20260317 17:11:59.464188 435202 consensus_manager_pbft.cpp:208] recv impl type:4 sender id:4 seq:56 primary:1 is recovery:0
E20260317 17:11:59.467451 435228 consensus_manager_pbft.cpp:208] recv impl type:4 sender id:3 seq:56 primary:1 is recovery:0
E20260317 17:11:59.468763 435178 checkpoint_manager.cpp:500] set high prepared seq:56
E20260317 17:11:59.469535 435155 rdma_replica_communicator.cpp:75] [RDMA] send target id=1 ip=128.110.216.196 base_port=29001 rdma_port=29001 payload_bytes=53
E20260317 17:11:59.470340 435227 checkpoint_manager.cpp:495] get high prepared seq:55
E20260317 17:11:59.471257 435204 checkpoint_manager.cpp:500] set high prepared seq:56
E20260317 17:11:59.472337 435229 consensus_manager_pbft.cpp:208] recv impl type:4 sender id:4 seq:56 primary:1 is recovery:0
E20260317 17:11:59.476238 435178 rdma_replica_communicator.cpp:75] [RDMA] send target id=1 ip=128.110.216.196 base_port=29001 rdma_port=29001 payload_bytes=53
E20260317 17:11:59.477123 435155 rdma_replica_communicator.cpp:75] [RDMA] send target id=2 ip=128.110.216.196 base_port=29002 rdma_port=29002 payload_bytes=53
E20260317 17:11:59.479846 435157 consensus_manager_pbft.cpp:208] recv impl type:5 sender id:1 seq:56 primary:1 is recovery:0
E20260317 17:11:59.480353 435227 checkpoint_manager.cpp:500] set high prepared seq:56
E20260317 17:11:59.481066 435204 rdma_replica_communicator.cpp:75] [RDMA] send target id=1 ip=128.110.216.196 base_port=29001 rdma_port=29001 payload_bytes=53
E20260317 17:11:59.482622 435178 rdma_replica_communicator.cpp:75] [RDMA] send target id=2 ip=128.110.216.196 base_port=29002 rdma_port=29002 payload_bytes=53
E20260317 17:11:59.485102 435156 consensus_manager_pbft.cpp:208] recv impl type:5 sender id:2 seq:56 primary:1 is recovery:0
E20260317 17:11:59.485504 435155 rdma_replica_communicator.cpp:75] [RDMA] send target id=3 ip=128.110.216.196 base_port=29003 rdma_port=29003 payload_bytes=53
E20260317 17:11:59.487963 435181 consensus_manager_pbft.cpp:208] recv impl type:5 sender id:1 seq:56 primary:1 is recovery:0
E20260317 17:11:59.489135 435227 rdma_replica_communicator.cpp:75] [RDMA] send target id=1 ip=128.110.216.196 base_port=29001 rdma_port=29001 payload_bytes=53
E20260317 17:11:59.490341 435204 rdma_replica_communicator.cpp:75] [RDMA] send target id=2 ip=128.110.216.196 base_port=29002 rdma_port=29002 payload_bytes=53
E20260317 17:11:59.492975 435157 consensus_manager_pbft.cpp:208] recv impl type:5 sender id:3 seq:56 primary:1 is recovery:0
E20260317 17:11:59.493371 435178 rdma_replica_communicator.cpp:75] [RDMA] send target id=3 ip=128.110.216.196 base_port=29003 rdma_port=29003 payload_bytes=53
E20260317 17:11:59.495822 435180 consensus_manager_pbft.cpp:208] recv impl type:5 sender id:2 seq:56 primary:1 is recovery:0
E20260317 17:11:59.497143 435155 rdma_replica_communicator.cpp:75] [RDMA] send target id=4 ip=128.110.216.196 base_port=29004 rdma_port=29004 payload_bytes=53
E20260317 17:11:59.499550 435205 consensus_manager_pbft.cpp:208] recv impl type:5 sender id:1 seq:56 primary:1 is recovery:0
E20260317 17:11:59.500751 435227 rdma_replica_communicator.cpp:75] [RDMA] send target id=2 ip=128.110.216.196 base_port=29002 rdma_port=29002 payload_bytes=53
E20260317 17:11:59.503340 435156 consensus_manager_pbft.cpp:208] recv impl type:5 sender id:4 seq:56 primary:1 is recovery:0
E20260317 17:11:59.503996 435204 rdma_replica_communicator.cpp:75] [RDMA] send target id=3 ip=128.110.216.196 base_port=29003 rdma_port=29003 payload_bytes=53
E20260317 17:11:59.506592 435181 consensus_manager_pbft.cpp:208] recv impl type:5 sender id:3 seq:56 primary:1 is recovery:0
E20260317 17:11:59.507175 435157 checkpoint_manager.cpp:530]  add commited state:56
E20260317 17:11:59.522924 435080 transaction_manager.cpp:91]  execute batch seq:55
E20260317 17:11:59.508102 435061 transaction_manager.cpp:91]  execute batch seq:55
E20260317 17:11:59.508299 435178 rdma_replica_communicator.cpp:75] [RDMA] send target id=4 ip=128.110.216.196 base_port=29004 rdma_port=29004 payload_bytes=53
E20260317 17:11:59.510735 435203 consensus_manager_pbft.cpp:208] recv impl type:5 sender id:2 seq:56 primary:1 is recovery:0
E20260317 17:11:59.514338 435229 consensus_manager_pbft.cpp:208] recv impl type:5 sender id:1 seq:56 primary:1 is recovery:0
E20260317 17:11:59.515434 435227 rdma_replica_communicator.cpp:75] [RDMA] send target id=3 ip=128.110.216.196 base_port=29003 rdma_port=29003 payload_bytes=53
E20260317 17:11:59.517784 435180 consensus_manager_pbft.cpp:208] recv impl type:5 sender id:4 seq:56 primary:1 is recovery:0
E20260317 17:11:59.518302 435156 message_manager.cpp:204]  add request fail
E20260317 17:11:59.519107 435204 rdma_replica_communicator.cpp:75] [RDMA] send target id=4 ip=128.110.216.196 base_port=29004 rdma_port=29004 payload_bytes=53
E20260317 17:11:59.521375 435205 consensus_manager_pbft.cpp:208] recv impl type:5 sender id:3 seq:56 primary:1 is recovery:0
E20260317 17:11:59.521991 435181 checkpoint_manager.cpp:530]  add commited state:56
E20260317 17:11:59.538296 435101 transaction_manager.cpp:91]  execute batch seq:55
E20260317 17:11:59.507719 435051 lock_free_collector_pool.cpp:71]  update:312 seq:312 cap:256 update seq:56
E20260317 17:11:59.524533 435085 commitment.cpp:363] send back to proxy:1
E20260317 17:11:59.525548 435063 commitment.cpp:363] send back to proxy:1
E20260317 17:11:59.528143 435228 consensus_manager_pbft.cpp:208] recv impl type:5 sender id:2 seq:56 primary:1 is recovery:0
E20260317 17:11:59.530074 435227 rdma_replica_communicator.cpp:75] [RDMA] send target id=4 ip=128.110.216.196 base_port=29004 rdma_port=29004 payload_bytes=53
E20260317 17:11:59.532323 435203 consensus_manager_pbft.cpp:208] recv impl type:5 sender id:4 seq:56 primary:1 is recovery:0
E20260317 17:11:59.532819 435180 message_manager.cpp:204]  add request fail
E20260317 17:11:59.536741 435229 consensus_manager_pbft.cpp:208] recv impl type:5 sender id:3 seq:56 primary:1 is recovery:0
E20260317 17:11:59.537395 435205 checkpoint_manager.cpp:530]  add commited state:56
E20260317 17:11:59.549777 435127 transaction_manager.cpp:91]  execute batch seq:55
E20260317 17:11:59.522539 435073 lock_free_collector_pool.cpp:71]  update:312 seq:312 cap:256 update seq:56
E20260317 17:11:59.539882 435107 commitment.cpp:363] send back to proxy:1
E20260317 17:11:59.541236 435085 rdma_replica_communicator.cpp:75] [RDMA] send target id=1 ip=128.110.216.196 base_port=29001 rdma_port=29001 payload_bytes=53
E20260317 17:11:59.542675 435063 rdma_replica_communicator.cpp:75] [RDMA] send target id=1 ip=128.110.216.196 base_port=29001 rdma_port=29001 payload_bytes=53
E20260317 17:11:59.544976 435227 consensus_manager_pbft.cpp:208] recv impl type:5 sender id:4 seq:56 primary:1 is recovery:0
E20260317 17:11:59.547227 435203 message_manager.cpp:204]  add request fail
E20260317 17:11:59.549113 435229 checkpoint_manager.cpp:530]  add commited state:56
E20260317 17:11:59.549602 435117 lock_free_collector_pool.cpp:71]  update:312 seq:312 cap:256 update seq:56
E20260317 17:11:59.537919 435095 lock_free_collector_pool.cpp:71]  update:312 seq:312 cap:256 update seq:56
E20260317 17:11:59.551468 435129 commitment.cpp:363] send back to proxy:1
E20260317 17:11:59.552852 435107 rdma_replica_communicator.cpp:75] [RDMA] send target id=1 ip=128.110.216.196 base_port=29001 rdma_port=29001 payload_bytes=53
E20260317 17:11:59.556658 435157 consensus_manager_pbft.cpp:208] recv impl type:7 sender id:2 seq:56 primary:1 is recovery:0
E20260317 17:11:59.559785 435156 consensus_manager_pbft.cpp:208] recv impl type:7 sender id:1 seq:56 primary:1 is recovery:0
E20260317 17:11:59.560326 435227 message_manager.cpp:204]  add request fail
E20260317 17:11:59.564281 435129 rdma_replica_communicator.cpp:75] [RDMA] send target id=1 ip=128.110.216.196 base_port=29001 rdma_port=29001 payload_bytes=53
E20260317 17:11:59.567505 435155 consensus_manager_pbft.cpp:208] recv impl type:7 sender id:3 seq:56 primary:1 is recovery:0
E20260317 17:11:59.567885 435157 response_manager.cpp:187]  receive request seq:56 type:7 local id:56
E20260317 17:11:59.568718 435156 response_manager.cpp:187]  receive request seq:56 type:7 local id:56
E20260317 17:11:59.572543 435154 consensus_manager_pbft.cpp:208] recv impl type:7 sender id:4 seq:56 primary:1 is recovery:0
E20260317 17:11:59.572937 435155 response_manager.cpp:187]  receive request seq:56 type:7 local id:56
E20260317 17:11:59.573761 435157 response_manager.cpp:214]  get receive count:0 seq:56
E20260317 17:11:59.574703 435156 response_manager.cpp:214]  get receive count:1 seq:56
E20260317 17:11:59.575511 435154 response_manager.cpp:187]  receive request seq:56 type:7 local id:56
E20260317 17:11:59.577900 435156 lock_free_collector_pool.cpp:71]  update:312 seq:312 cap:256 update seq:56
E20260317 17:11:59.579494 435156 response_manager.cpp:227] SendResponseToClient local_id:56 seq:56 proxy_id:1
E20260317 17:11:59.580291 435156 lock_free_collector_pool.cpp:71]  update:312 seq:312 cap:256 update seq:56
E20260317 17:11:59.581389 435049 consensus_server.cpp:223] Selftest completed request i=54 ret=0 value=light_value
E20260317 17:11:59.581533 435156 response_manager.cpp:259] response sent to client local_id:56 seq:56
E20260317 17:12:00.075881 435050 stats.cpp:474]   req client latency:0.000187603
E20260317 17:12:00.787971 435049 consensus_server.cpp:291] Self-test passed mode=basic_ring (GET verified, last_value=light_value)
E20260317 17:12:00.788422 435049 consensus_server.cpp:294] RESULT mode=basic_ring num_requests=55 total_time_s=16.3148 throughput_rps=3.37117 avg_us=296629 p50_us=296717 p95_us=299173 p99_us=300667 min_us=291843 max_us=301848 status=OK
% time     seconds  usecs/call     calls    errors syscall
------ ----------- ----------- --------- --------- ------------------
 89.36  494.221685        3323    148704     45214 futex
  3.08   17.030401        2449      6954           clock_nanosleep
  2.30   12.719607     1589950         8           epoll_pwait
  2.25   12.446304       15794       788           ppoll
  2.18   12.030000      101092       119        63 accept
  0.50    2.779141       12406       224           recvfrom
  0.14    0.771632          35     21690         4 write
  0.09    0.481184          22     21006           getpid
  0.07    0.391053          41      9430           gettid
  0.01    0.027816          27       997           mprotect
  0.00    0.027062         116       232           sendto
  0.00    0.015987          35       448         1 ioctl
  0.00    0.015423          83       185           clone
  0.00    0.013672          32       425           mmap
  0.00    0.012334          66       186           close
  0.00    0.011801          15       751           rt_sigprocmask
  0.00    0.008153         108        75           setsockopt
  0.00    0.007529         132        57         1 connect
  0.00    0.006009          14       408           brk
  0.00    0.004040          56        72           socket
  0.00    0.003672          19       186           rseq
  0.00    0.003508          18       186           set_robust_list
  0.00    0.003311          11       287           munmap
  0.00    0.002981          16       185           madvise
  0.00    0.001462          16        88         1 newfstatat
  0.00    0.001360          20        68         2 openat
  0.00    0.000519           9        55           read
  0.00    0.000460         460         1           execve
  0.00    0.000380          13        28           recvmsg
  0.00    0.000110           7        14           bind
  0.00    0.000105           6        16           epoll_ctl
  0.00    0.000091           6        15           rt_sigaction
  0.00    0.000076          38         2           getdents64
  0.00    0.000069          23         3           sendmsg
  0.00    0.000047          11         4           lseek
  0.00    0.000045           7         6           getsockname
  0.00    0.000044          14         3         3 unlinkat
  0.00    0.000040           6         6           fcntl
  0.00    0.000037          12         3           geteuid
  0.00    0.000033          11         3         3 symlinkat
  0.00    0.000031           3         8           listen
  0.00    0.000028           7         4           eventfd2
  0.00    0.000028           7         4           uname
  0.00    0.000020          20         1         1 faccessat
  0.00    0.000019          19         1           sched_getaffinity
  0.00    0.000018           9         2           prlimit64
  0.00    0.000017           4         4           epoll_create1
  0.00    0.000016           4         4           timerfd_create
  0.00    0.000009           4         2           getuid
  0.00    0.000009           9         1           getrandom
  0.00    0.000006           6         1           set_tid_address
------ ----------- ----------- --------- --------- ------------------
100.00  553.039384        2584    213950     45293 total",
