timestamp_iso,variant,ip,base_port,num_requests,trial,exit_code,wall_time_s,client_latency_s,selftest_mode_reported,result_mode,result_num_requests,result_total_time_s,result_throughput_rps,result_avg_us,result_p50_us,result_p95_us,result_p99_us,result_min_us,result_max_us,result_status,stdout_tail,stderr_tail,strace_summary,perf_stat
2026-03-08T00:08:54,tcp,128.110.216.196,26000,20,1,0,30.029586220000056,5.49769e-05,tcp,tcp,20,3.00504,6.65549,150248.0,150257.0,150396.0,150396.0,150006.0,150441.0,OK,,"E20260308 00:07:54.433780 162613 checkpoint_manager.cpp:530]  add commited state:21
E20260308 00:07:54.433830 162506 transaction_manager.cpp:91]  execute batch seq:20
E20260308 00:07:54.433759 162685 consensus_manager_pbft.cpp:208] recv impl type:5 sender id:2 seq:21 primary:1 is recovery:0
E20260308 00:07:54.433993 162685 checkpoint_manager.cpp:530]  add commited state:21
E20260308 00:07:54.434032 162582 consensus_manager_pbft.cpp:208] recv impl type:5 sender id:3 seq:21 primary:1 is recovery:0
E20260308 00:07:54.434077 162657 consensus_manager_pbft.cpp:208] recv impl type:5 sender id:3 seq:21 primary:1 is recovery:0
E20260308 00:07:54.433696 162660 checkpoint_manager.cpp:530]  add commited state:21
E20260308 00:07:54.433840 162479 transaction_manager.cpp:91]  execute batch seq:20
E20260308 00:07:54.433873 162533 transaction_manager.cpp:91]  execute batch seq:20
E20260308 00:07:54.434320 162490 commitment.cpp:363] send back to proxy:1
E20260308 00:07:54.434052 162685 consensus_manager_pbft.cpp:208] recv impl type:5 sender id:3 seq:21 primary:1 is recovery:0
E20260308 00:07:54.434082 162559 lock_free_collector_pool.cpp:71]  update:277 seq:277 cap:256 update seq:21
E20260308 00:07:54.434082 162615 consensus_manager_pbft.cpp:208] recv impl type:5 sender id:3 seq:21 primary:1 is recovery:0
E20260308 00:07:54.434091 162582 message_manager.cpp:204]  add request fail
E20260308 00:07:54.433835 162532 lock_free_collector_pool.cpp:71]  update:277 seq:277 cap:256 update seq:21
E20260308 00:07:54.434125 162657 message_manager.cpp:204]  add request fail
E20260308 00:07:54.434135 162560 transaction_manager.cpp:91]  execute batch seq:20
E20260308 00:07:54.433801 162505 lock_free_collector_pool.cpp:71]  update:277 seq:277 cap:256 update seq:21
E20260308 00:07:54.433636 162589 checkpoint_manager.cpp:530]  add commited state:21
E20260308 00:07:54.434038 162517 commitment.cpp:363] send back to proxy:1
E20260308 00:07:54.434351 162544 commitment.cpp:363] send back to proxy:1
E20260308 00:07:54.434455 162685 message_manager.cpp:188]  seq:21 type:5 has been committed
E20260308 00:07:54.434542 162615 message_manager.cpp:188]  seq:21 type:5 has been committed
E20260308 00:07:54.434732 162571 commitment.cpp:363] send back to proxy:1
E20260308 00:07:54.456245 162595 consensus_manager_pbft.cpp:208] recv impl type:7 sender id:3 seq:21 primary:1 is recovery:0
E20260308 00:07:54.456245 162582 consensus_manager_pbft.cpp:208] recv impl type:7 sender id:2 seq:21 primary:1 is recovery:0
E20260308 00:07:54.456305 162595 response_manager.cpp:187]  receive request seq:21 type:7 local id:21
E20260308 00:07:54.456350 162582 response_manager.cpp:187]  receive request seq:21 type:7 local id:21
E20260308 00:07:54.456387 162595 response_manager.cpp:214]  get receive count:0 seq:21
E20260308 00:07:54.456418 162582 response_manager.cpp:214]  get receive count:1 seq:21
E20260308 00:07:54.456473 162582 lock_free_collector_pool.cpp:71]  update:277 seq:277 cap:256 update seq:21
E20260308 00:07:54.456512 162582 response_manager.cpp:227] SendResponseToClient local_id:21 seq:21 proxy_id:1
E20260308 00:07:54.456543 162582 lock_free_collector_pool.cpp:71]  update:277 seq:277 cap:256 update seq:21
E20260308 00:07:54.456652 162582 response_manager.cpp:259] response sent to client local_id:21 seq:21
E20260308 00:07:54.456664 162469 consensus_server.cpp:223] Selftest completed request i=19 ret=0 value=light_value
E20260308 00:07:54.462636 162583 consensus_manager_pbft.cpp:208] recv impl type:7 sender id:1 seq:21 primary:1 is recovery:0
E20260308 00:07:54.462704 162583 response_manager.cpp:187]  receive request seq:21 type:7 local id:21
E20260308 00:07:55.435288 162469 consensus_server.cpp:291] Self-test passed mode=tcp (GET verified, last_value=light_value)
E20260308 00:07:55.435389 162469 consensus_server.cpp:294] RESULT mode=tcp num_requests=20 total_time_s=3.00504 throughput_rps=6.65549 avg_us=150248 p50_us=150257 p95_us=150396 p99_us=150396 min_us=150006 max_us=150441 status=OK
E20260308 00:07:59.038911 162470 stats.cpp:474]   req client latency:4.94293e-05","E20260308 00:08:29.108882 162936 consensus_manager_pbft.cpp:208] recv impl type:4 sender id:4 seq:20 primary:1 is recovery:0
E20260308 00:08:29.071780 162889 consensus_manager_pbft.cpp:208] recv impl type:4 sender id:2 seq:20 primary:1 is recovery:0
E20260308 00:08:29.110682 162865 checkpoint_manager.cpp:495] get high prepared seq:19
E20260308 00:08:29.111545 162935 consensus_manager_pbft.cpp:208] recv impl type:4 sender id:1 seq:20 primary:1 is recovery:0
E20260308 00:08:29.114446 162913 consensus_manager_pbft.cpp:208] recv impl type:4 sender id:3 seq:20 primary:1 is recovery:0
E20260308 00:08:29.115919 162912 checkpoint_manager.cpp:495] get high prepared seq:19
E20260308 00:08:29.117512 162888 checkpoint_manager.cpp:495] get high prepared seq:19
E20260308 00:08:29.119340 162937 checkpoint_manager.cpp:495] get high prepared seq:19
E20260308 00:08:29.122788 162865 checkpoint_manager.cpp:500] set high prepared seq:20
E20260308 00:08:29.124939 162738 stats.cpp:474]   req client latency:0.000269713
E20260308 00:08:29.125743 162912 checkpoint_manager.cpp:500] set high prepared seq:20
E20260308 00:08:29.126771 162888 checkpoint_manager.cpp:500] set high prepared seq:20
E20260308 00:08:29.127869 162937 checkpoint_manager.cpp:500] set high prepared seq:20
E20260308 00:08:29.159789 162913 consensus_manager_pbft.cpp:208] recv impl type:5 sender id:2 seq:20 primary:1 is recovery:0
E20260308 00:08:29.159844 162889 consensus_manager_pbft.cpp:208] recv impl type:5 sender id:2 seq:20 primary:1 is recovery:0
E20260308 00:08:29.159854 162888 consensus_manager_pbft.cpp:208] recv impl type:5 sender id:1 seq:20 primary:1 is recovery:0
E20260308 00:08:29.159865 162865 consensus_manager_pbft.cpp:208] recv impl type:5 sender id:1 seq:20 primary:1 is recovery:0
E20260308 00:08:29.159864 162864 consensus_manager_pbft.cpp:208] recv impl type:5 sender id:2 seq:20 primary:1 is recovery:0
E20260308 00:08:29.166337 162936 consensus_manager_pbft.cpp:208] recv impl type:5 sender id:2 seq:20 primary:1 is recovery:0
E20260308 00:08:29.169150 162937 consensus_manager_pbft.cpp:208] recv impl type:5 sender id:1 seq:20 primary:1 is recovery:0
E20260308 00:08:29.169212 162912 consensus_manager_pbft.cpp:208] recv impl type:5 sender id:1 seq:20 primary:1 is recovery:0
E20260308 00:08:29.184177 162913 consensus_manager_pbft.cpp:208] recv impl type:5 sender id:3 seq:20 primary:1 is recovery:0
E20260308 00:08:29.184294 162863 consensus_manager_pbft.cpp:208] recv impl type:5 sender id:4 seq:20 primary:1 is recovery:0
E20260308 00:08:29.199676 162805 transaction_manager.cpp:91]  execute batch seq:19
E20260308 00:08:29.201121 162756 transaction_manager.cpp:91]  execute batch seq:19
E20260308 00:08:29.190513 162887 consensus_manager_pbft.cpp:208] recv impl type:5 sender id:3 seq:20 primary:1 is recovery:0
E20260308 00:08:29.190516 162886 consensus_manager_pbft.cpp:208] recv impl type:5 sender id:4 seq:20 primary:1 is recovery:0
E20260308 00:08:29.190739 162933 consensus_manager_pbft.cpp:208] recv impl type:5 sender id:3 seq:20 primary:1 is recovery:0
E20260308 00:08:29.190735 162935 consensus_manager_pbft.cpp:208] recv impl type:5 sender id:4 seq:20 primary:1 is recovery:0
E20260308 00:08:29.198551 162913 checkpoint_manager.cpp:530]  add commited state:20
E20260308 00:08:29.199282 162800 lock_free_collector_pool.cpp:71]  update:276 seq:276 cap:256 update seq:20
E20260308 00:08:29.185595 162911 consensus_manager_pbft.cpp:208] recv impl type:5 sender id:4 seq:20 primary:1 is recovery:0
E20260308 00:08:29.200100 162863 checkpoint_manager.cpp:530]  add commited state:20
E20260308 00:08:29.200707 162746 lock_free_collector_pool.cpp:71]  update:276 seq:276 cap:256 update seq:20
E20260308 00:08:29.184296 162862 consensus_manager_pbft.cpp:208] recv impl type:5 sender id:3 seq:20 primary:1 is recovery:0
E20260308 00:08:29.201747 162812 commitment.cpp:363] send back to proxy:1
E20260308 00:08:29.203230 162758 commitment.cpp:363] send back to proxy:1
E20260308 00:08:29.203991 162887 checkpoint_manager.cpp:530]  add commited state:20
E20260308 00:08:29.204496 162773 lock_free_collector_pool.cpp:71]  update:276 seq:276 cap:256 update seq:20
E20260308 00:08:29.204792 162782 transaction_manager.cpp:91]  execute batch seq:19
E20260308 00:08:29.209975 162886 message_manager.cpp:204]  add request fail
E20260308 00:08:29.210971 162933 checkpoint_manager.cpp:530]  add commited state:20
E20260308 00:08:29.211488 162827 lock_free_collector_pool.cpp:71]  update:276 seq:276 cap:256 update seq:20
E20260308 00:08:29.211815 162836 transaction_manager.cpp:91]  execute batch seq:19
E20260308 00:08:29.212179 162935 message_manager.cpp:204]  add request fail
E20260308 00:08:29.214772 162911 message_manager.cpp:188]  seq:20 type:5 has been committed
E20260308 00:08:29.217693 162862 message_manager.cpp:188]  seq:20 type:5 has been committed
E20260308 00:08:29.223744 162785 commitment.cpp:363] send back to proxy:1
E20260308 00:08:29.230453 162865 consensus_manager_pbft.cpp:208] recv impl type:7 sender id:3 seq:20 primary:1 is recovery:0
E20260308 00:08:29.232636 162839 commitment.cpp:363] send back to proxy:1
E20260308 00:08:29.236619 162864 consensus_manager_pbft.cpp:208] recv impl type:7 sender id:1 seq:20 primary:1 is recovery:0
E20260308 00:08:29.239997 162865 response_manager.cpp:187]  receive request seq:20 type:7 local id:20
E20260308 00:08:29.242906 162864 response_manager.cpp:187]  receive request seq:20 type:7 local id:20
E20260308 00:08:29.243721 162865 response_manager.cpp:214]  get receive count:0 seq:20
E20260308 00:08:29.244519 162864 response_manager.cpp:214]  get receive count:1 seq:20
E20260308 00:08:29.246189 162864 lock_free_collector_pool.cpp:71]  update:276 seq:276 cap:256 update seq:20
E20260308 00:08:29.246961 162864 response_manager.cpp:227] SendResponseToClient local_id:20 seq:20 proxy_id:1
E20260308 00:08:29.247725 162864 lock_free_collector_pool.cpp:71]  update:276 seq:276 cap:256 update seq:20
E20260308 00:08:29.248991 162737 consensus_server.cpp:223] Selftest completed request i=18 ret=0 value=light_value
E20260308 00:08:29.249001 162864 response_manager.cpp:259] response sent to client local_id:20 seq:20
E20260308 00:08:29.249964 162737 consensus_server.cpp:221] Selftest sending request i=19
E20260308 00:08:29.256457 162865 consensus_manager_pbft.cpp:208] recv impl type:2 sender id:0 seq:0 primary:1 is recovery:0
E20260308 00:08:29.272899 162865 consensus_manager_pbft.cpp:208] recv impl type:7 sender id:4 seq:20 primary:1 is recovery:0
E20260308 00:08:29.272904 162864 consensus_manager_pbft.cpp:208] recv impl type:7 sender id:2 seq:20 primary:1 is recovery:0
E20260308 00:08:29.274777 162865 response_manager.cpp:187]  receive request seq:20 type:7 local id:20
E20260308 00:08:29.275631 162864 response_manager.cpp:187]  receive request seq:20 type:7 local id:20
E20260308 00:08:29.357774 162760 response_manager.cpp:327] add context list:0 list size:1 local_id:21
E20260308 00:08:29.387514 162865 consensus_manager_pbft.cpp:208] recv impl type:14 sender id:1 seq:0 primary:1 is recovery:0
E20260308 00:08:29.401364 162865 consensus_manager_pbft.cpp:208] recv impl type:3 sender id:1 seq:21 primary:1 is recovery:0
E20260308 00:08:29.406384 162889 consensus_manager_pbft.cpp:208] recv impl type:3 sender id:1 seq:21 primary:1 is recovery:0
E20260308 00:08:29.410976 162913 consensus_manager_pbft.cpp:208] recv impl type:3 sender id:1 seq:21 primary:1 is recovery:0
E20260308 00:08:29.412060 162936 consensus_manager_pbft.cpp:208] recv impl type:3 sender id:1 seq:21 primary:1 is recovery:0
E20260308 00:08:29.438939 162865 consensus_manager_pbft.cpp:208] recv impl type:4 sender id:4 seq:21 primary:1 is recovery:0
E20260308 00:08:29.462504 162862 consensus_manager_pbft.cpp:208] recv impl type:4 sender id:1 seq:21 primary:1 is recovery:0
E20260308 00:08:29.449128 162889 consensus_manager_pbft.cpp:208] recv impl type:4 sender id:4 seq:21 primary:1 is recovery:0
E20260308 00:08:29.449132 162887 consensus_manager_pbft.cpp:208] recv impl type:4 sender id:2 seq:21 primary:1 is recovery:0
E20260308 00:08:29.449194 162863 consensus_manager_pbft.cpp:208] recv impl type:4 sender id:3 seq:21 primary:1 is recovery:0
E20260308 00:08:29.452904 162937 consensus_manager_pbft.cpp:208] recv impl type:4 sender id:4 seq:21 primary:1 is recovery:0
E20260308 00:08:29.452958 162913 consensus_manager_pbft.cpp:208] recv impl type:4 sender id:4 seq:21 primary:1 is recovery:0
E20260308 00:08:29.452965 162912 consensus_manager_pbft.cpp:208] recv impl type:4 sender id:3 seq:21 primary:1 is recovery:0
E20260308 00:08:29.452965 162911 consensus_manager_pbft.cpp:208] recv impl type:4 sender id:2 seq:21 primary:1 is recovery:0
E20260308 00:08:29.452972 162888 consensus_manager_pbft.cpp:208] recv impl type:4 sender id:3 seq:21 primary:1 is recovery:0
E20260308 00:08:29.456626 162936 consensus_manager_pbft.cpp:208] recv impl type:4 sender id:3 seq:21 primary:1 is recovery:0
E20260308 00:08:29.460105 162886 consensus_manager_pbft.cpp:208] recv impl type:4 sender id:1 seq:21 primary:1 is recovery:0
E20260308 00:08:29.463801 162935 consensus_manager_pbft.cpp:208] recv impl type:4 sender id:2 seq:21 primary:1 is recovery:0
E20260308 00:08:29.444300 162864 consensus_manager_pbft.cpp:208] recv impl type:4 sender id:2 seq:21 primary:1 is recovery:0
E20260308 00:08:29.464839 162934 consensus_manager_pbft.cpp:208] recv impl type:4 sender id:1 seq:21 primary:1 is recovery:0
E20260308 00:08:29.465498 162910 consensus_manager_pbft.cpp:208] recv impl type:4 sender id:1 seq:21 primary:1 is recovery:0
E20260308 00:08:29.468798 162863 checkpoint_manager.cpp:495] get high prepared seq:20
E20260308 00:08:29.472946 162911 checkpoint_manager.cpp:495] get high prepared seq:20
E20260308 00:08:29.473750 162888 checkpoint_manager.cpp:495] get high prepared seq:20
E20260308 00:08:29.476311 162935 checkpoint_manager.cpp:495] get high prepared seq:20
E20260308 00:08:29.479977 162863 checkpoint_manager.cpp:500] set high prepared seq:21
E20260308 00:08:29.481046 162911 checkpoint_manager.cpp:500] set high prepared seq:21
E20260308 00:08:29.481987 162888 checkpoint_manager.cpp:500] set high prepared seq:21
E20260308 00:08:29.483345 162935 checkpoint_manager.cpp:500] set high prepared seq:21
E20260308 00:08:29.496896 162864 consensus_manager_pbft.cpp:208] recv impl type:5 sender id:1 seq:21 primary:1 is recovery:0
E20260308 00:08:29.502987 162889 consensus_manager_pbft.cpp:208] recv impl type:5 sender id:1 seq:21 primary:1 is recovery:0
E20260308 00:08:29.538663 162864 consensus_manager_pbft.cpp:208] recv impl type:5 sender id:4 seq:21 primary:1 is recovery:0
E20260308 00:08:29.551620 162934 consensus_manager_pbft.cpp:208] recv impl type:5 sender id:4 seq:21 primary:1 is recovery:0
E20260308 00:08:29.526952 162865 consensus_manager_pbft.cpp:208] recv impl type:5 sender id:2 seq:21 primary:1 is recovery:0
E20260308 00:08:29.526957 162863 consensus_manager_pbft.cpp:208] recv impl type:5 sender id:3 seq:21 primary:1 is recovery:0
E20260308 00:08:29.554803 162752 transaction_manager.cpp:91]  execute batch seq:20
E20260308 00:08:29.530093 162888 consensus_manager_pbft.cpp:208] recv impl type:5 sender id:2 seq:21 primary:1 is recovery:0
E20260308 00:08:29.538583 162936 consensus_manager_pbft.cpp:208] recv impl type:5 sender id:2 seq:21 primary:1 is recovery:0
E20260308 00:08:29.538585 162935 consensus_manager_pbft.cpp:208] recv impl type:5 sender id:3 seq:21 primary:1 is recovery:0
E20260308 00:08:29.505882 162913 consensus_manager_pbft.cpp:208] recv impl type:5 sender id:1 seq:21 primary:1 is recovery:0
E20260308 00:08:29.560808 162833 transaction_manager.cpp:91]  execute batch seq:20
E20260308 00:08:29.547298 162911 consensus_manager_pbft.cpp:208] recv impl type:5 sender id:4 seq:21 primary:1 is recovery:0
E20260308 00:08:29.547304 162910 consensus_manager_pbft.cpp:208] recv impl type:5 sender id:3 seq:21 primary:1 is recovery:0
E20260308 00:08:29.510887 162937 consensus_manager_pbft.cpp:208] recv impl type:5 sender id:1 seq:21 primary:1 is recovery:0
E20260308 00:08:29.565696 162806 transaction_manager.cpp:91]  execute batch seq:20
E20260308 00:08:29.553925 162865 checkpoint_manager.cpp:530]  add commited state:21
E20260308 00:08:29.554370 162746 lock_free_collector_pool.cpp:71]  update:277 seq:277 cap:256 update seq:21
E20260308 00:08:29.530076 162912 consensus_manager_pbft.cpp:208] recv impl type:5 sender id:2 seq:21 primary:1 is recovery:0
E20260308 00:08:29.555127 162863 message_manager.cpp:204]  add request fail
E20260308 00:08:29.556700 162758 commitment.cpp:363] send back to proxy:1
E20260308 00:08:29.559643 162935 checkpoint_manager.cpp:530]  add commited state:21
E20260308 00:08:29.560289 162827 lock_free_collector_pool.cpp:71]  update:277 seq:277 cap:256 update seq:21
E20260308 00:08:29.545367 162887 consensus_manager_pbft.cpp:208] recv impl type:5 sender id:3 seq:21 primary:1 is recovery:0
E20260308 00:08:29.562928 162839 commitment.cpp:363] send back to proxy:1
E20260308 00:08:29.576221 162783 transaction_manager.cpp:91]  execute batch seq:20
E20260308 00:08:29.565347 162800 lock_free_collector_pool.cpp:71]  update:277 seq:277 cap:256 update seq:21
E20260308 00:08:29.550858 162889 consensus_manager_pbft.cpp:208] recv impl type:5 sender id:4 seq:21 primary:1 is recovery:0
E20260308 00:08:29.565881 162937 message_manager.cpp:204]  add request fail
E20260308 00:08:29.567328 162812 commitment.cpp:363] send back to proxy:1
E20260308 00:08:29.569669 162912 message_manager.cpp:204]  add request fail
E20260308 00:08:29.575004 162887 checkpoint_manager.cpp:530]  add commited state:21
E20260308 00:08:29.575789 162773 lock_free_collector_pool.cpp:71]  update:277 seq:277 cap:256 update seq:21
E20260308 00:08:29.564786 162910 checkpoint_manager.cpp:530]  add commited state:21
E20260308 00:08:29.578063 162785 commitment.cpp:363] send back to proxy:1
E20260308 00:08:29.579578 162889 message_manager.cpp:204]  add request fail
E20260308 00:08:29.590106 162865 consensus_manager_pbft.cpp:208] recv impl type:7 sender id:3 seq:21 primary:1 is recovery:0
E20260308 00:08:29.592532 162865 response_manager.cpp:187]  receive request seq:21 type:7 local id:21
E20260308 00:08:29.593904 162865 response_manager.cpp:214]  get receive count:0 seq:21
E20260308 00:08:29.599115 162864 consensus_manager_pbft.cpp:208] recv impl type:7 sender id:1 seq:21 primary:1 is recovery:0
E20260308 00:08:29.599972 162864 response_manager.cpp:187]  receive request seq:21 type:7 local id:21
E20260308 00:08:29.600929 162864 response_manager.cpp:214]  get receive count:1 seq:21
E20260308 00:08:29.601711 162864 lock_free_collector_pool.cpp:71]  update:277 seq:277 cap:256 update seq:21
E20260308 00:08:29.602471 162864 response_manager.cpp:227] SendResponseToClient local_id:21 seq:21 proxy_id:1
E20260308 00:08:29.603226 162864 lock_free_collector_pool.cpp:71]  update:277 seq:277 cap:256 update seq:21
E20260308 00:08:29.604905 162737 consensus_server.cpp:223] Selftest completed request i=19 ret=0 value=light_value
E20260308 00:08:29.604919 162864 response_manager.cpp:259] response sent to client local_id:21 seq:21
E20260308 00:08:29.631162 162865 consensus_manager_pbft.cpp:208] recv impl type:7 sender id:2 seq:21 primary:1 is recovery:0
E20260308 00:08:29.631165 162863 consensus_manager_pbft.cpp:208] recv impl type:7 sender id:4 seq:21 primary:1 is recovery:0
E20260308 00:08:29.634398 162865 response_manager.cpp:187]  receive request seq:21 type:7 local id:21
E20260308 00:08:29.635923 162863 response_manager.cpp:187]  receive request seq:21 type:7 local id:21
E20260308 00:08:30.592993 162737 consensus_server.cpp:291] Self-test passed mode=tcp (GET verified, last_value=light_value)
E20260308 00:08:30.593838 162737 consensus_server.cpp:294] RESULT mode=tcp num_requests=20 total_time_s=7.53811 throughput_rps=2.65318 avg_us=376901 p50_us=363950 p95_us=417326 p99_us=417326 min_us=355892 max_us=419930 status=OK
E20260308 00:08:34.129946 162738 stats.cpp:474]   req client latency:0.000249568
% time     seconds  usecs/call     calls    errors syscall
------ ----------- ----------- --------- --------- ------------------
 90.48  373.560148        3570    104629     38508 futex
  3.73   15.411351       11055      1394           epoll_pwait
  2.84   11.739797      404820        29           clock_nanosleep
  1.81    7.460200       84775        88        51 accept
  0.67    2.768148         935      2959      1139 recvfrom
  0.15    0.613280         224      2727           gettid
  0.14    0.562579         310      1814           sendto
  0.07    0.269612          49      5460           write
  0.06    0.232571          43      5404           getpid
  0.03    0.126657          33      3788           mprotect
  0.01    0.029613         193       153           epoll_ctl
  0.00    0.015248          18       847           rt_sigprocmask
  0.00    0.012365          59       209           madvise
  0.00    0.012051          57       209           clone
  0.00    0.008947          32       277           munmap
  0.00    0.008705          27       312           mmap
  0.00    0.004540         122        37        16 connect
  0.00    0.004088          34       117           close
  0.00    0.003114          14       210           set_robust_list
  0.00    0.003011          14       210           rseq
  0.00    0.002998           7       397           brk
  0.00    0.002618          72        36           setsockopt
  0.00    0.002103          36        57           ioctl
  0.00    0.001995          43        46           socket
  0.00    0.000920          57        16           ppoll
  0.00    0.000907          56        16           getsockopt
  0.00    0.000448          32        14         1 openat
  0.00    0.000325         108         3           symlinkat
  0.00    0.000307         102         3           unlinkat
  0.00    0.000225          14        16         1 newfstatat
  0.00    0.000092          23         4           lseek
  0.00    0.000088          11         8           timerfd_create
  0.00    0.000082           5        15           rt_sigaction
  0.00    0.000077          12         6           fcntl
  0.00    0.000055           6         8           eventfd2
  0.00    0.000054           6         8           epoll_create1
  0.00    0.000051          12         4           uname
  0.00    0.000044           4        10           read
  0.00    0.000016          16         1           sched_getaffinity
  0.00    0.000010          10         1           getrandom
  0.00    0.000000           0         1         1 faccessat
  0.00    0.000000           0         1           set_tid_address
  0.00    0.000000           0         8           bind
  0.00    0.000000           0         8           listen
  0.00    0.000000           0         1           execve
  0.00    0.000000           0         1           prlimit64
------ ----------- ----------- --------- --------- ------------------
100.00  412.859440        3138    131562     39717 total",
2026-03-08T00:09:59,tcp,128.110.216.196,26000,20,2,0,30.0293958809998,5.5012e-05,tcp,tcp,20,3.00497,6.65565,150245.0,150224.0,150418.0,150418.0,150108.0,150440.0,OK,,"E20260308 00:08:59.555614 163161 consensus_manager_pbft.cpp:208] recv impl type:5 sender id:4 seq:21 primary:1 is recovery:0
E20260308 00:08:59.555500 163137 checkpoint_manager.cpp:530]  add commited state:21
E20260308 00:08:59.555706 163039 lock_free_collector_pool.cpp:71]  update:277 seq:277 cap:256 update seq:21
E20260308 00:08:59.555516 162959 transaction_manager.cpp:91]  execute batch seq:20
E20260308 00:08:59.555786 163076 consensus_manager_pbft.cpp:208] recv impl type:5 sender id:3 seq:21 primary:1 is recovery:0
E20260308 00:08:59.555876 163087 consensus_manager_pbft.cpp:208] recv impl type:5 sender id:3 seq:21 primary:1 is recovery:0
E20260308 00:08:59.555931 163087 message_manager.cpp:188]  seq:21 type:5 has been committed
E20260308 00:08:59.555474 162958 lock_free_collector_pool.cpp:71]  update:277 seq:277 cap:256 update seq:21
E20260308 00:08:59.555660 163024 commitment.cpp:363] send back to proxy:1
E20260308 00:08:59.555675 163161 checkpoint_manager.cpp:530]  add commited state:21
E20260308 00:08:59.555729 163040 transaction_manager.cpp:91]  execute batch seq:20
E20260308 00:08:59.556247 163161 consensus_manager_pbft.cpp:208] recv impl type:5 sender id:3 seq:21 primary:1 is recovery:0
E20260308 00:08:59.555850 162970 commitment.cpp:363] send back to proxy:1
E20260308 00:08:59.555550 163012 lock_free_collector_pool.cpp:71]  update:277 seq:277 cap:256 update seq:21
E20260308 00:08:59.555450 163065 checkpoint_manager.cpp:530]  add commited state:21
E20260308 00:08:59.555895 163076 message_manager.cpp:204]  add request fail
E20260308 00:08:59.555588 162997 commitment.cpp:363] send back to proxy:1
E20260308 00:08:59.556054 163129 consensus_manager_pbft.cpp:208] recv impl type:5 sender id:3 seq:21 primary:1 is recovery:0
E20260308 00:08:59.555428 162985 lock_free_collector_pool.cpp:71]  update:277 seq:277 cap:256 update seq:21
E20260308 00:08:59.556298 163051 commitment.cpp:363] send back to proxy:1
E20260308 00:08:59.556326 163161 message_manager.cpp:188]  seq:21 type:5 has been committed
E20260308 00:08:59.556578 163129 message_manager.cpp:188]  seq:21 type:5 has been committed
E20260308 00:08:59.564846 163076 consensus_manager_pbft.cpp:208] recv impl type:7 sender id:4 seq:21 primary:1 is recovery:0
E20260308 00:08:59.564905 163076 response_manager.cpp:187]  receive request seq:21 type:7 local id:21
E20260308 00:08:59.564939 163076 response_manager.cpp:214]  get receive count:0 seq:21
E20260308 00:08:59.581614 163064 consensus_manager_pbft.cpp:208] recv impl type:7 sender id:2 seq:21 primary:1 is recovery:0
E20260308 00:08:59.581614 163074 consensus_manager_pbft.cpp:208] recv impl type:7 sender id:3 seq:21 primary:1 is recovery:0
E20260308 00:08:59.581672 163064 response_manager.cpp:187]  receive request seq:21 type:7 local id:21
E20260308 00:08:59.581720 163074 response_manager.cpp:187]  receive request seq:21 type:7 local id:21
E20260308 00:08:59.581756 163064 response_manager.cpp:214]  get receive count:1 seq:21
E20260308 00:08:59.581827 163064 lock_free_collector_pool.cpp:71]  update:277 seq:277 cap:256 update seq:21
E20260308 00:08:59.581875 163064 response_manager.cpp:227] SendResponseToClient local_id:21 seq:21 proxy_id:1
E20260308 00:08:59.581926 163064 lock_free_collector_pool.cpp:71]  update:277 seq:277 cap:256 update seq:21
E20260308 00:08:59.582036 163064 response_manager.cpp:259] response sent to client local_id:21 seq:21
E20260308 00:08:59.582038 162949 consensus_server.cpp:223] Selftest completed request i=19 ret=0 value=light_value
E20260308 00:08:59.587534 163075 consensus_manager_pbft.cpp:208] recv impl type:7 sender id:1 seq:21 primary:1 is recovery:0
E20260308 00:08:59.587610 163075 response_manager.cpp:187]  receive request seq:21 type:7 local id:21
E20260308 00:09:00.557159 162949 consensus_server.cpp:291] Self-test passed mode=tcp (GET verified, last_value=light_value)
E20260308 00:09:00.557412 162949 consensus_server.cpp:294] RESULT mode=tcp num_requests=20 total_time_s=3.00497 throughput_rps=6.65565 avg_us=150245 p50_us=150224 p95_us=150418 p99_us=150418 min_us=150108 max_us=150440 status=OK
E20260308 00:09:04.164456 162950 stats.cpp:474]   req client latency:4.93957e-05","E20260308 00:09:34.535790 163317 consensus_manager_pbft.cpp:208] recv impl type:4 sender id:2 seq:20 primary:1 is recovery:0
E20260308 00:09:34.544603 163391 consensus_manager_pbft.cpp:208] recv impl type:4 sender id:1 seq:20 primary:1 is recovery:0
E20260308 00:09:34.503659 163368 consensus_manager_pbft.cpp:208] recv impl type:4 sender id:4 seq:20 primary:1 is recovery:0
E20260308 00:09:34.548938 163389 consensus_manager_pbft.cpp:208] recv impl type:4 sender id:2 seq:20 primary:1 is recovery:0
E20260308 00:09:34.549620 163365 consensus_manager_pbft.cpp:208] recv impl type:4 sender id:2 seq:20 primary:1 is recovery:0
E20260308 00:09:34.552791 163343 checkpoint_manager.cpp:495] get high prepared seq:19
E20260308 00:09:34.554237 163319 checkpoint_manager.cpp:495] get high prepared seq:19
E20260308 00:09:34.559248 163391 checkpoint_manager.cpp:495] get high prepared seq:19
E20260308 00:09:34.560226 163368 checkpoint_manager.cpp:495] get high prepared seq:19
E20260308 00:09:34.562880 163343 checkpoint_manager.cpp:500] set high prepared seq:20
E20260308 00:09:34.563906 163319 checkpoint_manager.cpp:500] set high prepared seq:20
E20260308 00:09:34.565430 163391 checkpoint_manager.cpp:500] set high prepared seq:20
E20260308 00:09:34.566337 163368 checkpoint_manager.cpp:500] set high prepared seq:20
E20260308 00:09:34.587916 163320 consensus_manager_pbft.cpp:208] recv impl type:5 sender id:3 seq:20 primary:1 is recovery:0
E20260308 00:09:34.606132 163367 consensus_manager_pbft.cpp:208] recv impl type:5 sender id:1 seq:20 primary:1 is recovery:0
E20260308 00:09:34.594708 163344 consensus_manager_pbft.cpp:208] recv impl type:5 sender id:1 seq:20 primary:1 is recovery:0
E20260308 00:09:34.597345 163392 consensus_manager_pbft.cpp:208] recv impl type:5 sender id:1 seq:20 primary:1 is recovery:0
E20260308 00:09:34.597349 163368 consensus_manager_pbft.cpp:208] recv impl type:5 sender id:3 seq:20 primary:1 is recovery:0
E20260308 00:09:34.597409 163343 consensus_manager_pbft.cpp:208] recv impl type:5 sender id:3 seq:20 primary:1 is recovery:0
E20260308 00:09:34.608309 163391 consensus_manager_pbft.cpp:208] recv impl type:5 sender id:3 seq:20 primary:1 is recovery:0
E20260308 00:09:34.591534 163319 consensus_manager_pbft.cpp:208] recv impl type:5 sender id:1 seq:20 primary:1 is recovery:0
E20260308 00:09:34.619310 163366 consensus_manager_pbft.cpp:208] recv impl type:5 sender id:2 seq:20 primary:1 is recovery:0
E20260308 00:09:34.619393 163318 consensus_manager_pbft.cpp:208] recv impl type:5 sender id:4 seq:20 primary:1 is recovery:0
E20260308 00:09:34.636801 163263 transaction_manager.cpp:91]  execute batch seq:19
E20260308 00:09:34.637970 163201 lock_free_collector_pool.cpp:71]  update:276 seq:276 cap:256 update seq:20
E20260308 00:09:34.628597 163365 consensus_manager_pbft.cpp:208] recv impl type:5 sender id:4 seq:20 primary:1 is recovery:0
E20260308 00:09:34.628604 163342 consensus_manager_pbft.cpp:208] recv impl type:5 sender id:2 seq:20 primary:1 is recovery:0
E20260308 00:09:34.629236 163390 consensus_manager_pbft.cpp:208] recv impl type:5 sender id:4 seq:20 primary:1 is recovery:0
E20260308 00:09:34.643513 163238 transaction_manager.cpp:91]  execute batch seq:19
E20260308 00:09:34.644930 163292 transaction_manager.cpp:91]  execute batch seq:19
E20260308 00:09:34.636421 163255 lock_free_collector_pool.cpp:71]  update:276 seq:276 cap:256 update seq:20
E20260308 00:09:34.622545 163317 consensus_manager_pbft.cpp:208] recv impl type:5 sender id:2 seq:20 primary:1 is recovery:0
E20260308 00:09:34.637305 163318 checkpoint_manager.cpp:530]  add commited state:20
E20260308 00:09:34.627381 163341 consensus_manager_pbft.cpp:208] recv impl type:5 sender id:4 seq:20 primary:1 is recovery:0
E20260308 00:09:34.638461 163206 transaction_manager.cpp:91]  execute batch seq:19
E20260308 00:09:34.639442 163267 commitment.cpp:363] send back to proxy:1
E20260308 00:09:34.641386 163365 message_manager.cpp:204]  add request fail
E20260308 00:09:34.642630 163342 checkpoint_manager.cpp:530]  add commited state:20
E20260308 00:09:34.643031 163228 lock_free_collector_pool.cpp:71]  update:276 seq:276 cap:256 update seq:20
E20260308 00:09:34.629240 163389 consensus_manager_pbft.cpp:208] recv impl type:5 sender id:2 seq:20 primary:1 is recovery:0
E20260308 00:09:34.643983 163390 checkpoint_manager.cpp:530]  add commited state:20
E20260308 00:09:34.644481 163282 lock_free_collector_pool.cpp:71]  update:276 seq:276 cap:256 update seq:20
E20260308 00:09:34.636044 163366 checkpoint_manager.cpp:530]  add commited state:20
E20260308 00:09:34.645820 163240 commitment.cpp:363] send back to proxy:1
E20260308 00:09:34.647032 163294 commitment.cpp:363] send back to proxy:1
E20260308 00:09:34.648494 163317 message_manager.cpp:204]  add request fail
E20260308 00:09:34.650274 163341 message_manager.cpp:204]  add request fail
E20260308 00:09:34.652240 163213 commitment.cpp:363] send back to proxy:1
E20260308 00:09:34.656147 163389 message_manager.cpp:204]  add request fail
E20260308 00:09:34.697022 163320 consensus_manager_pbft.cpp:208] recv impl type:7 sender id:3 seq:20 primary:1 is recovery:0
E20260308 00:09:34.699182 163320 response_manager.cpp:187]  receive request seq:20 type:7 local id:20
E20260308 00:09:34.702762 163319 consensus_manager_pbft.cpp:208] recv impl type:7 sender id:4 seq:20 primary:1 is recovery:0
E20260308 00:09:34.706723 163320 response_manager.cpp:214]  get receive count:0 seq:20
E20260308 00:09:34.707001 163318 consensus_manager_pbft.cpp:208] recv impl type:7 sender id:2 seq:20 primary:1 is recovery:0
E20260308 00:09:34.708092 163319 response_manager.cpp:187]  receive request seq:20 type:7 local id:20
E20260308 00:09:34.709725 163318 response_manager.cpp:187]  receive request seq:20 type:7 local id:20
E20260308 00:09:34.710731 163319 response_manager.cpp:214]  get receive count:1 seq:20
E20260308 00:09:34.712477 163319 lock_free_collector_pool.cpp:71]  update:276 seq:276 cap:256 update seq:20
E20260308 00:09:34.713460 163319 response_manager.cpp:227] SendResponseToClient local_id:20 seq:20 proxy_id:1
E20260308 00:09:34.714511 163319 lock_free_collector_pool.cpp:71]  update:276 seq:276 cap:256 update seq:20
E20260308 00:09:34.720329 163192 consensus_server.cpp:223] Selftest completed request i=18 ret=0 value=light_value
E20260308 00:09:34.720342 163320 consensus_manager_pbft.cpp:208] recv impl type:7 sender id:1 seq:20 primary:1 is recovery:0
E20260308 00:09:34.720360 163319 response_manager.cpp:259] response sent to client local_id:20 seq:20
E20260308 00:09:34.721422 163192 consensus_server.cpp:221] Selftest sending request i=19
E20260308 00:09:34.722239 163320 response_manager.cpp:187]  receive request seq:20 type:7 local id:20
E20260308 00:09:34.730826 163320 consensus_manager_pbft.cpp:208] recv impl type:2 sender id:0 seq:0 primary:1 is recovery:0
E20260308 00:09:34.832154 163215 response_manager.cpp:327] add context list:0 list size:1 local_id:21
E20260308 00:09:34.870795 163319 consensus_manager_pbft.cpp:208] recv impl type:14 sender id:1 seq:0 primary:1 is recovery:0
E20260308 00:09:34.885480 163320 consensus_manager_pbft.cpp:208] recv impl type:3 sender id:1 seq:21 primary:1 is recovery:0
E20260308 00:09:34.892207 163344 consensus_manager_pbft.cpp:208] recv impl type:3 sender id:1 seq:21 primary:1 is recovery:0
E20260308 00:09:34.893020 163368 consensus_manager_pbft.cpp:208] recv impl type:3 sender id:1 seq:21 primary:1 is recovery:0
E20260308 00:09:34.895829 163392 consensus_manager_pbft.cpp:208] recv impl type:3 sender id:1 seq:21 primary:1 is recovery:0
E20260308 00:09:34.908919 163319 consensus_manager_pbft.cpp:208] recv impl type:4 sender id:1 seq:21 primary:1 is recovery:0
E20260308 00:09:34.930271 163392 consensus_manager_pbft.cpp:208] recv impl type:4 sender id:1 seq:21 primary:1 is recovery:0
E20260308 00:09:34.948035 163367 consensus_manager_pbft.cpp:208] recv impl type:4 sender id:3 seq:21 primary:1 is recovery:0
E20260308 00:09:34.958532 163392 consensus_manager_pbft.cpp:208] recv impl type:4 sender id:2 seq:21 primary:1 is recovery:0
E20260308 00:09:34.930354 163320 consensus_manager_pbft.cpp:208] recv impl type:4 sender id:3 seq:21 primary:1 is recovery:0
E20260308 00:09:34.930361 163318 consensus_manager_pbft.cpp:208] recv impl type:4 sender id:2 seq:21 primary:1 is recovery:0
E20260308 00:09:34.948096 163319 consensus_manager_pbft.cpp:208] recv impl type:4 sender id:4 seq:21 primary:1 is recovery:0
E20260308 00:09:34.919631 163368 consensus_manager_pbft.cpp:208] recv impl type:4 sender id:1 seq:21 primary:1 is recovery:0
E20260308 00:09:34.952257 163391 consensus_manager_pbft.cpp:208] recv impl type:4 sender id:3 seq:21 primary:1 is recovery:0
E20260308 00:09:34.950493 163366 consensus_manager_pbft.cpp:208] recv impl type:4 sender id:2 seq:21 primary:1 is recovery:0
E20260308 00:09:34.952284 163341 consensus_manager_pbft.cpp:208] recv impl type:4 sender id:3 seq:21 primary:1 is recovery:0
E20260308 00:09:34.954748 163343 consensus_manager_pbft.cpp:208] recv impl type:4 sender id:2 seq:21 primary:1 is recovery:0
E20260308 00:09:34.952284 163342 consensus_manager_pbft.cpp:208] recv impl type:4 sender id:4 seq:21 primary:1 is recovery:0
E20260308 00:09:34.960255 163365 consensus_manager_pbft.cpp:208] recv impl type:4 sender id:4 seq:21 primary:1 is recovery:0
E20260308 00:09:34.914055 163344 consensus_manager_pbft.cpp:208] recv impl type:4 sender id:1 seq:21 primary:1 is recovery:0
E20260308 00:09:34.961870 163390 consensus_manager_pbft.cpp:208] recv impl type:4 sender id:4 seq:21 primary:1 is recovery:0
E20260308 00:09:34.962688 163392 checkpoint_manager.cpp:495] get high prepared seq:20
E20260308 00:09:34.964380 163318 checkpoint_manager.cpp:495] get high prepared seq:20
E20260308 00:09:34.967833 163366 checkpoint_manager.cpp:495] get high prepared seq:20
E20260308 00:09:34.971160 163342 checkpoint_manager.cpp:495] get high prepared seq:20
E20260308 00:09:34.974437 163392 checkpoint_manager.cpp:500] set high prepared seq:21
E20260308 00:09:34.975450 163318 checkpoint_manager.cpp:500] set high prepared seq:21
E20260308 00:09:34.976372 163366 checkpoint_manager.cpp:500] set high prepared seq:21
E20260308 00:09:34.977278 163342 checkpoint_manager.cpp:500] set high prepared seq:21
E20260308 00:09:34.994999 163320 consensus_manager_pbft.cpp:208] recv impl type:5 sender id:3 seq:21 primary:1 is recovery:0
E20260308 00:09:35.001981 163344 consensus_manager_pbft.cpp:208] recv impl type:5 sender id:4 seq:21 primary:1 is recovery:0
E20260308 00:09:35.041124 163342 consensus_manager_pbft.cpp:208] recv impl type:5 sender id:1 seq:21 primary:1 is recovery:0
E20260308 00:09:35.049561 163389 consensus_manager_pbft.cpp:208] recv impl type:5 sender id:1 seq:21 primary:1 is recovery:0
E20260308 00:09:35.015007 163368 consensus_manager_pbft.cpp:208] recv impl type:5 sender id:3 seq:21 primary:1 is recovery:0
E20260308 00:09:35.018878 163343 consensus_manager_pbft.cpp:208] recv impl type:5 sender id:3 seq:21 primary:1 is recovery:0
E20260308 00:09:35.024799 163367 consensus_manager_pbft.cpp:208] recv impl type:5 sender id:4 seq:21 primary:1 is recovery:0
E20260308 00:09:35.054812 163237 transaction_manager.cpp:91]  execute batch seq:20
E20260308 00:09:35.038290 163390 consensus_manager_pbft.cpp:208] recv impl type:5 sender id:2 seq:21 primary:1 is recovery:0
E20260308 00:09:35.038285 163391 consensus_manager_pbft.cpp:208] recv impl type:5 sender id:4 seq:21 primary:1 is recovery:0
E20260308 00:09:35.038405 163320 consensus_manager_pbft.cpp:208] recv impl type:5 sender id:1 seq:21 primary:1 is recovery:0
E20260308 00:09:35.006076 163319 consensus_manager_pbft.cpp:208] recv impl type:5 sender id:4 seq:21 primary:1 is recovery:0
E20260308 00:09:35.045348 163366 consensus_manager_pbft.cpp:208] recv impl type:5 sender id:1 seq:21 primary:1 is recovery:0
E20260308 00:09:35.062165 163211 transaction_manager.cpp:91]  execute batch seq:20
E20260308 00:09:35.063661 163255 lock_free_collector_pool.cpp:71]  update:277 seq:277 cap:256 update seq:21
E20260308 00:09:35.014987 163392 consensus_manager_pbft.cpp:208] recv impl type:5 sender id:3 seq:21 primary:1 is recovery:0
E20260308 00:09:35.053848 163343 checkpoint_manager.cpp:530]  add commited state:21
E20260308 00:09:35.054427 163228 lock_free_collector_pool.cpp:71]  update:277 seq:277 cap:256 update seq:21
E20260308 00:09:35.024816 163318 consensus_manager_pbft.cpp:208] recv impl type:5 sender id:2 seq:21 primary:1 is recovery:0
E20260308 00:09:35.056435 163240 commitment.cpp:363] send back to proxy:1
E20260308 00:09:35.058187 163391 checkpoint_manager.cpp:530]  add commited state:21
E20260308 00:09:35.058806 163282 lock_free_collector_pool.cpp:71]  update:277 seq:277 cap:256 update seq:21
E20260308 00:09:35.059382 163286 transaction_manager.cpp:91]  execute batch seq:20
E20260308 00:09:35.060559 163319 checkpoint_manager.cpp:530]  add commited state:21
E20260308 00:09:35.061187 163201 lock_free_collector_pool.cpp:71]  update:277 seq:277 cap:256 update seq:21
E20260308 00:09:35.045352 163365 consensus_manager_pbft.cpp:208] recv impl type:5 sender id:2 seq:21 primary:1 is recovery:0
E20260308 00:09:35.062903 163366 checkpoint_manager.cpp:530]  add commited state:21
E20260308 00:09:35.045357 163344 consensus_manager_pbft.cpp:208] recv impl type:5 sender id:2 seq:21 primary:1 is recovery:0
E20260308 00:09:35.064152 163264 transaction_manager.cpp:91]  execute batch seq:20
E20260308 00:09:35.064852 163213 commitment.cpp:363] send back to proxy:1
E20260308 00:09:35.066027 163392 message_manager.cpp:204]  add request fail
E20260308 00:09:35.068549 163318 message_manager.cpp:204]  add request fail
E20260308 00:09:35.073565 163294 commitment.cpp:363] send back to proxy:1
E20260308 00:09:35.075809 163365 message_manager.cpp:204]  add request fail
E20260308 00:09:35.077401 163344 message_manager.cpp:188]  seq:21 type:5 has been committed
E20260308 00:09:35.078655 163267 commitment.cpp:363] send back to proxy:1
E20260308 00:09:35.107697 163320 consensus_manager_pbft.cpp:208] recv impl type:7 sender id:3 seq:21 primary:1 is recovery:0
E20260308 00:09:35.110656 163320 response_manager.cpp:187]  receive request seq:21 type:7 local id:21
E20260308 00:09:35.113190 163319 consensus_manager_pbft.cpp:208] recv impl type:7 sender id:4 seq:21 primary:1 is recovery:0
E20260308 00:09:35.117949 163318 consensus_manager_pbft.cpp:208] recv impl type:7 sender id:2 seq:21 primary:1 is recovery:0
E20260308 00:09:35.118125 163320 response_manager.cpp:214]  get receive count:0 seq:21
E20260308 00:09:35.119196 163319 response_manager.cpp:187]  receive request seq:21 type:7 local id:21
E20260308 00:09:35.120098 163318 response_manager.cpp:187]  receive request seq:21 type:7 local id:21
E20260308 00:09:35.121837 163319 response_manager.cpp:214]  get receive count:1 seq:21
E20260308 00:09:35.123644 163319 lock_free_collector_pool.cpp:71]  update:277 seq:277 cap:256 update seq:21
E20260308 00:09:35.125030 163319 response_manager.cpp:227] SendResponseToClient local_id:21 seq:21 proxy_id:1
E20260308 00:09:35.129817 163320 consensus_manager_pbft.cpp:208] recv impl type:7 sender id:1 seq:21 primary:1 is recovery:0
E20260308 00:09:35.129827 163319 lock_free_collector_pool.cpp:71]  update:277 seq:277 cap:256 update seq:21
E20260308 00:09:35.130838 163320 response_manager.cpp:187]  receive request seq:21 type:7 local id:21
E20260308 00:09:35.132333 163192 consensus_server.cpp:223] Selftest completed request i=19 ret=0 value=light_value
E20260308 00:09:35.132339 163319 response_manager.cpp:259] response sent to client local_id:21 seq:21
E20260308 00:09:36.212035 163192 consensus_server.cpp:291] Self-test passed mode=tcp (GET verified, last_value=light_value)
E20260308 00:09:36.212622 163192 consensus_server.cpp:294] RESULT mode=tcp num_requests=20 total_time_s=7.96339 throughput_rps=2.51149 avg_us=398165 p50_us=406944 p95_us=416004 p99_us=416004 min_us=365411 max_us=418342 status=OK
E20260308 00:09:39.219295 163193 stats.cpp:474]   req client latency:0.000298094
% time     seconds  usecs/call     calls    errors syscall
------ ----------- ----------- --------- --------- ------------------
 90.52  381.658673        3598    106051     38874 futex
  3.70   15.580785       10671      1460           epoll_pwait
  2.82   11.885353      409839        29           clock_nanosleep
  1.82    7.668353       86161        89        52 accept
  0.67    2.823174         952      2965      1145 recvfrom
  0.15    0.628761         230      2727           gettid
  0.14    0.572054         315      1814           sendto
  0.07    0.277256          50      5460           write
  0.06    0.237155          43      5404           getpid
  0.04    0.156401          41      3790           mprotect
  0.01    0.038573         235       164           epoll_ctl
  0.00    0.016815          19       847           rt_sigprocmask
  0.00    0.012130          58       209           madvise
  0.00    0.011298          54       209           clone
  0.00    0.008713          31       277           munmap
  0.00    0.007870          25       312           mmap
  0.00    0.005195          44       117           close
  0.00    0.005128         138        37        16 connect
  0.00    0.002891          80        36           setsockopt
  0.00    0.002826          13       210           set_robust_list
  0.00    0.002705          12       210           rseq
  0.00    0.002323           5       397           brk
  0.00    0.002123          37        57           ioctl
  0.00    0.001813          39        46           socket
  0.00    0.000921          57        16           ppoll
  0.00    0.000884          55        16           getsockopt
  0.00    0.000645          46        14         1 openat
  0.00    0.000277          92         3           symlinkat
  0.00    0.000271          90         3           unlinkat
  0.00    0.000197          24         8           eventfd2
  0.00    0.000183          11        16         1 newfstatat
  0.00    0.000170          21         8           timerfd_create
  0.00    0.000157          19         8           epoll_create1
  0.00    0.000105          17         6           fcntl
  0.00    0.000094           6        15           rt_sigaction
  0.00    0.000060           6        10           read
  0.00    0.000054          13         4           lseek
  0.00    0.000051          12         4           uname
  0.00    0.000020          20         1           sched_getaffinity
  0.00    0.000016           2         8           bind
  0.00    0.000011          11         1           getrandom
  0.00    0.000010           1         8           listen
  0.00    0.000009           9         1           prlimit64
  0.00    0.000006           6         1           set_tid_address
  0.00    0.000000           0         1         1 faccessat
  0.00    0.000000           0         1           execve
------ ----------- ----------- --------- --------- ------------------
100.00  421.612509        3168    133070     40090 total",
2026-03-08T00:11:04,tcp,128.110.216.196,26000,20,3,0,30.029185617997427,0.000104932,tcp,tcp,20,4.0063,4.99214,200311.0,200316.0,200410.0,200410.0,200136.0,200540.0,OK,,"E20260308 00:10:05.651674 163588 checkpoint_manager.cpp:530]  add commited state:21
E20260308 00:10:05.651932 163443 lock_free_collector_pool.cpp:71]  update:277 seq:277 cap:256 update seq:21
E20260308 00:10:05.651615 163416 lock_free_collector_pool.cpp:71]  update:277 seq:277 cap:256 update seq:21
E20260308 00:10:05.651739 163428 commitment.cpp:363] send back to proxy:1
E20260308 00:10:05.651750 163611 checkpoint_manager.cpp:530]  add commited state:21
E20260308 00:10:05.651569 163528 checkpoint_manager.cpp:530]  add commited state:21
E20260308 00:10:05.651782 163497 lock_free_collector_pool.cpp:71]  update:277 seq:277 cap:256 update seq:21
E20260308 00:10:05.651796 163498 transaction_manager.cpp:91]  execute batch seq:20
E20260308 00:10:05.651866 163482 commitment.cpp:363] send back to proxy:1
E20260308 00:10:05.652241 163509 commitment.cpp:363] send back to proxy:1
E20260308 00:10:05.651697 163470 lock_free_collector_pool.cpp:71]  update:277 seq:277 cap:256 update seq:21
E20260308 00:10:05.651948 163444 transaction_manager.cpp:91]  execute batch seq:20
E20260308 00:10:05.651897 163548 checkpoint_manager.cpp:530]  add commited state:21
E20260308 00:10:05.652410 163455 commitment.cpp:363] send back to proxy:1
E20260308 00:10:05.653952 163546 consensus_manager_pbft.cpp:208] recv impl type:5 sender id:4 seq:21 primary:1 is recovery:0
E20260308 00:10:05.653957 163520 consensus_manager_pbft.cpp:208] recv impl type:5 sender id:4 seq:21 primary:1 is recovery:0
E20260308 00:10:05.653966 163583 consensus_manager_pbft.cpp:208] recv impl type:5 sender id:4 seq:21 primary:1 is recovery:0
E20260308 00:10:05.653997 163612 consensus_manager_pbft.cpp:208] recv impl type:5 sender id:4 seq:21 primary:1 is recovery:0
E20260308 00:10:05.654016 163546 message_manager.cpp:188]  seq:21 type:5 has been committed
E20260308 00:10:05.654062 163520 message_manager.cpp:188]  seq:21 type:5 has been committed
E20260308 00:10:05.654103 163583 message_manager.cpp:188]  seq:21 type:5 has been committed
E20260308 00:10:05.654157 163612 message_manager.cpp:188]  seq:21 type:5 has been committed
E20260308 00:10:05.679358 163535 consensus_manager_pbft.cpp:208] recv impl type:7 sender id:1 seq:21 primary:1 is recovery:0
E20260308 00:10:05.679414 163535 response_manager.cpp:187]  receive request seq:21 type:7 local id:21
E20260308 00:10:05.679451 163535 response_manager.cpp:214]  get receive count:0 seq:21
E20260308 00:10:05.694176 163532 consensus_manager_pbft.cpp:208] recv impl type:7 sender id:4 seq:21 primary:1 is recovery:0
E20260308 00:10:05.694176 163522 consensus_manager_pbft.cpp:208] recv impl type:7 sender id:2 seq:21 primary:1 is recovery:0
E20260308 00:10:05.694180 163526 consensus_manager_pbft.cpp:208] recv impl type:7 sender id:3 seq:21 primary:1 is recovery:0
E20260308 00:10:05.694237 163532 response_manager.cpp:187]  receive request seq:21 type:7 local id:21
E20260308 00:10:05.694285 163522 response_manager.cpp:187]  receive request seq:21 type:7 local id:21
E20260308 00:10:05.694324 163526 response_manager.cpp:187]  receive request seq:21 type:7 local id:21
E20260308 00:10:05.694365 163532 response_manager.cpp:214]  get receive count:1 seq:21
E20260308 00:10:05.694465 163532 lock_free_collector_pool.cpp:71]  update:277 seq:277 cap:256 update seq:21
E20260308 00:10:05.694499 163532 response_manager.cpp:227] SendResponseToClient local_id:21 seq:21 proxy_id:1
E20260308 00:10:05.694530 163532 lock_free_collector_pool.cpp:71]  update:277 seq:277 cap:256 update seq:21
E20260308 00:10:05.694641 163532 response_manager.cpp:259] response sent to client local_id:21 seq:21
E20260308 00:10:05.694655 163407 consensus_server.cpp:223] Selftest completed request i=19 ret=0 value=light_value
E20260308 00:10:06.694883 163407 consensus_server.cpp:291] Self-test passed mode=tcp (GET verified, last_value=light_value)
E20260308 00:10:06.694984 163407 consensus_server.cpp:294] RESULT mode=tcp num_requests=20 total_time_s=4.0063 throughput_rps=4.99214 avg_us=200311 p50_us=200316 p95_us=200410 p99_us=200410 min_us=200136 max_us=200540 status=OK
E20260308 00:10:09.253239 163408 stats.cpp:474]   req client latency:9.9519e-05","E20260308 00:10:39.164412 163843 consensus_manager_pbft.cpp:208] recv impl type:4 sender id:4 seq:20 primary:1 is recovery:0
E20260308 00:10:39.160900 163794 consensus_manager_pbft.cpp:208] recv impl type:4 sender id:1 seq:20 primary:1 is recovery:0
E20260308 00:10:39.167521 163818 consensus_manager_pbft.cpp:208] recv impl type:4 sender id:1 seq:20 primary:1 is recovery:0
E20260308 00:10:39.167655 163842 consensus_manager_pbft.cpp:208] recv impl type:4 sender id:1 seq:20 primary:1 is recovery:0
E20260308 00:10:39.169600 163773 checkpoint_manager.cpp:495] get high prepared seq:19
E20260308 00:10:39.172374 163797 checkpoint_manager.cpp:495] get high prepared seq:19
E20260308 00:10:39.174872 163819 checkpoint_manager.cpp:495] get high prepared seq:19
E20260308 00:10:39.177254 163844 checkpoint_manager.cpp:495] get high prepared seq:19
E20260308 00:10:39.183339 163773 checkpoint_manager.cpp:500] set high prepared seq:20
E20260308 00:10:39.184291 163797 checkpoint_manager.cpp:500] set high prepared seq:20
E20260308 00:10:39.185287 163819 checkpoint_manager.cpp:500] set high prepared seq:20
E20260308 00:10:39.186242 163844 checkpoint_manager.cpp:500] set high prepared seq:20
E20260308 00:10:39.203851 163773 consensus_manager_pbft.cpp:208] recv impl type:5 sender id:1 seq:20 primary:1 is recovery:0
E20260308 00:10:39.211381 163797 consensus_manager_pbft.cpp:208] recv impl type:5 sender id:1 seq:20 primary:1 is recovery:0
E20260308 00:10:39.247988 163844 consensus_manager_pbft.cpp:208] recv impl type:5 sender id:4 seq:20 primary:1 is recovery:0
E20260308 00:10:39.222667 163845 consensus_manager_pbft.cpp:208] recv impl type:5 sender id:1 seq:20 primary:1 is recovery:0
E20260308 00:10:39.222733 163772 consensus_manager_pbft.cpp:208] recv impl type:5 sender id:4 seq:20 primary:1 is recovery:0
E20260308 00:10:39.222741 163771 consensus_manager_pbft.cpp:208] recv impl type:5 sender id:3 seq:20 primary:1 is recovery:0
E20260308 00:10:39.232403 163796 consensus_manager_pbft.cpp:208] recv impl type:5 sender id:4 seq:20 primary:1 is recovery:0
E20260308 00:10:39.255122 163658 transaction_manager.cpp:91]  execute batch seq:19
E20260308 00:10:39.235213 163795 consensus_manager_pbft.cpp:208] recv impl type:5 sender id:2 seq:20 primary:1 is recovery:0
E20260308 00:10:39.241406 163820 consensus_manager_pbft.cpp:208] recv impl type:5 sender id:4 seq:20 primary:1 is recovery:0
E20260308 00:10:39.241415 163819 consensus_manager_pbft.cpp:208] recv impl type:5 sender id:2 seq:20 primary:1 is recovery:0
E20260308 00:10:39.215137 163821 consensus_manager_pbft.cpp:208] recv impl type:5 sender id:1 seq:20 primary:1 is recovery:0
E20260308 00:10:39.248041 163818 consensus_manager_pbft.cpp:208] recv impl type:5 sender id:3 seq:20 primary:1 is recovery:0
E20260308 00:10:39.263005 163717 transaction_manager.cpp:91]  execute batch seq:19
E20260308 00:10:39.249022 163843 consensus_manager_pbft.cpp:208] recv impl type:5 sender id:3 seq:20 primary:1 is recovery:0
E20260308 00:10:39.250782 163842 consensus_manager_pbft.cpp:208] recv impl type:5 sender id:2 seq:20 primary:1 is recovery:0
E20260308 00:10:39.266815 163742 transaction_manager.cpp:91]  execute batch seq:19
E20260308 00:10:39.254712 163654 lock_free_collector_pool.cpp:71]  update:276 seq:276 cap:256 update seq:20
E20260308 00:10:39.232463 163770 consensus_manager_pbft.cpp:208] recv impl type:5 sender id:2 seq:20 primary:1 is recovery:0
E20260308 00:10:39.257119 163666 commitment.cpp:363] send back to proxy:1
E20260308 00:10:39.257946 163795 checkpoint_manager.cpp:530]  add commited state:20
E20260308 00:10:39.258648 163681 lock_free_collector_pool.cpp:71]  update:276 seq:276 cap:256 update seq:20
E20260308 00:10:39.259366 163688 transaction_manager.cpp:91]  execute batch seq:19
E20260308 00:10:39.262247 163821 checkpoint_manager.cpp:530]  add commited state:20
E20260308 00:10:39.262639 163708 lock_free_collector_pool.cpp:71]  update:276 seq:276 cap:256 update seq:20
E20260308 00:10:39.248049 163794 consensus_manager_pbft.cpp:208] recv impl type:5 sender id:3 seq:20 primary:1 is recovery:0
E20260308 00:10:39.263340 163818 message_manager.cpp:204]  add request fail
E20260308 00:10:39.264700 163720 commitment.cpp:363] send back to proxy:1
E20260308 00:10:39.265341 163843 checkpoint_manager.cpp:530]  add commited state:20
E20260308 00:10:39.266242 163735 lock_free_collector_pool.cpp:71]  update:276 seq:276 cap:256 update seq:20
E20260308 00:10:39.254333 163771 checkpoint_manager.cpp:530]  add commited state:20
E20260308 00:10:39.267002 163842 message_manager.cpp:204]  add request fail
E20260308 00:10:39.268458 163747 commitment.cpp:363] send back to proxy:1
E20260308 00:10:39.270797 163770 message_manager.cpp:204]  add request fail
E20260308 00:10:39.275473 163693 commitment.cpp:363] send back to proxy:1
E20260308 00:10:39.277966 163794 message_manager.cpp:188]  seq:20 type:5 has been committed
E20260308 00:10:39.299010 163773 consensus_manager_pbft.cpp:208] recv impl type:7 sender id:1 seq:20 primary:1 is recovery:0
E20260308 00:10:39.299870 163773 response_manager.cpp:187]  receive request seq:20 type:7 local id:20
E20260308 00:10:39.300763 163773 response_manager.cpp:214]  get receive count:0 seq:20
E20260308 00:10:39.300761 163646 stats.cpp:474]   req client latency:0.000265995
E20260308 00:10:39.308571 163773 consensus_manager_pbft.cpp:208] recv impl type:7 sender id:2 seq:20 primary:1 is recovery:0
E20260308 00:10:39.312636 163770 consensus_manager_pbft.cpp:208] recv impl type:7 sender id:3 seq:20 primary:1 is recovery:0
E20260308 00:10:39.308584 163772 consensus_manager_pbft.cpp:208] recv impl type:7 sender id:4 seq:20 primary:1 is recovery:0
E20260308 00:10:39.312882 163773 response_manager.cpp:187]  receive request seq:20 type:7 local id:20
E20260308 00:10:39.314146 163770 response_manager.cpp:187]  receive request seq:20 type:7 local id:20
E20260308 00:10:39.315052 163772 response_manager.cpp:187]  receive request seq:20 type:7 local id:20
E20260308 00:10:39.315882 163773 response_manager.cpp:214]  get receive count:1 seq:20
E20260308 00:10:39.318328 163773 lock_free_collector_pool.cpp:71]  update:276 seq:276 cap:256 update seq:20
E20260308 00:10:39.319104 163773 response_manager.cpp:227] SendResponseToClient local_id:20 seq:20 proxy_id:1
E20260308 00:10:39.320072 163773 lock_free_collector_pool.cpp:71]  update:276 seq:276 cap:256 update seq:20
E20260308 00:10:39.321252 163645 consensus_server.cpp:223] Selftest completed request i=18 ret=0 value=light_value
E20260308 00:10:39.321260 163773 response_manager.cpp:259] response sent to client local_id:20 seq:20
E20260308 00:10:39.322221 163645 consensus_server.cpp:221] Selftest sending request i=19
E20260308 00:10:39.328491 163773 consensus_manager_pbft.cpp:208] recv impl type:2 sender id:0 seq:0 primary:1 is recovery:0
E20260308 00:10:39.429806 163668 response_manager.cpp:327] add context list:0 list size:1 local_id:21
E20260308 00:10:39.450269 163773 consensus_manager_pbft.cpp:208] recv impl type:14 sender id:1 seq:0 primary:1 is recovery:0
E20260308 00:10:39.470472 163773 consensus_manager_pbft.cpp:208] recv impl type:3 sender id:1 seq:21 primary:1 is recovery:0
E20260308 00:10:39.480973 163797 consensus_manager_pbft.cpp:208] recv impl type:3 sender id:1 seq:21 primary:1 is recovery:0
E20260308 00:10:39.480162 163845 consensus_manager_pbft.cpp:208] recv impl type:3 sender id:1 seq:21 primary:1 is recovery:0
E20260308 00:10:39.476565 163821 consensus_manager_pbft.cpp:208] recv impl type:3 sender id:1 seq:21 primary:1 is recovery:0
E20260308 00:10:39.505139 163773 consensus_manager_pbft.cpp:208] recv impl type:4 sender id:4 seq:21 primary:1 is recovery:0
E20260308 00:10:39.529767 163845 consensus_manager_pbft.cpp:208] recv impl type:4 sender id:4 seq:21 primary:1 is recovery:0
E20260308 00:10:39.538439 163842 consensus_manager_pbft.cpp:208] recv impl type:4 sender id:2 seq:21 primary:1 is recovery:0
E20260308 00:10:39.508191 163797 consensus_manager_pbft.cpp:208] recv impl type:4 sender id:4 seq:21 primary:1 is recovery:0
E20260308 00:10:39.514564 163821 consensus_manager_pbft.cpp:208] recv impl type:4 sender id:4 seq:21 primary:1 is recovery:0
E20260308 00:10:39.522823 163771 consensus_manager_pbft.cpp:208] recv impl type:4 sender id:2 seq:21 primary:1 is recovery:0
E20260308 00:10:39.522827 163770 consensus_manager_pbft.cpp:208] recv impl type:4 sender id:1 seq:21 primary:1 is recovery:0
E20260308 00:10:39.529825 163820 consensus_manager_pbft.cpp:208] recv impl type:4 sender id:3 seq:21 primary:1 is recovery:0
E20260308 00:10:39.529831 163819 consensus_manager_pbft.cpp:208] recv impl type:4 sender id:2 seq:21 primary:1 is recovery:0
E20260308 00:10:39.505146 163772 consensus_manager_pbft.cpp:208] recv impl type:4 sender id:3 seq:21 primary:1 is recovery:0
E20260308 00:10:39.528625 163795 consensus_manager_pbft.cpp:208] recv impl type:4 sender id:2 seq:21 primary:1 is recovery:0
E20260308 00:10:39.528625 163794 consensus_manager_pbft.cpp:208] recv impl type:4 sender id:1 seq:21 primary:1 is recovery:0
E20260308 00:10:39.534646 163844 consensus_manager_pbft.cpp:208] recv impl type:4 sender id:1 seq:21 primary:1 is recovery:0
E20260308 00:10:39.534647 163843 consensus_manager_pbft.cpp:208] recv impl type:4 sender id:3 seq:21 primary:1 is recovery:0
E20260308 00:10:39.538451 163818 consensus_manager_pbft.cpp:208] recv impl type:4 sender id:1 seq:21 primary:1 is recovery:0
E20260308 00:10:39.508190 163796 consensus_manager_pbft.cpp:208] recv impl type:4 sender id:3 seq:21 primary:1 is recovery:0
E20260308 00:10:39.542771 163771 checkpoint_manager.cpp:495] get high prepared seq:20
E20260308 00:10:39.545423 163819 checkpoint_manager.cpp:495] get high prepared seq:20
E20260308 00:10:39.548158 163794 checkpoint_manager.cpp:495] get high prepared seq:20
E20260308 00:10:39.548964 163844 checkpoint_manager.cpp:495] get high prepared seq:20
E20260308 00:10:39.553048 163771 checkpoint_manager.cpp:500] set high prepared seq:21
E20260308 00:10:39.554082 163819 checkpoint_manager.cpp:500] set high prepared seq:21
E20260308 00:10:39.555018 163794 checkpoint_manager.cpp:500] set high prepared seq:21
E20260308 00:10:39.556095 163844 checkpoint_manager.cpp:500] set high prepared seq:21
E20260308 00:10:39.575278 163773 consensus_manager_pbft.cpp:208] recv impl type:5 sender id:3 seq:21 primary:1 is recovery:0
E20260308 00:10:39.602679 163772 consensus_manager_pbft.cpp:208] recv impl type:5 sender id:4 seq:21 primary:1 is recovery:0
E20260308 00:10:39.591607 163845 consensus_manager_pbft.cpp:208] recv impl type:5 sender id:3 seq:21 primary:1 is recovery:0
E20260308 00:10:39.591635 163821 consensus_manager_pbft.cpp:208] recv impl type:5 sender id:3 seq:21 primary:1 is recovery:0
E20260308 00:10:39.591638 163820 consensus_manager_pbft.cpp:208] recv impl type:5 sender id:1 seq:21 primary:1 is recovery:0
E20260308 00:10:39.595953 163797 consensus_manager_pbft.cpp:208] recv impl type:5 sender id:3 seq:21 primary:1 is recovery:0
E20260308 00:10:39.605321 163843 consensus_manager_pbft.cpp:208] recv impl type:5 sender id:1 seq:21 primary:1 is recovery:0
E20260308 00:10:39.605326 163796 consensus_manager_pbft.cpp:208] recv impl type:5 sender id:1 seq:21 primary:1 is recovery:0
E20260308 00:10:39.575279 163771 consensus_manager_pbft.cpp:208] recv impl type:5 sender id:1 seq:21 primary:1 is recovery:0
E20260308 00:10:39.605382 163770 consensus_manager_pbft.cpp:208] recv impl type:5 sender id:2 seq:21 primary:1 is recovery:0
E20260308 00:10:39.626331 163662 transaction_manager.cpp:91]  execute batch seq:20
E20260308 00:10:39.615926 163819 consensus_manager_pbft.cpp:208] recv impl type:5 sender id:4 seq:21 primary:1 is recovery:0
E20260308 00:10:39.614701 163818 consensus_manager_pbft.cpp:208] recv impl type:5 sender id:2 seq:21 primary:1 is recovery:0
E20260308 00:10:39.630048 163716 transaction_manager.cpp:91]  execute batch seq:20
E20260308 00:10:39.617137 163844 consensus_manager_pbft.cpp:208] recv impl type:5 sender id:4 seq:21 primary:1 is recovery:0
E20260308 00:10:39.619244 163842 consensus_manager_pbft.cpp:208] recv impl type:5 sender id:2 seq:21 primary:1 is recovery:0
E20260308 00:10:39.633569 163743 transaction_manager.cpp:91]  execute batch seq:20
E20260308 00:10:39.625810 163654 lock_free_collector_pool.cpp:71]  update:277 seq:277 cap:256 update seq:21
E20260308 00:10:39.613390 163795 consensus_manager_pbft.cpp:208] recv impl type:5 sender id:2 seq:21 primary:1 is recovery:0
E20260308 00:10:39.626715 163770 message_manager.cpp:204]  add request fail
E20260308 00:10:39.638751 163689 transaction_manager.cpp:91]  execute batch seq:20
E20260308 00:10:39.629212 163819 checkpoint_manager.cpp:530]  add commited state:21
E20260308 00:10:39.629570 163708 lock_free_collector_pool.cpp:71]  update:277 seq:277 cap:256 update seq:21
E20260308 00:10:39.614709 163794 consensus_manager_pbft.cpp:208] recv impl type:5 sender id:4 seq:21 primary:1 is recovery:0
E20260308 00:10:39.630599 163818 message_manager.cpp:204]  add request fail
E20260308 00:10:39.632055 163720 commitment.cpp:363] send back to proxy:1
E20260308 00:10:39.632771 163844 checkpoint_manager.cpp:530]  add commited state:21
E20260308 00:10:39.633145 163735 lock_free_collector_pool.cpp:71]  update:277 seq:277 cap:256 update seq:21
E20260308 00:10:39.625416 163771 checkpoint_manager.cpp:530]  add commited state:21
E20260308 00:10:39.634114 163842 message_manager.cpp:204]  add request fail
E20260308 00:10:39.635707 163747 commitment.cpp:363] send back to proxy:1
E20260308 00:10:39.637331 163795 checkpoint_manager.cpp:530]  add commited state:21
E20260308 00:10:39.638247 163681 lock_free_collector_pool.cpp:71]  update:277 seq:277 cap:256 update seq:21
E20260308 00:10:39.628463 163666 commitment.cpp:363] send back to proxy:1
E20260308 00:10:39.640435 163693 commitment.cpp:363] send back to proxy:1
E20260308 00:10:39.642699 163794 message_manager.cpp:204]  add request fail
E20260308 00:10:39.660943 163773 consensus_manager_pbft.cpp:208] recv impl type:7 sender id:1 seq:21 primary:1 is recovery:0
E20260308 00:10:39.663769 163773 response_manager.cpp:187]  receive request seq:21 type:7 local id:21
E20260308 00:10:39.668215 163772 consensus_manager_pbft.cpp:208] recv impl type:7 sender id:2 seq:21 primary:1 is recovery:0
E20260308 00:10:39.673143 163770 consensus_manager_pbft.cpp:208] recv impl type:7 sender id:3 seq:21 primary:1 is recovery:0
E20260308 00:10:39.669595 163773 response_manager.cpp:214]  get receive count:0 seq:21
E20260308 00:10:39.668218 163771 consensus_manager_pbft.cpp:208] recv impl type:7 sender id:4 seq:21 primary:1 is recovery:0
E20260308 00:10:39.673833 163772 response_manager.cpp:187]  receive request seq:21 type:7 local id:21
E20260308 00:10:39.674808 163770 response_manager.cpp:187]  receive request seq:21 type:7 local id:21
E20260308 00:10:39.676715 163771 response_manager.cpp:187]  receive request seq:21 type:7 local id:21
E20260308 00:10:39.677951 163772 response_manager.cpp:214]  get receive count:1 seq:21
E20260308 00:10:39.680419 163772 lock_free_collector_pool.cpp:71]  update:277 seq:277 cap:256 update seq:21
E20260308 00:10:39.681178 163772 response_manager.cpp:227] SendResponseToClient local_id:21 seq:21 proxy_id:1
E20260308 00:10:39.682134 163772 lock_free_collector_pool.cpp:71]  update:277 seq:277 cap:256 update seq:21
E20260308 00:10:39.683598 163645 consensus_server.cpp:223] Selftest completed request i=19 ret=0 value=light_value
E20260308 00:10:39.683599 163772 response_manager.cpp:259] response sent to client local_id:21 seq:21
E20260308 00:10:40.788172 163645 consensus_server.cpp:291] Self-test passed mode=tcp (GET verified, last_value=light_value)
E20260308 00:10:40.788772 163645 consensus_server.cpp:294] RESULT mode=tcp num_requests=20 total_time_s=7.42134 throughput_rps=2.69493 avg_us=371063 p50_us=362647 p95_us=406940 p99_us=406940 min_us=350684 max_us=421965 status=OK
E20260308 00:10:44.309530 163646 stats.cpp:474]   req client latency:0.000249338
% time     seconds  usecs/call     calls    errors syscall
------ ----------- ----------- --------- --------- ------------------
 90.51  380.793826        3623    105100     38448 futex
  3.68   15.498178       11109      1395           epoll_pwait
  2.83   11.887076      409899        29           clock_nanosleep
  1.82    7.673492       87198        88        51 accept
  0.68    2.843978         963      2953      1133 recvfrom
  0.15    0.619767         227      2727           gettid
  0.14    0.597124         329      1814           sendto
  0.07    0.278783          51      5460           write
  0.06    0.242267          44      5404           getpid
  0.04    0.168206          44      3791           mprotect
  0.01    0.033210         217       153           epoll_ctl
  0.00    0.015119          17       847           rt_sigprocmask
  0.00    0.012914          61       209           clone
  0.00    0.010539          33       312           mmap
  0.00    0.008950          32       278           munmap
  0.00    0.008947          42       209           madvise
  0.00    0.005371         145        37        16 connect
  0.00    0.004388          37       117           close
  0.00    0.003590          62        57           ioctl
  0.00    0.003451          16       210           set_robust_list
  0.00    0.003114          14       210           rseq
  0.00    0.002378           5       397           brk
  0.00    0.002341          65        36           setsockopt
  0.00    0.002267          49        46           socket
  0.00    0.001909         119        16           getsockopt
  0.00    0.001892         118        16           ppoll
  0.00    0.000320          40         8           eventfd2
  0.00    0.000278          19        14         1 openat
  0.00    0.000237          79         3           unlinkat
  0.00    0.000231          28         8           epoll_create1
  0.00    0.000225          28         8           timerfd_create
  0.00    0.000203          67         3           symlinkat
  0.00    0.000145           9        16         1 newfstatat
  0.00    0.000087           5        15           rt_sigaction
  0.00    0.000083           8        10           read
  0.00    0.000036           4         8           bind
  0.00    0.000023           2         8           listen
  0.00    0.000020          20         1         1 faccessat
  0.00    0.000018           3         6           fcntl
  0.00    0.000017           4         4           uname
  0.00    0.000016          16         1           sched_getaffinity
  0.00    0.000010          10         1           getrandom
  0.00    0.000009           2         4           lseek
  0.00    0.000009           9         1           prlimit64
  0.00    0.000006           6         1           set_tid_address
  0.00    0.000000           0         1           execve
------ ----------- ----------- --------- --------- ------------------
100.00  420.725050        3186    132032     39651 total",
2026-03-08T00:12:09,rdma,128.110.216.196,26000,20,1,0,30.084370558000955,6.01038e-06,rdma,rdma,20,2.1351,9.36725,106751.0,106753.0,107223.0,107223.0,105336.0,107410.0,OK,"NO shared receive
>>>>>>>> post recvs
connect request had data with it: 56 bytes
[Server] accepted client 1
NO shared receive
>>>>>>>> post recvs
connect request had data with it: 56 bytes
[Server] accepted client 1
NO shared receive
>>>>>>>> post recvs
connect request had data with it: 56 bytes
[Server] accepted client 2
NO shared receive
>>>>>>>> post recvs
connect request had data with it: 56 bytes
[Server] accepted client 2
NO shared receive
>>>>>>>> post recvs
connect request had data with it: 56 bytes
[Server] accepted client 2
NO shared receive
>>>>>>>> post recvs
connect request had data with it: 56 bytes
[Server] accepted client 2
NO shared receive
>>>>>>>> post recvs
connect request had data with it: 56 bytes
[Server] accepted client 3
NO shared receive
>>>>>>>> post recvs
connect request had data with it: 56 bytes
[Server] accepted client 3
NO shared receive
>>>>>>>> post recvs
connect request had data with it: 56 bytes
[Server] accepted client 3
NO shared receive
>>>>>>>> post recvs
connect request had data with it: 56 bytes
[Server] accepted client 3","E20260308 00:11:09.316861 163914 transaction_manager.cpp:91]  execute batch seq:20
E20260308 00:11:09.316572 163884 lock_free_collector_pool.cpp:71]  update:277 seq:277 cap:256 update seq:21
E20260308 00:11:09.316601 163891 transaction_manager.cpp:91]  execute batch seq:20
E20260308 00:11:09.316685 164049 checkpoint_manager.cpp:530]  add commited state:21
E20260308 00:11:09.317046 163896 commitment.cpp:363] send back to proxy:1
E20260308 00:11:09.315814 164022 consensus_manager_pbft.cpp:208] recv impl type:5 sender id:1 seq:21 primary:1 is recovery:0
E20260308 00:11:09.316707 163928 lock_free_collector_pool.cpp:71]  update:277 seq:277 cap:256 update seq:21
E20260308 00:11:09.316723 163961 message_manager.cpp:188]  seq:21 type:5 has been committed
E20260308 00:11:09.316430 163977 consensus_manager_pbft.cpp:208] recv impl type:5 sender id:4 seq:21 primary:1 is recovery:0
E20260308 00:11:09.316756 163929 transaction_manager.cpp:91]  execute batch seq:20
E20260308 00:11:09.316768 163953 response_manager.cpp:187]  receive request seq:21 type:7 local id:21
E20260308 00:11:09.317325 163940 commitment.cpp:363] send back to proxy:1
E20260308 00:11:09.316828 163906 lock_free_collector_pool.cpp:71]  update:277 seq:277 cap:256 update seq:21
E20260308 00:11:09.316555 163988 checkpoint_manager.cpp:530]  add commited state:21
E20260308 00:11:09.316931 163918 commitment.cpp:363] send back to proxy:1
E20260308 00:11:09.315761 163979 rdma_replica_communicator.cpp:75] [RDMA] send target id=4 ip=128.110.216.196 base_port=26004 rdma_port=26004 payload_bytes=53
E20260308 00:11:09.317103 163896 rdma_replica_communicator.cpp:75] [RDMA] send target id=1 ip=128.110.216.196 base_port=26001 rdma_port=26001 payload_bytes=53
E20260308 00:11:09.317605 164039 consensus_manager_pbft.cpp:208] recv impl type:5 sender id:2 seq:21 primary:1 is recovery:0
E20260308 00:11:09.317251 163977 message_manager.cpp:204]  add request fail
E20260308 00:11:09.317328 163953 response_manager.cpp:214]  get receive count:0 seq:21
E20260308 00:11:09.316802 164017 checkpoint_manager.cpp:530]  add commited state:21
E20260308 00:11:09.317369 163940 rdma_replica_communicator.cpp:75] [RDMA] send target id=1 ip=128.110.216.196 base_port=26001 rdma_port=26001 payload_bytes=53
E20260308 00:11:09.317482 163918 rdma_replica_communicator.cpp:75] [RDMA] send target id=1 ip=128.110.216.196 base_port=26001 rdma_port=26001 payload_bytes=53
E20260308 00:11:09.318017 163967 consensus_manager_pbft.cpp:208] recv impl type:7 sender id:4 seq:21 primary:1 is recovery:0
E20260308 00:11:09.317667 163961 consensus_manager_pbft.cpp:208] recv impl type:7 sender id:2 seq:21 primary:1 is recovery:0
E20260308 00:11:09.317747 164039 message_manager.cpp:188]  seq:21 type:5 has been committed
E20260308 00:11:09.318018 163964 consensus_manager_pbft.cpp:208] recv impl type:7 sender id:3 seq:21 primary:1 is recovery:0
E20260308 00:11:09.318061 163967 response_manager.cpp:187]  receive request seq:21 type:7 local id:21
E20260308 00:11:09.317134 164022 message_manager.cpp:204]  add request fail
E20260308 00:11:09.318109 163961 response_manager.cpp:187]  receive request seq:21 type:7 local id:21
E20260308 00:11:09.318253 163964 response_manager.cpp:187]  receive request seq:21 type:7 local id:21
E20260308 00:11:09.318289 163967 response_manager.cpp:214]  get receive count:1 seq:21
E20260308 00:11:09.318466 163967 lock_free_collector_pool.cpp:71]  update:277 seq:277 cap:256 update seq:21
E20260308 00:11:09.318508 163967 response_manager.cpp:227] SendResponseToClient local_id:21 seq:21 proxy_id:1
E20260308 00:11:09.318540 163967 lock_free_collector_pool.cpp:71]  update:277 seq:277 cap:256 update seq:21
E20260308 00:11:09.318656 163967 response_manager.cpp:259] response sent to client local_id:21 seq:21
E20260308 00:11:09.318665 163860 consensus_server.cpp:223] Selftest completed request i=19 ret=0 value=light_value
E20260308 00:11:09.344307 163861 stats.cpp:474]   req client latency:6.01038e-06
E20260308 00:11:10.319206 163860 consensus_server.cpp:291] Self-test passed mode=rdma (GET verified, last_value=light_value)
E20260308 00:11:10.319307 163860 consensus_server.cpp:294] RESULT mode=rdma num_requests=20 total_time_s=2.1351 throughput_rps=9.36725 avg_us=106751 p50_us=106753 p95_us=107223 p99_us=107223 min_us=105336 max_us=107410 status=OK","E20260308 00:11:43.265483 164257 message_manager.cpp:204]  add request fail
E20260308 00:11:43.269583 164156 rdma_replica_communicator.cpp:75] [RDMA] send target id=1 ip=128.110.216.196 base_port=26001 rdma_port=26001 payload_bytes=53
E20260308 00:11:43.273041 164182 consensus_manager_pbft.cpp:208] recv impl type:7 sender id:3 seq:20 primary:1 is recovery:0
E20260308 00:11:43.273425 164184 response_manager.cpp:187]  receive request seq:20 type:7 local id:20
E20260308 00:11:43.274434 164183 response_manager.cpp:187]  receive request seq:20 type:7 local id:20
E20260308 00:11:43.278445 164181 consensus_manager_pbft.cpp:208] recv impl type:7 sender id:4 seq:20 primary:1 is recovery:0
E20260308 00:11:43.278813 164182 response_manager.cpp:187]  receive request seq:20 type:7 local id:20
E20260308 00:11:43.279735 164184 response_manager.cpp:214]  get receive count:0 seq:20
E20260308 00:11:43.280566 164183 response_manager.cpp:214]  get receive count:1 seq:20
E20260308 00:11:43.281397 164181 response_manager.cpp:187]  receive request seq:20 type:7 local id:20
E20260308 00:11:43.283761 164183 lock_free_collector_pool.cpp:71]  update:276 seq:276 cap:256 update seq:20
E20260308 00:11:43.285373 164183 response_manager.cpp:227] SendResponseToClient local_id:20 seq:20 proxy_id:1
E20260308 00:11:43.286140 164183 lock_free_collector_pool.cpp:71]  update:276 seq:276 cap:256 update seq:20
E20260308 00:11:43.287261 164183 response_manager.cpp:259] response sent to client local_id:20 seq:20
E20260308 00:11:43.287261 164076 consensus_server.cpp:223] Selftest completed request i=18 ret=0 value=light_value
E20260308 00:11:43.289160 164076 consensus_server.cpp:221] Selftest sending request i=19
E20260308 00:11:43.293687 164184 consensus_manager_pbft.cpp:208] recv impl type:2 sender id:0 seq:0 primary:1 is recovery:0
E20260308 00:11:43.394918 164092 response_manager.cpp:327] add context list:0 list size:1 local_id:21
E20260308 00:11:43.395756 164092 rdma_replica_communicator.cpp:75] [RDMA] send target id=1 ip=128.110.216.196 base_port=26001 rdma_port=26001 payload_bytes=82
E20260308 00:11:43.399123 164184 consensus_manager_pbft.cpp:208] recv impl type:14 sender id:1 seq:0 primary:1 is recovery:0
E20260308 00:11:43.399946 164184 rdma_replica_communicator.cpp:75] [RDMA] send target id=1 ip=128.110.216.196 base_port=26001 rdma_port=26001 payload_bytes=89
E20260308 00:11:43.400723 164184 rdma_replica_communicator.cpp:75] [RDMA] send target id=2 ip=128.110.216.196 base_port=26002 rdma_port=26002 payload_bytes=89
E20260308 00:11:43.403259 164183 consensus_manager_pbft.cpp:208] recv impl type:3 sender id:1 seq:21 primary:1 is recovery:0
E20260308 00:11:43.403985 164184 rdma_replica_communicator.cpp:75] [RDMA] send target id=3 ip=128.110.216.196 base_port=26003 rdma_port=26003 payload_bytes=89
E20260308 00:11:43.406620 164208 consensus_manager_pbft.cpp:208] recv impl type:3 sender id:1 seq:21 primary:1 is recovery:0
E20260308 00:11:43.407101 164183 rdma_replica_communicator.cpp:75] [RDMA] send target id=1 ip=128.110.216.196 base_port=26001 rdma_port=26001 payload_bytes=51
E20260308 00:11:43.407857 164184 rdma_replica_communicator.cpp:75] [RDMA] send target id=4 ip=128.110.216.196 base_port=26004 rdma_port=26004 payload_bytes=89
E20260308 00:11:43.410462 164233 consensus_manager_pbft.cpp:208] recv impl type:3 sender id:1 seq:21 primary:1 is recovery:0
E20260308 00:11:43.411026 164208 rdma_replica_communicator.cpp:75] [RDMA] send target id=1 ip=128.110.216.196 base_port=26001 rdma_port=26001 payload_bytes=51
E20260308 00:11:43.411816 164183 rdma_replica_communicator.cpp:75] [RDMA] send target id=2 ip=128.110.216.196 base_port=26002 rdma_port=26002 payload_bytes=51
E20260308 00:11:43.414278 164182 consensus_manager_pbft.cpp:208] recv impl type:4 sender id:1 seq:21 primary:1 is recovery:0
E20260308 00:11:43.417193 164258 consensus_manager_pbft.cpp:208] recv impl type:3 sender id:1 seq:21 primary:1 is recovery:0
E20260308 00:11:43.417622 164233 rdma_replica_communicator.cpp:75] [RDMA] send target id=1 ip=128.110.216.196 base_port=26001 rdma_port=26001 payload_bytes=51
E20260308 00:11:43.418401 164208 rdma_replica_communicator.cpp:75] [RDMA] send target id=2 ip=128.110.216.196 base_port=26002 rdma_port=26002 payload_bytes=51
E20260308 00:11:43.420778 164184 consensus_manager_pbft.cpp:208] recv impl type:4 sender id:2 seq:21 primary:1 is recovery:0
E20260308 00:11:43.421183 164183 rdma_replica_communicator.cpp:75] [RDMA] send target id=3 ip=128.110.216.196 base_port=26003 rdma_port=26003 payload_bytes=51
E20260308 00:11:43.423682 164207 consensus_manager_pbft.cpp:208] recv impl type:4 sender id:1 seq:21 primary:1 is recovery:0
E20260308 00:11:43.424994 164258 rdma_replica_communicator.cpp:75] [RDMA] send target id=1 ip=128.110.216.196 base_port=26001 rdma_port=26001 payload_bytes=51
E20260308 00:11:43.425757 164233 rdma_replica_communicator.cpp:75] [RDMA] send target id=2 ip=128.110.216.196 base_port=26002 rdma_port=26002 payload_bytes=51
E20260308 00:11:43.428167 164182 consensus_manager_pbft.cpp:208] recv impl type:4 sender id:3 seq:21 primary:1 is recovery:0
E20260308 00:11:43.428534 164208 rdma_replica_communicator.cpp:75] [RDMA] send target id=3 ip=128.110.216.196 base_port=26003 rdma_port=26003 payload_bytes=51
E20260308 00:11:43.430922 164206 consensus_manager_pbft.cpp:208] recv impl type:4 sender id:2 seq:21 primary:1 is recovery:0
E20260308 00:11:43.432235 164183 rdma_replica_communicator.cpp:75] [RDMA] send target id=4 ip=128.110.216.196 base_port=26004 rdma_port=26004 payload_bytes=51
E20260308 00:11:43.434593 164232 consensus_manager_pbft.cpp:208] recv impl type:4 sender id:1 seq:21 primary:1 is recovery:0
E20260308 00:11:43.435866 164258 rdma_replica_communicator.cpp:75] [RDMA] send target id=2 ip=128.110.216.196 base_port=26002 rdma_port=26002 payload_bytes=51
E20260308 00:11:43.438333 164184 consensus_manager_pbft.cpp:208] recv impl type:4 sender id:4 seq:21 primary:1 is recovery:0
E20260308 00:11:43.438786 164233 rdma_replica_communicator.cpp:75] [RDMA] send target id=3 ip=128.110.216.196 base_port=26003 rdma_port=26003 payload_bytes=51
E20260308 00:11:43.441079 164207 consensus_manager_pbft.cpp:208] recv impl type:4 sender id:3 seq:21 primary:1 is recovery:0
E20260308 00:11:43.441478 164182 checkpoint_manager.cpp:495] get high prepared seq:20
E20260308 00:11:43.442308 164208 rdma_replica_communicator.cpp:75] [RDMA] send target id=4 ip=128.110.216.196 base_port=26004 rdma_port=26004 payload_bytes=51
E20260308 00:11:43.444730 164231 consensus_manager_pbft.cpp:208] recv impl type:4 sender id:2 seq:21 primary:1 is recovery:0
E20260308 00:11:43.448618 164257 consensus_manager_pbft.cpp:208] recv impl type:4 sender id:1 seq:21 primary:1 is recovery:0
E20260308 00:11:43.449795 164258 rdma_replica_communicator.cpp:75] [RDMA] send target id=3 ip=128.110.216.196 base_port=26003 rdma_port=26003 payload_bytes=51
E20260308 00:11:43.452170 164206 consensus_manager_pbft.cpp:208] recv impl type:4 sender id:4 seq:21 primary:1 is recovery:0
E20260308 00:11:43.453445 164233 rdma_replica_communicator.cpp:75] [RDMA] send target id=4 ip=128.110.216.196 base_port=26004 rdma_port=26004 payload_bytes=51
E20260308 00:11:43.455659 164232 consensus_manager_pbft.cpp:208] recv impl type:4 sender id:3 seq:21 primary:1 is recovery:0
E20260308 00:11:43.456174 164207 checkpoint_manager.cpp:495] get high prepared seq:20
E20260308 00:11:43.457290 164182 checkpoint_manager.cpp:500] set high prepared seq:21
E20260308 00:11:43.460777 164256 consensus_manager_pbft.cpp:208] recv impl type:4 sender id:2 seq:21 primary:1 is recovery:0
E20260308 00:11:43.461325 164231 checkpoint_manager.cpp:495] get high prepared seq:20
E20260308 00:11:43.462934 164258 rdma_replica_communicator.cpp:75] [RDMA] send target id=4 ip=128.110.216.196 base_port=26004 rdma_port=26004 payload_bytes=51
E20260308 00:11:43.465054 164230 consensus_manager_pbft.cpp:208] recv impl type:4 sender id:4 seq:21 primary:1 is recovery:0
E20260308 00:11:43.468434 164255 consensus_manager_pbft.cpp:208] recv impl type:4 sender id:3 seq:21 primary:1 is recovery:0
E20260308 00:11:43.469857 164207 checkpoint_manager.cpp:500] set high prepared seq:21
E20260308 00:11:43.470656 164182 rdma_replica_communicator.cpp:75] [RDMA] send target id=1 ip=128.110.216.196 base_port=26001 rdma_port=26001 payload_bytes=53
E20260308 00:11:43.471519 164256 checkpoint_manager.cpp:495] get high prepared seq:20
E20260308 00:11:43.472446 164231 checkpoint_manager.cpp:500] set high prepared seq:21
E20260308 00:11:43.475370 164258 consensus_manager_pbft.cpp:208] recv impl type:4 sender id:4 seq:21 primary:1 is recovery:0
E20260308 00:11:43.477694 164207 rdma_replica_communicator.cpp:75] [RDMA] send target id=1 ip=128.110.216.196 base_port=26001 rdma_port=26001 payload_bytes=53
E20260308 00:11:43.478621 164182 rdma_replica_communicator.cpp:75] [RDMA] send target id=2 ip=128.110.216.196 base_port=26002 rdma_port=26002 payload_bytes=53
E20260308 00:11:43.481345 164183 consensus_manager_pbft.cpp:208] recv impl type:5 sender id:1 seq:21 primary:1 is recovery:0
E20260308 00:11:43.481949 164256 checkpoint_manager.cpp:500] set high prepared seq:21
E20260308 00:11:43.482712 164231 rdma_replica_communicator.cpp:75] [RDMA] send target id=1 ip=128.110.216.196 base_port=26001 rdma_port=26001 payload_bytes=53
E20260308 00:11:43.484351 164207 rdma_replica_communicator.cpp:75] [RDMA] send target id=2 ip=128.110.216.196 base_port=26002 rdma_port=26002 payload_bytes=53
E20260308 00:11:43.486862 164184 consensus_manager_pbft.cpp:208] recv impl type:5 sender id:2 seq:21 primary:1 is recovery:0
E20260308 00:11:43.487315 164182 rdma_replica_communicator.cpp:75] [RDMA] send target id=3 ip=128.110.216.196 base_port=26003 rdma_port=26003 payload_bytes=53
E20260308 00:11:43.489938 164208 consensus_manager_pbft.cpp:208] recv impl type:5 sender id:1 seq:21 primary:1 is recovery:0
E20260308 00:11:43.491164 164256 rdma_replica_communicator.cpp:75] [RDMA] send target id=1 ip=128.110.216.196 base_port=26001 rdma_port=26001 payload_bytes=53
E20260308 00:11:43.491950 164231 rdma_replica_communicator.cpp:75] [RDMA] send target id=2 ip=128.110.216.196 base_port=26002 rdma_port=26002 payload_bytes=53
E20260308 00:11:43.494910 164183 consensus_manager_pbft.cpp:208] recv impl type:5 sender id:3 seq:21 primary:1 is recovery:0
E20260308 00:11:43.495368 164207 rdma_replica_communicator.cpp:75] [RDMA] send target id=3 ip=128.110.216.196 base_port=26003 rdma_port=26003 payload_bytes=53
E20260308 00:11:43.497816 164206 consensus_manager_pbft.cpp:208] recv impl type:5 sender id:2 seq:21 primary:1 is recovery:0
E20260308 00:11:43.499118 164182 rdma_replica_communicator.cpp:75] [RDMA] send target id=4 ip=128.110.216.196 base_port=26004 rdma_port=26004 payload_bytes=53
E20260308 00:11:43.501415 164233 consensus_manager_pbft.cpp:208] recv impl type:5 sender id:1 seq:21 primary:1 is recovery:0
E20260308 00:11:43.502687 164256 rdma_replica_communicator.cpp:75] [RDMA] send target id=2 ip=128.110.216.196 base_port=26002 rdma_port=26002 payload_bytes=53
E20260308 00:11:43.505141 164184 consensus_manager_pbft.cpp:208] recv impl type:5 sender id:4 seq:21 primary:1 is recovery:0
E20260308 00:11:43.505509 164231 rdma_replica_communicator.cpp:75] [RDMA] send target id=3 ip=128.110.216.196 base_port=26003 rdma_port=26003 payload_bytes=53
E20260308 00:11:43.507886 164208 consensus_manager_pbft.cpp:208] recv impl type:5 sender id:3 seq:21 primary:1 is recovery:0
E20260308 00:11:43.508453 164183 checkpoint_manager.cpp:530]  add commited state:21
E20260308 00:11:43.523983 164110 transaction_manager.cpp:91]  execute batch seq:20
E20260308 00:11:43.509444 164088 transaction_manager.cpp:91]  execute batch seq:20
E20260308 00:11:43.509649 164207 rdma_replica_communicator.cpp:75] [RDMA] send target id=4 ip=128.110.216.196 base_port=26004 rdma_port=26004 payload_bytes=53
E20260308 00:11:43.512099 164232 consensus_manager_pbft.cpp:208] recv impl type:5 sender id:2 seq:21 primary:1 is recovery:0
E20260308 00:11:43.515573 164258 consensus_manager_pbft.cpp:208] recv impl type:5 sender id:1 seq:21 primary:1 is recovery:0
E20260308 00:11:43.516721 164256 rdma_replica_communicator.cpp:75] [RDMA] send target id=3 ip=128.110.216.196 base_port=26003 rdma_port=26003 payload_bytes=53
E20260308 00:11:43.519032 164206 consensus_manager_pbft.cpp:208] recv impl type:5 sender id:4 seq:21 primary:1 is recovery:0
E20260308 00:11:43.519500 164184 message_manager.cpp:204]  add request fail
E20260308 00:11:43.520295 164231 rdma_replica_communicator.cpp:75] [RDMA] send target id=4 ip=128.110.216.196 base_port=26004 rdma_port=26004 payload_bytes=53
E20260308 00:11:43.522562 164230 consensus_manager_pbft.cpp:208] recv impl type:5 sender id:3 seq:21 primary:1 is recovery:0
E20260308 00:11:43.523238 164208 checkpoint_manager.cpp:530]  add commited state:21
E20260308 00:11:43.539191 164130 transaction_manager.cpp:91]  execute batch seq:20
E20260308 00:11:43.509075 164078 lock_free_collector_pool.cpp:71]  update:277 seq:277 cap:256 update seq:21
E20260308 00:11:43.525772 164112 commitment.cpp:363] send back to proxy:1
E20260308 00:11:43.526924 164090 commitment.cpp:363] send back to proxy:1
E20260308 00:11:43.529495 164257 consensus_manager_pbft.cpp:208] recv impl type:5 sender id:2 seq:21 primary:1 is recovery:0
E20260308 00:11:43.531518 164256 rdma_replica_communicator.cpp:75] [RDMA] send target id=4 ip=128.110.216.196 base_port=26004 rdma_port=26004 payload_bytes=53
E20260308 00:11:43.533706 164233 consensus_manager_pbft.cpp:208] recv impl type:5 sender id:4 seq:21 primary:1 is recovery:0
E20260308 00:11:43.534149 164206 message_manager.cpp:204]  add request fail
E20260308 00:11:43.537770 164258 consensus_manager_pbft.cpp:208] recv impl type:5 sender id:3 seq:21 primary:1 is recovery:0
E20260308 00:11:43.538338 164230 checkpoint_manager.cpp:530]  add commited state:21
E20260308 00:11:43.550664 164144 lock_free_collector_pool.cpp:71]  update:277 seq:277 cap:256 update seq:21
E20260308 00:11:43.523571 164100 lock_free_collector_pool.cpp:71]  update:277 seq:277 cap:256 update seq:21
E20260308 00:11:43.540693 164134 commitment.cpp:363] send back to proxy:1
E20260308 00:11:43.542111 164112 rdma_replica_communicator.cpp:75] [RDMA] send target id=1 ip=128.110.216.196 base_port=26001 rdma_port=26001 payload_bytes=53
E20260308 00:11:43.543018 164090 rdma_replica_communicator.cpp:75] [RDMA] send target id=1 ip=128.110.216.196 base_port=26001 rdma_port=26001 payload_bytes=53
E20260308 00:11:43.547132 164257 consensus_manager_pbft.cpp:208] recv impl type:5 sender id:4 seq:21 primary:1 is recovery:0
E20260308 00:11:43.547536 164233 message_manager.cpp:204]  add request fail
E20260308 00:11:43.550312 164258 checkpoint_manager.cpp:530]  add commited state:21
E20260308 00:11:43.538836 164122 lock_free_collector_pool.cpp:71]  update:277 seq:277 cap:256 update seq:21
E20260308 00:11:43.551173 164152 transaction_manager.cpp:91]  execute batch seq:20
E20260308 00:11:43.554021 164134 rdma_replica_communicator.cpp:75] [RDMA] send target id=1 ip=128.110.216.196 base_port=26001 rdma_port=26001 payload_bytes=53
E20260308 00:11:43.557793 164184 consensus_manager_pbft.cpp:208] recv impl type:7 sender id:2 seq:21 primary:1 is recovery:0
E20260308 00:11:43.561272 164183 consensus_manager_pbft.cpp:208] recv impl type:7 sender id:1 seq:21 primary:1 is recovery:0
E20260308 00:11:43.561846 164257 message_manager.cpp:204]  add request fail
E20260308 00:11:43.565898 164156 commitment.cpp:363] send back to proxy:1
E20260308 00:11:43.569008 164182 consensus_manager_pbft.cpp:208] recv impl type:7 sender id:3 seq:21 primary:1 is recovery:0
E20260308 00:11:43.569483 164184 response_manager.cpp:187]  receive request seq:21 type:7 local id:21
E20260308 00:11:43.570360 164183 response_manager.cpp:187]  receive request seq:21 type:7 local id:21
E20260308 00:11:43.572183 164156 rdma_replica_communicator.cpp:75] [RDMA] send target id=1 ip=128.110.216.196 base_port=26001 rdma_port=26001 payload_bytes=53
E20260308 00:11:43.572926 164182 response_manager.cpp:187]  receive request seq:21 type:7 local id:21
E20260308 00:11:43.573711 164184 response_manager.cpp:214]  get receive count:0 seq:21
E20260308 00:11:43.574517 164183 response_manager.cpp:214]  get receive count:1 seq:21
E20260308 00:11:43.578240 164181 consensus_manager_pbft.cpp:208] recv impl type:7 sender id:4 seq:21 primary:1 is recovery:0
E20260308 00:11:43.580300 164183 lock_free_collector_pool.cpp:71]  update:277 seq:277 cap:256 update seq:21
E20260308 00:11:43.581182 164181 response_manager.cpp:187]  receive request seq:21 type:7 local id:21
E20260308 00:11:43.581995 164183 response_manager.cpp:227] SendResponseToClient local_id:21 seq:21 proxy_id:1
E20260308 00:11:43.583534 164183 lock_free_collector_pool.cpp:71]  update:277 seq:277 cap:256 update seq:21
E20260308 00:11:43.584637 164076 consensus_server.cpp:223] Selftest completed request i=19 ret=0 value=light_value
E20260308 00:11:43.584645 164183 response_manager.cpp:259] response sent to client local_id:21 seq:21
E20260308 00:11:44.444655 164077 stats.cpp:474]   req client latency:0.000186033
E20260308 00:11:44.588011 164076 consensus_server.cpp:291] Self-test passed mode=rdma (GET verified, last_value=light_value)
E20260308 00:11:44.588454 164076 consensus_server.cpp:294] RESULT mode=rdma num_requests=20 total_time_s=5.9118 throughput_rps=3.38306 avg_us=295586 p50_us=295482 p95_us=298285 p99_us=298285 min_us=292065 max_us=298980 status=OK
% time     seconds  usecs/call     calls    errors syscall
------ ----------- ----------- --------- --------- ------------------
 89.19  194.478170        3165     61444     19275 futex
  3.37    7.348208        1060      6927           clock_nanosleep
  2.36    5.145276      643159         8           epoll_pwait
  2.23    4.869702       12951       376           ppoll
  2.09    4.555612       85954        53        32 accept
  0.46    1.008614       12007        84           recvfrom
  0.12    0.269350          31      8532         4 write
  0.08    0.165063          46      3581           gettid
  0.06    0.128638          16      7980           getpid
  0.01    0.015289          16       940           mprotect
  0.00    0.010878          24       441         1 ioctl
  0.00    0.009836          13       751           rt_sigprocmask
  0.00    0.008054          43       185           clone
  0.00    0.007674          41       185           madvise
  0.00    0.006953          15       450           mmap
  0.00    0.004147          45        92           sendto
  0.00    0.003643          11       307           munmap
  0.00    0.002100          11       186           rseq
  0.00    0.002055           5       400           brk
  0.00    0.001770           9       186           set_robust_list
  0.00    0.000490           7        68         2 openat
  0.00    0.000455           3       116           close
  0.00    0.000304           3        88         1 newfstatat
  0.00    0.000203           5        40           setsockopt
  0.00    0.000198           7        28           recvmsg
  0.00    0.000169           3        55           read
  0.00    0.000167           4        40           shmat
  0.00    0.000158           4        37           socket
  0.00    0.000109           4        22         1 connect
  0.00    0.000101           6        16           epoll_ctl
  0.00    0.000078           3        20           shmget
  0.00    0.000067           4        14           bind
  0.00    0.000053           2        20           shmctl
  0.00    0.000050           3        15           rt_sigaction
  0.00    0.000025           8         3           sendmsg
  0.00    0.000023           3         6           getsockname
  0.00    0.000021           2         8           listen
  0.00    0.000020           5         4           eventfd2
  0.00    0.000020          10         2           getdents64
  0.00    0.000012           3         4           epoll_create1
  0.00    0.000011           2         4           timerfd_create
  0.00    0.000011          11         1           getrandom
  0.00    0.000009           9         1           sched_getaffinity
  0.00    0.000009           9         1           prlimit64
  0.00    0.000005           1         3           geteuid
  0.00    0.000004           2         2           getuid
  0.00    0.000000           0         6           fcntl
  0.00    0.000000           0         3           unlinkat
  0.00    0.000000           0         3           symlinkat
  0.00    0.000000           0         1         1 faccessat
  0.00    0.000000           0         4           lseek
  0.00    0.000000           0         1           set_tid_address
  0.00    0.000000           0         4           uname
  0.00    0.000000           0         1           execve
------ ----------- ----------- --------- --------- ------------------
100.00  218.043804        2325     93749     19317 total",
2026-03-08T00:13:14,rdma,128.110.216.196,26000,20,2,0,30.084868709000148,6.15676e-06,rdma,rdma,20,2.13842,9.35268,106917.0,106622.0,108961.0,108961.0,105222.0,110997.0,OK,"NO shared receive
>>>>>>>> post recvs
connect request had data with it: 56 bytes
[Server] accepted client 1
NO shared receive
>>>>>>>> post recvs
connect request had data with it: 56 bytes
[Server] accepted client 1
NO shared receive
>>>>>>>> post recvs
connect request had data with it: 56 bytes
[Server] accepted client 2
NO shared receive
>>>>>>>> post recvs
connect request had data with it: 56 bytes
[Server] accepted client 2
NO shared receive
>>>>>>>> post recvs
connect request had data with it: 56 bytes
[Server] accepted client 2
NO shared receive
>>>>>>>> post recvs
connect request had data with it: 56 bytes
[Server] accepted client 2
NO shared receive
>>>>>>>> post recvs
connect request had data with it: 56 bytes
[Server] accepted client 3
NO shared receive
>>>>>>>> post recvs
connect request had data with it: 56 bytes
[Server] accepted client 3
NO shared receive
>>>>>>>> post recvs
connect request had data with it: 56 bytes
[Server] accepted client 3
NO shared receive
>>>>>>>> post recvs
connect request had data with it: 56 bytes
[Server] accepted client 3","E20260308 00:12:14.506279 164452 consensus_manager_pbft.cpp:208] recv impl type:5 sender id:3 seq:21 primary:1 is recovery:0
E20260308 00:12:14.505923 164280 transaction_manager.cpp:91]  execute batch seq:20
E20260308 00:12:14.506779 164336 lock_free_collector_pool.cpp:71]  update:277 seq:277 cap:256 update seq:21
E20260308 00:12:14.505841 164371 checkpoint_manager.cpp:530]  add commited state:21
E20260308 00:12:14.506628 164304 rdma_replica_communicator.cpp:75] [RDMA] send target id=1 ip=128.110.216.196 base_port=26001 rdma_port=26001 payload_bytes=53
E20260308 00:12:14.506718 164386 rdma_replica_communicator.cpp:75] [RDMA] send target id=3 ip=128.110.216.196 base_port=26003 rdma_port=26003 payload_bytes=53
E20260308 00:12:14.506755 164452 checkpoint_manager.cpp:530]  add commited state:21
E20260308 00:12:14.506966 164386 rdma_replica_communicator.cpp:75] [RDMA] send target id=4 ip=128.110.216.196 base_port=26004 rdma_port=26004 payload_bytes=53
E20260308 00:12:14.506831 164282 commitment.cpp:363] send back to proxy:1
E20260308 00:12:14.506862 164337 transaction_manager.cpp:91]  execute batch seq:20
E20260308 00:12:14.506592 164326 rdma_replica_communicator.cpp:75] [RDMA] send target id=1 ip=128.110.216.196 base_port=26001 rdma_port=26001 payload_bytes=53
E20260308 00:12:14.506794 164399 consensus_manager_pbft.cpp:208] recv impl type:5 sender id:2 seq:21 primary:1 is recovery:0
E20260308 00:12:14.507040 164428 consensus_manager_pbft.cpp:208] recv impl type:5 sender id:2 seq:21 primary:1 is recovery:0
E20260308 00:12:14.507073 164282 rdma_replica_communicator.cpp:75] [RDMA] send target id=1 ip=128.110.216.196 base_port=26001 rdma_port=26001 payload_bytes=53
E20260308 00:12:14.507091 164453 consensus_manager_pbft.cpp:208] recv impl type:5 sender id:2 seq:21 primary:1 is recovery:0
E20260308 00:12:14.507149 164348 commitment.cpp:363] send back to proxy:1
E20260308 00:12:14.507236 164399 message_manager.cpp:188]  seq:21 type:5 has been committed
E20260308 00:12:14.507283 164428 message_manager.cpp:188]  seq:21 type:5 has been committed
E20260308 00:12:14.507359 164453 message_manager.cpp:188]  seq:21 type:5 has been committed
E20260308 00:12:14.507404 164348 rdma_replica_communicator.cpp:75] [RDMA] send target id=1 ip=128.110.216.196 base_port=26001 rdma_port=26001 payload_bytes=53
E20260308 00:12:14.510039 164370 consensus_manager_pbft.cpp:208] recv impl type:7 sender id:3 seq:21 primary:1 is recovery:0
E20260308 00:12:14.510048 164366 consensus_manager_pbft.cpp:208] recv impl type:7 sender id:1 seq:21 primary:1 is recovery:0
E20260308 00:12:14.510185 164366 response_manager.cpp:187]  receive request seq:21 type:7 local id:21
E20260308 00:12:14.510217 164366 response_manager.cpp:214]  get receive count:0 seq:21
E20260308 00:12:14.510052 164364 consensus_manager_pbft.cpp:208] recv impl type:7 sender id:2 seq:21 primary:1 is recovery:0
E20260308 00:12:14.510056 164367 consensus_manager_pbft.cpp:208] recv impl type:7 sender id:4 seq:21 primary:1 is recovery:0
E20260308 00:12:14.510075 164371 consensus_manager_pbft.cpp:208] recv impl type:5 sender id:2 seq:21 primary:1 is recovery:0
E20260308 00:12:14.510356 164371 message_manager.cpp:188]  seq:21 type:5 has been committed
E20260308 00:12:14.510285 164364 response_manager.cpp:187]  receive request seq:21 type:7 local id:21
E20260308 00:12:14.510324 164367 response_manager.cpp:187]  receive request seq:21 type:7 local id:21
E20260308 00:12:14.510144 164370 response_manager.cpp:187]  receive request seq:21 type:7 local id:21
E20260308 00:12:14.510430 164364 response_manager.cpp:214]  get receive count:1 seq:21
E20260308 00:12:14.510532 164364 lock_free_collector_pool.cpp:71]  update:277 seq:277 cap:256 update seq:21
E20260308 00:12:14.510576 164364 response_manager.cpp:227] SendResponseToClient local_id:21 seq:21 proxy_id:1
E20260308 00:12:14.510609 164364 lock_free_collector_pool.cpp:71]  update:277 seq:277 cap:256 update seq:21
E20260308 00:12:14.510728 164364 response_manager.cpp:259] response sent to client local_id:21 seq:21
E20260308 00:12:14.510737 164268 consensus_server.cpp:223] Selftest completed request i=19 ret=0 value=light_value
E20260308 00:12:14.534569 164269 stats.cpp:474]   req client latency:6.15676e-06
E20260308 00:12:15.511255 164268 consensus_server.cpp:291] Self-test passed mode=rdma (GET verified, last_value=light_value)
E20260308 00:12:15.511348 164268 consensus_server.cpp:294] RESULT mode=rdma num_requests=20 total_time_s=2.13842 throughput_rps=9.35268 avg_us=106917 p50_us=106622 p95_us=108961 p99_us=108961 min_us=105222 max_us=110997 status=OK","E20260308 00:12:48.471360 164592 consensus_manager_pbft.cpp:208] recv impl type:7 sender id:3 seq:20 primary:1 is recovery:0
E20260308 00:12:48.474665 164591 consensus_manager_pbft.cpp:208] recv impl type:7 sender id:1 seq:20 primary:1 is recovery:0
E20260308 00:12:48.475049 164663 message_manager.cpp:188]  seq:20 type:5 has been committed
E20260308 00:12:48.475893 164593 response_manager.cpp:187]  receive request seq:20 type:7 local id:20
E20260308 00:12:48.479014 164590 consensus_manager_pbft.cpp:208] recv impl type:7 sender id:4 seq:20 primary:1 is recovery:0
E20260308 00:12:48.479393 164592 response_manager.cpp:187]  receive request seq:20 type:7 local id:20
E20260308 00:12:48.480186 164591 response_manager.cpp:187]  receive request seq:20 type:7 local id:20
E20260308 00:12:48.481703 164593 response_manager.cpp:214]  get receive count:0 seq:20
E20260308 00:12:48.482656 164590 response_manager.cpp:187]  receive request seq:20 type:7 local id:20
E20260308 00:12:48.483486 164592 response_manager.cpp:214]  get receive count:1 seq:20
E20260308 00:12:48.486678 164592 lock_free_collector_pool.cpp:71]  update:276 seq:276 cap:256 update seq:20
E20260308 00:12:48.487453 164592 response_manager.cpp:227] SendResponseToClient local_id:20 seq:20 proxy_id:1
E20260308 00:12:48.488215 164592 lock_free_collector_pool.cpp:71]  update:276 seq:276 cap:256 update seq:20
E20260308 00:12:48.489308 164485 consensus_server.cpp:223] Selftest completed request i=18 ret=0 value=light_value
E20260308 00:12:48.489310 164592 response_manager.cpp:259] response sent to client local_id:20 seq:20
E20260308 00:12:48.490309 164485 consensus_server.cpp:221] Selftest sending request i=19
E20260308 00:12:48.495728 164593 consensus_manager_pbft.cpp:208] recv impl type:2 sender id:0 seq:0 primary:1 is recovery:0
E20260308 00:12:48.596947 164501 response_manager.cpp:327] add context list:0 list size:1 local_id:21
E20260308 00:12:48.597735 164501 rdma_replica_communicator.cpp:75] [RDMA] send target id=1 ip=128.110.216.196 base_port=26001 rdma_port=26001 payload_bytes=82
E20260308 00:12:48.601271 164593 consensus_manager_pbft.cpp:208] recv impl type:14 sender id:1 seq:0 primary:1 is recovery:0
E20260308 00:12:48.602130 164593 rdma_replica_communicator.cpp:75] [RDMA] send target id=1 ip=128.110.216.196 base_port=26001 rdma_port=26001 payload_bytes=89
E20260308 00:12:48.602914 164593 rdma_replica_communicator.cpp:75] [RDMA] send target id=2 ip=128.110.216.196 base_port=26002 rdma_port=26002 payload_bytes=89
E20260308 00:12:48.605450 164592 consensus_manager_pbft.cpp:208] recv impl type:3 sender id:1 seq:21 primary:1 is recovery:0
E20260308 00:12:48.606140 164593 rdma_replica_communicator.cpp:75] [RDMA] send target id=3 ip=128.110.216.196 base_port=26003 rdma_port=26003 payload_bytes=89
E20260308 00:12:48.608778 164617 consensus_manager_pbft.cpp:208] recv impl type:3 sender id:1 seq:21 primary:1 is recovery:0
E20260308 00:12:48.609270 164592 rdma_replica_communicator.cpp:75] [RDMA] send target id=1 ip=128.110.216.196 base_port=26001 rdma_port=26001 payload_bytes=51
E20260308 00:12:48.610093 164593 rdma_replica_communicator.cpp:75] [RDMA] send target id=4 ip=128.110.216.196 base_port=26004 rdma_port=26004 payload_bytes=89
E20260308 00:12:48.612471 164641 consensus_manager_pbft.cpp:208] recv impl type:3 sender id:1 seq:21 primary:1 is recovery:0
E20260308 00:12:48.612917 164617 rdma_replica_communicator.cpp:75] [RDMA] send target id=1 ip=128.110.216.196 base_port=26001 rdma_port=26001 payload_bytes=51
E20260308 00:12:48.613785 164592 rdma_replica_communicator.cpp:75] [RDMA] send target id=2 ip=128.110.216.196 base_port=26002 rdma_port=26002 payload_bytes=51
E20260308 00:12:48.616268 164591 consensus_manager_pbft.cpp:208] recv impl type:4 sender id:1 seq:21 primary:1 is recovery:0
E20260308 00:12:48.619235 164665 consensus_manager_pbft.cpp:208] recv impl type:3 sender id:1 seq:21 primary:1 is recovery:0
E20260308 00:12:48.619589 164641 rdma_replica_communicator.cpp:75] [RDMA] send target id=1 ip=128.110.216.196 base_port=26001 rdma_port=26001 payload_bytes=51
E20260308 00:12:48.620481 164617 rdma_replica_communicator.cpp:75] [RDMA] send target id=2 ip=128.110.216.196 base_port=26002 rdma_port=26002 payload_bytes=51
E20260308 00:12:48.622980 164593 consensus_manager_pbft.cpp:208] recv impl type:4 sender id:2 seq:21 primary:1 is recovery:0
E20260308 00:12:48.623416 164592 rdma_replica_communicator.cpp:75] [RDMA] send target id=3 ip=128.110.216.196 base_port=26003 rdma_port=26003 payload_bytes=51
E20260308 00:12:48.625896 164616 consensus_manager_pbft.cpp:208] recv impl type:4 sender id:1 seq:21 primary:1 is recovery:0
E20260308 00:12:48.627183 164665 rdma_replica_communicator.cpp:75] [RDMA] send target id=1 ip=128.110.216.196 base_port=26001 rdma_port=26001 payload_bytes=51
E20260308 00:12:48.627966 164641 rdma_replica_communicator.cpp:75] [RDMA] send target id=2 ip=128.110.216.196 base_port=26002 rdma_port=26002 payload_bytes=51
E20260308 00:12:48.630501 164591 consensus_manager_pbft.cpp:208] recv impl type:4 sender id:3 seq:21 primary:1 is recovery:0
E20260308 00:12:48.630988 164617 rdma_replica_communicator.cpp:75] [RDMA] send target id=3 ip=128.110.216.196 base_port=26003 rdma_port=26003 payload_bytes=51
E20260308 00:12:48.633625 164615 consensus_manager_pbft.cpp:208] recv impl type:4 sender id:2 seq:21 primary:1 is recovery:0
E20260308 00:12:48.634967 164592 rdma_replica_communicator.cpp:75] [RDMA] send target id=4 ip=128.110.216.196 base_port=26004 rdma_port=26004 payload_bytes=51
E20260308 00:12:48.637290 164640 consensus_manager_pbft.cpp:208] recv impl type:4 sender id:1 seq:21 primary:1 is recovery:0
E20260308 00:12:48.638828 164665 rdma_replica_communicator.cpp:75] [RDMA] send target id=2 ip=128.110.216.196 base_port=26002 rdma_port=26002 payload_bytes=51
E20260308 00:12:48.641296 164593 consensus_manager_pbft.cpp:208] recv impl type:4 sender id:4 seq:21 primary:1 is recovery:0
E20260308 00:12:48.641677 164641 rdma_replica_communicator.cpp:75] [RDMA] send target id=3 ip=128.110.216.196 base_port=26003 rdma_port=26003 payload_bytes=51
E20260308 00:12:48.644088 164616 consensus_manager_pbft.cpp:208] recv impl type:4 sender id:3 seq:21 primary:1 is recovery:0
E20260308 00:12:48.644629 164591 checkpoint_manager.cpp:495] get high prepared seq:20
E20260308 00:12:48.645428 164617 rdma_replica_communicator.cpp:75] [RDMA] send target id=4 ip=128.110.216.196 base_port=26004 rdma_port=26004 payload_bytes=51
E20260308 00:12:48.647620 164639 consensus_manager_pbft.cpp:208] recv impl type:4 sender id:2 seq:21 primary:1 is recovery:0
E20260308 00:12:48.651142 164664 consensus_manager_pbft.cpp:208] recv impl type:4 sender id:1 seq:21 primary:1 is recovery:0
E20260308 00:12:48.652588 164665 rdma_replica_communicator.cpp:75] [RDMA] send target id=3 ip=128.110.216.196 base_port=26003 rdma_port=26003 payload_bytes=51
E20260308 00:12:48.655197 164615 consensus_manager_pbft.cpp:208] recv impl type:4 sender id:4 seq:21 primary:1 is recovery:0
E20260308 00:12:48.656821 164641 rdma_replica_communicator.cpp:75] [RDMA] send target id=4 ip=128.110.216.196 base_port=26004 rdma_port=26004 payload_bytes=51
E20260308 00:12:48.659032 164640 consensus_manager_pbft.cpp:208] recv impl type:4 sender id:3 seq:21 primary:1 is recovery:0
E20260308 00:12:48.659484 164616 checkpoint_manager.cpp:495] get high prepared seq:20
E20260308 00:12:48.660557 164591 checkpoint_manager.cpp:500] set high prepared seq:21
E20260308 00:12:48.663450 164663 consensus_manager_pbft.cpp:208] recv impl type:4 sender id:2 seq:21 primary:1 is recovery:0
E20260308 00:12:48.663944 164639 checkpoint_manager.cpp:495] get high prepared seq:20
E20260308 00:12:48.665916 164665 rdma_replica_communicator.cpp:75] [RDMA] send target id=4 ip=128.110.216.196 base_port=26004 rdma_port=26004 payload_bytes=51
E20260308 00:12:48.668659 164638 consensus_manager_pbft.cpp:208] recv impl type:4 sender id:4 seq:21 primary:1 is recovery:0
E20260308 00:12:48.671993 164664 consensus_manager_pbft.cpp:208] recv impl type:4 sender id:3 seq:21 primary:1 is recovery:0
E20260308 00:12:48.673365 164616 checkpoint_manager.cpp:500] set high prepared seq:21
E20260308 00:12:48.674250 164591 rdma_replica_communicator.cpp:75] [RDMA] send target id=1 ip=128.110.216.196 base_port=26001 rdma_port=26001 payload_bytes=53
E20260308 00:12:48.675078 164663 checkpoint_manager.cpp:495] get high prepared seq:20
E20260308 00:12:48.676074 164639 checkpoint_manager.cpp:500] set high prepared seq:21
E20260308 00:12:48.678923 164665 consensus_manager_pbft.cpp:208] recv impl type:4 sender id:4 seq:21 primary:1 is recovery:0
E20260308 00:12:48.680977 164616 rdma_replica_communicator.cpp:75] [RDMA] send target id=1 ip=128.110.216.196 base_port=26001 rdma_port=26001 payload_bytes=53
E20260308 00:12:48.681903 164591 rdma_replica_communicator.cpp:75] [RDMA] send target id=2 ip=128.110.216.196 base_port=26002 rdma_port=26002 payload_bytes=53
E20260308 00:12:48.684616 164593 consensus_manager_pbft.cpp:208] recv impl type:5 sender id:1 seq:21 primary:1 is recovery:0
E20260308 00:12:48.685159 164663 checkpoint_manager.cpp:500] set high prepared seq:21
E20260308 00:12:48.685902 164639 rdma_replica_communicator.cpp:75] [RDMA] send target id=1 ip=128.110.216.196 base_port=26001 rdma_port=26001 payload_bytes=53
E20260308 00:12:48.687479 164616 rdma_replica_communicator.cpp:75] [RDMA] send target id=2 ip=128.110.216.196 base_port=26002 rdma_port=26002 payload_bytes=53
E20260308 00:12:48.689968 164592 consensus_manager_pbft.cpp:208] recv impl type:5 sender id:2 seq:21 primary:1 is recovery:0
E20260308 00:12:48.690398 164591 rdma_replica_communicator.cpp:75] [RDMA] send target id=3 ip=128.110.216.196 base_port=26003 rdma_port=26003 payload_bytes=53
E20260308 00:12:48.692852 164617 consensus_manager_pbft.cpp:208] recv impl type:5 sender id:1 seq:21 primary:1 is recovery:0
E20260308 00:12:48.694522 164663 rdma_replica_communicator.cpp:75] [RDMA] send target id=1 ip=128.110.216.196 base_port=26001 rdma_port=26001 payload_bytes=53
E20260308 00:12:48.695401 164639 rdma_replica_communicator.cpp:75] [RDMA] send target id=2 ip=128.110.216.196 base_port=26002 rdma_port=26002 payload_bytes=53
E20260308 00:12:48.698096 164593 consensus_manager_pbft.cpp:208] recv impl type:5 sender id:3 seq:21 primary:1 is recovery:0
E20260308 00:12:48.698495 164616 rdma_replica_communicator.cpp:75] [RDMA] send target id=3 ip=128.110.216.196 base_port=26003 rdma_port=26003 payload_bytes=53
E20260308 00:12:48.700995 164615 consensus_manager_pbft.cpp:208] recv impl type:5 sender id:2 seq:21 primary:1 is recovery:0
E20260308 00:12:48.702225 164591 rdma_replica_communicator.cpp:75] [RDMA] send target id=4 ip=128.110.216.196 base_port=26004 rdma_port=26004 payload_bytes=53
E20260308 00:12:48.704558 164641 consensus_manager_pbft.cpp:208] recv impl type:5 sender id:1 seq:21 primary:1 is recovery:0
E20260308 00:12:48.705741 164663 rdma_replica_communicator.cpp:75] [RDMA] send target id=2 ip=128.110.216.196 base_port=26002 rdma_port=26002 payload_bytes=53
E20260308 00:12:48.708227 164592 consensus_manager_pbft.cpp:208] recv impl type:5 sender id:4 seq:21 primary:1 is recovery:0
E20260308 00:12:48.708621 164639 rdma_replica_communicator.cpp:75] [RDMA] send target id=3 ip=128.110.216.196 base_port=26003 rdma_port=26003 payload_bytes=53
E20260308 00:12:48.711097 164617 consensus_manager_pbft.cpp:208] recv impl type:5 sender id:3 seq:21 primary:1 is recovery:0
E20260308 00:12:48.711747 164593 checkpoint_manager.cpp:530]  add commited state:21
E20260308 00:12:48.727227 164519 transaction_manager.cpp:91]  execute batch seq:20
E20260308 00:12:48.712754 164497 transaction_manager.cpp:91]  execute batch seq:20
E20260308 00:12:48.712946 164616 rdma_replica_communicator.cpp:75] [RDMA] send target id=4 ip=128.110.216.196 base_port=26004 rdma_port=26004 payload_bytes=53
E20260308 00:12:48.715190 164640 consensus_manager_pbft.cpp:208] recv impl type:5 sender id:2 seq:21 primary:1 is recovery:0
E20260308 00:12:48.718827 164665 consensus_manager_pbft.cpp:208] recv impl type:5 sender id:1 seq:21 primary:1 is recovery:0
E20260308 00:12:48.719920 164663 rdma_replica_communicator.cpp:75] [RDMA] send target id=3 ip=128.110.216.196 base_port=26003 rdma_port=26003 payload_bytes=53
E20260308 00:12:48.722226 164615 consensus_manager_pbft.cpp:208] recv impl type:5 sender id:4 seq:21 primary:1 is recovery:0
E20260308 00:12:48.722642 164592 message_manager.cpp:204]  add request fail
E20260308 00:12:48.723459 164639 rdma_replica_communicator.cpp:75] [RDMA] send target id=4 ip=128.110.216.196 base_port=26004 rdma_port=26004 payload_bytes=53
E20260308 00:12:48.725641 164641 consensus_manager_pbft.cpp:208] recv impl type:5 sender id:3 seq:21 primary:1 is recovery:0
E20260308 00:12:48.726280 164617 checkpoint_manager.cpp:530]  add commited state:21
E20260308 00:12:48.742440 164541 transaction_manager.cpp:91]  execute batch seq:20
E20260308 00:12:48.712375 164487 lock_free_collector_pool.cpp:71]  update:277 seq:277 cap:256 update seq:21
E20260308 00:12:48.728590 164521 commitment.cpp:363] send back to proxy:1
E20260308 00:12:48.729600 164499 commitment.cpp:363] send back to proxy:1
E20260308 00:12:48.732304 164664 consensus_manager_pbft.cpp:208] recv impl type:5 sender id:2 seq:21 primary:1 is recovery:0
E20260308 00:12:48.734200 164663 rdma_replica_communicator.cpp:75] [RDMA] send target id=4 ip=128.110.216.196 base_port=26004 rdma_port=26004 payload_bytes=53
E20260308 00:12:48.736411 164640 consensus_manager_pbft.cpp:208] recv impl type:5 sender id:4 seq:21 primary:1 is recovery:0
E20260308 00:12:48.736977 164615 message_manager.cpp:204]  add request fail
E20260308 00:12:48.740993 164665 consensus_manager_pbft.cpp:208] recv impl type:5 sender id:3 seq:21 primary:1 is recovery:0
E20260308 00:12:48.741503 164641 checkpoint_manager.cpp:530]  add commited state:21
E20260308 00:12:48.753196 164562 transaction_manager.cpp:91]  execute batch seq:20
E20260308 00:12:48.726866 164509 lock_free_collector_pool.cpp:71]  update:277 seq:277 cap:256 update seq:21
E20260308 00:12:48.744053 164543 commitment.cpp:363] send back to proxy:1
E20260308 00:12:48.745514 164521 rdma_replica_communicator.cpp:75] [RDMA] send target id=1 ip=128.110.216.196 base_port=26001 rdma_port=26001 payload_bytes=53
E20260308 00:12:48.746460 164499 rdma_replica_communicator.cpp:75] [RDMA] send target id=1 ip=128.110.216.196 base_port=26001 rdma_port=26001 payload_bytes=53
E20260308 00:12:48.750284 164664 consensus_manager_pbft.cpp:208] recv impl type:5 sender id:4 seq:21 primary:1 is recovery:0
E20260308 00:12:48.750674 164640 message_manager.cpp:204]  add request fail
E20260308 00:12:48.752509 164665 checkpoint_manager.cpp:530]  add commited state:21
E20260308 00:12:48.752820 164553 lock_free_collector_pool.cpp:71]  update:277 seq:277 cap:256 update seq:21
E20260308 00:12:48.742064 164531 lock_free_collector_pool.cpp:71]  update:277 seq:277 cap:256 update seq:21
E20260308 00:12:48.754544 164565 commitment.cpp:363] send back to proxy:1
E20260308 00:12:48.756210 164543 rdma_replica_communicator.cpp:75] [RDMA] send target id=1 ip=128.110.216.196 base_port=26001 rdma_port=26001 payload_bytes=53
E20260308 00:12:48.760008 164593 consensus_manager_pbft.cpp:208] recv impl type:7 sender id:2 seq:21 primary:1 is recovery:0
E20260308 00:12:48.763134 164591 consensus_manager_pbft.cpp:208] recv impl type:7 sender id:1 seq:21 primary:1 is recovery:0
E20260308 00:12:48.763517 164664 message_manager.cpp:204]  add request fail
E20260308 00:12:48.768172 164565 rdma_replica_communicator.cpp:75] [RDMA] send target id=1 ip=128.110.216.196 base_port=26001 rdma_port=26001 payload_bytes=53
E20260308 00:12:48.771953 164590 consensus_manager_pbft.cpp:208] recv impl type:7 sender id:3 seq:21 primary:1 is recovery:0
E20260308 00:12:48.772356 164593 response_manager.cpp:187]  receive request seq:21 type:7 local id:21
E20260308 00:12:48.773164 164591 response_manager.cpp:187]  receive request seq:21 type:7 local id:21
E20260308 00:12:48.777325 164592 consensus_manager_pbft.cpp:208] recv impl type:7 sender id:4 seq:21 primary:1 is recovery:0
E20260308 00:12:48.777808 164590 response_manager.cpp:187]  receive request seq:21 type:7 local id:21
E20260308 00:12:48.778627 164593 response_manager.cpp:214]  get receive count:0 seq:21
E20260308 00:12:48.779438 164591 response_manager.cpp:214]  get receive count:1 seq:21
E20260308 00:12:48.780329 164592 response_manager.cpp:187]  receive request seq:21 type:7 local id:21
E20260308 00:12:48.782718 164591 lock_free_collector_pool.cpp:71]  update:277 seq:277 cap:256 update seq:21
E20260308 00:12:48.784339 164591 response_manager.cpp:227] SendResponseToClient local_id:21 seq:21 proxy_id:1
E20260308 00:12:48.785220 164591 lock_free_collector_pool.cpp:71]  update:277 seq:277 cap:256 update seq:21
E20260308 00:12:48.786402 164591 response_manager.cpp:259] response sent to client local_id:21 seq:21
E20260308 00:12:48.786399 164485 consensus_server.cpp:223] Selftest completed request i=19 ret=0 value=light_value
E20260308 00:12:49.635473 164486 stats.cpp:474]   req client latency:0.000185971
E20260308 00:12:49.788918 164485 consensus_server.cpp:291] Self-test passed mode=rdma (GET verified, last_value=light_value)
E20260308 00:12:49.789484 164485 consensus_server.cpp:294] RESULT mode=rdma num_requests=20 total_time_s=5.91909 throughput_rps=3.3789 avg_us=295951 p50_us=295796 p95_us=298713 p99_us=298713 min_us=291327 max_us=299036 status=OK
% time     seconds  usecs/call     calls    errors syscall
------ ----------- ----------- --------- --------- ------------------
 89.02  194.698234        3174     61332     19268 futex
  3.47    7.580469        1086      6977           clock_nanosleep
  2.38    5.196565      649570         8           epoll_pwait
  2.29    4.997773       13291       376           ppoll
  2.08    4.556941       85980        53        32 accept
  0.46    1.000450       11910        84           recvfrom
  0.12    0.269363          31      8532         4 write
  0.08    0.182747          51      3581           gettid
  0.06    0.133925          16      7980           getpid
  0.01    0.018690          19       940           mprotect
  0.01    0.014659          79       185           clone
  0.01    0.012795          17       751           rt_sigprocmask
  0.01    0.011804         128        92           sendto
  0.00    0.006375          14       441         1 ioctl
  0.00    0.005729          12       452           mmap
  0.00    0.005531          29       185           madvise
  0.00    0.005032          12       400           brk
  0.00    0.003734          12       307           munmap
  0.00    0.003674          19       186           rseq
  0.00    0.003563          19       186           set_robust_list
  0.00    0.000985          14        68         2 openat
  0.00    0.000682           7        88         1 newfstatat
  0.00    0.000652           5       116           close
  0.00    0.000409           7        55           read
  0.00    0.000260           9        28           recvmsg
  0.00    0.000213          71         3           symlinkat
  0.00    0.000208           5        37           socket
  0.00    0.000183          61         3           unlinkat
  0.00    0.000165           4        40           shmat
  0.00    0.000132           3        40           setsockopt
  0.00    0.000114           7        16           epoll_ctl
  0.00    0.000104           4        22         1 connect
  0.00    0.000093           4        20           shmget
  0.00    0.000088           5        15           rt_sigaction
  0.00    0.000088          29         3           sendmsg
  0.00    0.000087           6        14           bind
  0.00    0.000070          35         2           getdents64
  0.00    0.000063           3        20           shmctl
  0.00    0.000041          41         1           sched_getaffinity
  0.00    0.000036           6         6           getsockname
  0.00    0.000027           6         4           eventfd2
  0.00    0.000027           4         6           fcntl
  0.00    0.000026           3         8           listen
  0.00    0.000022           5         4           uname
  0.00    0.000020           5         4           lseek
  0.00    0.000020           5         4           timerfd_create
  0.00    0.000018           6         3           geteuid
  0.00    0.000014           3         4           epoll_create1
  0.00    0.000013           6         2           getuid
  0.00    0.000006           6         1           set_tid_address
  0.00    0.000005           5         1           prlimit64
  0.00    0.000005           5         1           getrandom
  0.00    0.000000           0         1         1 faccessat
  0.00    0.000000           0         1           execve
------ ----------- ----------- --------- --------- ------------------
100.00  218.712929        2334     93689     19310 total",
2026-03-08T00:14:19,rdma,128.110.216.196,26000,20,3,0,30.083825978999812,5.72262e-06,rdma,rdma,20,2.13171,9.38212,106582.0,106583.0,107214.0,107214.0,105410.0,107218.0,OK,"NO shared receive
>>>>>>>> post recvs
connect request had data with it: 56 bytes
[Server] accepted client 1
NO shared receive
>>>>>>>> post recvs
connect request had data with it: 56 bytes
[Server] accepted client 1
NO shared receive
>>>>>>>> post recvs
connect request had data with it: 56 bytes
[Server] accepted client 2
NO shared receive
>>>>>>>> post recvs
connect request had data with it: 56 bytes
[Server] accepted client 2
NO shared receive
>>>>>>>> post recvs
connect request had data with it: 56 bytes
[Server] accepted client 2
NO shared receive
>>>>>>>> post recvs
connect request had data with it: 56 bytes
[Server] accepted client 2
NO shared receive
>>>>>>>> post recvs
connect request had data with it: 56 bytes
[Server] accepted client 3
NO shared receive
>>>>>>>> post recvs
connect request had data with it: 56 bytes
[Server] accepted client 3
NO shared receive
>>>>>>>> post recvs
connect request had data with it: 56 bytes
[Server] accepted client 3
NO shared receive
>>>>>>>> post recvs
connect request had data with it: 56 bytes
[Server] accepted client 3","E20260308 00:13:19.691076 164863 checkpoint_manager.cpp:530]  add commited state:21
E20260308 00:13:19.690479 164797 checkpoint_manager.cpp:530]  add commited state:21
E20260308 00:13:19.690712 164803 rdma_replica_communicator.cpp:75] [RDMA] send target id=4 ip=128.110.216.196 base_port=26004 rdma_port=26004 payload_bytes=53
E20260308 00:13:19.690752 164722 transaction_manager.cpp:91]  execute batch seq:20
E20260308 00:13:19.690527 164700 transaction_manager.cpp:91]  execute batch seq:20
E20260308 00:13:19.691293 164733 commitment.cpp:363] send back to proxy:1
E20260308 00:13:19.690802 164689 rdma_replica_communicator.cpp:75] [RDMA] send target id=1 ip=128.110.216.196 base_port=26001 rdma_port=26001 payload_bytes=53
E20260308 00:13:19.690827 164777 message_manager.cpp:204]  add request fail
E20260308 00:13:19.690263 164776 checkpoint_manager.cpp:530]  add commited state:21
E20260308 00:13:19.690990 164806 message_manager.cpp:204]  add request fail
E20260308 00:13:19.691095 164743 lock_free_collector_pool.cpp:71]  update:277 seq:277 cap:256 update seq:21
E20260308 00:13:19.691126 164751 transaction_manager.cpp:91]  execute batch seq:20
E20260308 00:13:19.690665 164837 checkpoint_manager.cpp:530]  add commited state:21
E20260308 00:13:19.691650 164755 commitment.cpp:363] send back to proxy:1
E20260308 00:13:19.691329 164711 commitment.cpp:363] send back to proxy:1
E20260308 00:13:19.691365 164733 rdma_replica_communicator.cpp:75] [RDMA] send target id=1 ip=128.110.216.196 base_port=26001 rdma_port=26001 payload_bytes=53
E20260308 00:13:19.691457 164772 consensus_manager_pbft.cpp:208] recv impl type:7 sender id:1 seq:21 primary:1 is recovery:0
E20260308 00:13:19.691828 164772 response_manager.cpp:187]  receive request seq:21 type:7 local id:21
E20260308 00:13:19.691854 164778 consensus_manager_pbft.cpp:208] recv impl type:7 sender id:3 seq:21 primary:1 is recovery:0
E20260308 00:13:19.691713 164755 rdma_replica_communicator.cpp:75] [RDMA] send target id=1 ip=128.110.216.196 base_port=26001 rdma_port=26001 payload_bytes=53
E20260308 00:13:19.691751 164711 rdma_replica_communicator.cpp:75] [RDMA] send target id=1 ip=128.110.216.196 base_port=26001 rdma_port=26001 payload_bytes=53
E20260308 00:13:19.690891 164844 consensus_manager_pbft.cpp:208] recv impl type:5 sender id:2 seq:21 primary:1 is recovery:0
E20260308 00:13:19.692029 164771 consensus_manager_pbft.cpp:208] recv impl type:7 sender id:4 seq:21 primary:1 is recovery:0
E20260308 00:13:19.691901 164778 response_manager.cpp:187]  receive request seq:21 type:7 local id:21
E20260308 00:13:19.691324 164855 consensus_manager_pbft.cpp:208] recv impl type:5 sender id:2 seq:21 primary:1 is recovery:0
E20260308 00:13:19.692034 164776 consensus_manager_pbft.cpp:208] recv impl type:7 sender id:2 seq:21 primary:1 is recovery:0
E20260308 00:13:19.692039 164844 message_manager.cpp:188]  seq:21 type:5 has been committed
E20260308 00:13:19.691869 164772 response_manager.cpp:214]  get receive count:0 seq:21
E20260308 00:13:19.692077 164771 response_manager.cpp:187]  receive request seq:21 type:7 local id:21
E20260308 00:13:19.692118 164778 response_manager.cpp:214]  get receive count:1 seq:21
E20260308 00:13:19.692345 164778 lock_free_collector_pool.cpp:71]  update:277 seq:277 cap:256 update seq:21
E20260308 00:13:19.692191 164776 response_manager.cpp:187]  receive request seq:21 type:7 local id:21
E20260308 00:13:19.692157 164855 message_manager.cpp:188]  seq:21 type:5 has been committed
E20260308 00:13:19.692391 164778 response_manager.cpp:227] SendResponseToClient local_id:21 seq:21 proxy_id:1
E20260308 00:13:19.692513 164778 lock_free_collector_pool.cpp:71]  update:277 seq:277 cap:256 update seq:21
E20260308 00:13:19.692689 164675 consensus_server.cpp:223] Selftest completed request i=19 ret=0 value=light_value
E20260308 00:13:19.692688 164778 response_manager.cpp:259] response sent to client local_id:21 seq:21
E20260308 00:13:19.725179 164676 stats.cpp:474]   req client latency:5.72262e-06
E20260308 00:13:20.693187 164675 consensus_server.cpp:291] Self-test passed mode=rdma (GET verified, last_value=light_value)
E20260308 00:13:20.693277 164675 consensus_server.cpp:294] RESULT mode=rdma num_requests=20 total_time_s=2.13171 throughput_rps=9.38212 avg_us=106582 p50_us=106583 p95_us=107214 p99_us=107214 min_us=105410 max_us=107218 status=OK","E20260308 00:13:53.631026 164970 rdma_replica_communicator.cpp:75] [RDMA] send target id=1 ip=128.110.216.196 base_port=26001 rdma_port=26001 payload_bytes=53
E20260308 00:13:53.634305 164996 consensus_manager_pbft.cpp:208] recv impl type:7 sender id:3 seq:20 primary:1 is recovery:0
E20260308 00:13:53.634840 164998 response_manager.cpp:187]  receive request seq:20 type:7 local id:20
E20260308 00:13:53.635739 164997 response_manager.cpp:187]  receive request seq:20 type:7 local id:20
E20260308 00:13:53.636509 165069 message_manager.cpp:188]  seq:20 type:5 has been committed
E20260308 00:13:53.640544 164995 consensus_manager_pbft.cpp:208] recv impl type:7 sender id:4 seq:20 primary:1 is recovery:0
E20260308 00:13:53.640908 164996 response_manager.cpp:187]  receive request seq:20 type:7 local id:20
E20260308 00:13:53.641702 164998 response_manager.cpp:214]  get receive count:0 seq:20
E20260308 00:13:53.642640 164997 response_manager.cpp:214]  get receive count:1 seq:20
E20260308 00:13:53.644840 164995 response_manager.cpp:187]  receive request seq:20 type:7 local id:20
E20260308 00:13:53.647240 164997 lock_free_collector_pool.cpp:71]  update:276 seq:276 cap:256 update seq:20
E20260308 00:13:53.648824 164997 response_manager.cpp:227] SendResponseToClient local_id:20 seq:20 proxy_id:1
E20260308 00:13:53.649583 164997 lock_free_collector_pool.cpp:71]  update:276 seq:276 cap:256 update seq:20
E20260308 00:13:53.650688 164890 consensus_server.cpp:223] Selftest completed request i=18 ret=0 value=light_value
E20260308 00:13:53.650695 164997 response_manager.cpp:259] response sent to client local_id:20 seq:20
E20260308 00:13:53.651587 164890 consensus_server.cpp:221] Selftest sending request i=19
E20260308 00:13:53.656980 164998 consensus_manager_pbft.cpp:208] recv impl type:2 sender id:0 seq:0 primary:1 is recovery:0
E20260308 00:13:53.758240 164906 response_manager.cpp:327] add context list:0 list size:1 local_id:21
E20260308 00:13:53.759056 164906 rdma_replica_communicator.cpp:75] [RDMA] send target id=1 ip=128.110.216.196 base_port=26001 rdma_port=26001 payload_bytes=82
E20260308 00:13:53.762588 164998 consensus_manager_pbft.cpp:208] recv impl type:14 sender id:1 seq:0 primary:1 is recovery:0
E20260308 00:13:53.763571 164998 rdma_replica_communicator.cpp:75] [RDMA] send target id=1 ip=128.110.216.196 base_port=26001 rdma_port=26001 payload_bytes=89
E20260308 00:13:53.764353 164998 rdma_replica_communicator.cpp:75] [RDMA] send target id=2 ip=128.110.216.196 base_port=26002 rdma_port=26002 payload_bytes=89
E20260308 00:13:53.766872 164997 consensus_manager_pbft.cpp:208] recv impl type:3 sender id:1 seq:21 primary:1 is recovery:0
E20260308 00:13:53.767501 164998 rdma_replica_communicator.cpp:75] [RDMA] send target id=3 ip=128.110.216.196 base_port=26003 rdma_port=26003 payload_bytes=89
E20260308 00:13:53.770117 165022 consensus_manager_pbft.cpp:208] recv impl type:3 sender id:1 seq:21 primary:1 is recovery:0
E20260308 00:13:53.770545 164997 rdma_replica_communicator.cpp:75] [RDMA] send target id=1 ip=128.110.216.196 base_port=26001 rdma_port=26001 payload_bytes=51
E20260308 00:13:53.771302 164998 rdma_replica_communicator.cpp:75] [RDMA] send target id=4 ip=128.110.216.196 base_port=26004 rdma_port=26004 payload_bytes=89
E20260308 00:13:53.773685 165046 consensus_manager_pbft.cpp:208] recv impl type:3 sender id:1 seq:21 primary:1 is recovery:0
E20260308 00:13:53.774122 165022 rdma_replica_communicator.cpp:75] [RDMA] send target id=1 ip=128.110.216.196 base_port=26001 rdma_port=26001 payload_bytes=51
E20260308 00:13:53.774900 164997 rdma_replica_communicator.cpp:75] [RDMA] send target id=2 ip=128.110.216.196 base_port=26002 rdma_port=26002 payload_bytes=51
E20260308 00:13:53.777663 164996 consensus_manager_pbft.cpp:208] recv impl type:4 sender id:1 seq:21 primary:1 is recovery:0
E20260308 00:13:53.780550 165070 consensus_manager_pbft.cpp:208] recv impl type:3 sender id:1 seq:21 primary:1 is recovery:0
E20260308 00:13:53.780890 165046 rdma_replica_communicator.cpp:75] [RDMA] send target id=1 ip=128.110.216.196 base_port=26001 rdma_port=26001 payload_bytes=51
E20260308 00:13:53.781642 165022 rdma_replica_communicator.cpp:75] [RDMA] send target id=2 ip=128.110.216.196 base_port=26002 rdma_port=26002 payload_bytes=51
E20260308 00:13:53.784186 164998 consensus_manager_pbft.cpp:208] recv impl type:4 sender id:2 seq:21 primary:1 is recovery:0
E20260308 00:13:53.784704 164997 rdma_replica_communicator.cpp:75] [RDMA] send target id=3 ip=128.110.216.196 base_port=26003 rdma_port=26003 payload_bytes=51
E20260308 00:13:53.787184 165021 consensus_manager_pbft.cpp:208] recv impl type:4 sender id:1 seq:21 primary:1 is recovery:0
E20260308 00:13:53.788439 165070 rdma_replica_communicator.cpp:75] [RDMA] send target id=1 ip=128.110.216.196 base_port=26001 rdma_port=26001 payload_bytes=51
E20260308 00:13:53.789172 165046 rdma_replica_communicator.cpp:75] [RDMA] send target id=2 ip=128.110.216.196 base_port=26002 rdma_port=26002 payload_bytes=51
E20260308 00:13:53.791915 164995 consensus_manager_pbft.cpp:208] recv impl type:4 sender id:3 seq:21 primary:1 is recovery:0
E20260308 00:13:53.792382 165022 rdma_replica_communicator.cpp:75] [RDMA] send target id=3 ip=128.110.216.196 base_port=26003 rdma_port=26003 payload_bytes=51
E20260308 00:13:53.794792 165020 consensus_manager_pbft.cpp:208] recv impl type:4 sender id:2 seq:21 primary:1 is recovery:0
E20260308 00:13:53.796061 164997 rdma_replica_communicator.cpp:75] [RDMA] send target id=4 ip=128.110.216.196 base_port=26004 rdma_port=26004 payload_bytes=51
E20260308 00:13:53.798322 165045 consensus_manager_pbft.cpp:208] recv impl type:4 sender id:1 seq:21 primary:1 is recovery:0
E20260308 00:13:53.799499 165070 rdma_replica_communicator.cpp:75] [RDMA] send target id=2 ip=128.110.216.196 base_port=26002 rdma_port=26002 payload_bytes=51
E20260308 00:13:53.801975 164998 consensus_manager_pbft.cpp:208] recv impl type:4 sender id:4 seq:21 primary:1 is recovery:0
E20260308 00:13:53.802363 165046 rdma_replica_communicator.cpp:75] [RDMA] send target id=3 ip=128.110.216.196 base_port=26003 rdma_port=26003 payload_bytes=51
E20260308 00:13:53.804800 165021 consensus_manager_pbft.cpp:208] recv impl type:4 sender id:3 seq:21 primary:1 is recovery:0
E20260308 00:13:53.805301 164995 checkpoint_manager.cpp:495] get high prepared seq:20
E20260308 00:13:53.806234 165022 rdma_replica_communicator.cpp:75] [RDMA] send target id=4 ip=128.110.216.196 base_port=26004 rdma_port=26004 payload_bytes=51
E20260308 00:13:53.808434 165044 consensus_manager_pbft.cpp:208] recv impl type:4 sender id:2 seq:21 primary:1 is recovery:0
E20260308 00:13:53.811889 165069 consensus_manager_pbft.cpp:208] recv impl type:4 sender id:1 seq:21 primary:1 is recovery:0
E20260308 00:13:53.813035 165070 rdma_replica_communicator.cpp:75] [RDMA] send target id=3 ip=128.110.216.196 base_port=26003 rdma_port=26003 payload_bytes=51
E20260308 00:13:53.815454 165020 consensus_manager_pbft.cpp:208] recv impl type:4 sender id:4 seq:21 primary:1 is recovery:0
E20260308 00:13:53.816869 165046 rdma_replica_communicator.cpp:75] [RDMA] send target id=4 ip=128.110.216.196 base_port=26004 rdma_port=26004 payload_bytes=51
E20260308 00:13:53.819195 165045 consensus_manager_pbft.cpp:208] recv impl type:4 sender id:3 seq:21 primary:1 is recovery:0
E20260308 00:13:53.819620 165021 checkpoint_manager.cpp:495] get high prepared seq:20
E20260308 00:13:53.820638 164995 checkpoint_manager.cpp:500] set high prepared seq:21
E20260308 00:13:53.823695 165068 consensus_manager_pbft.cpp:208] recv impl type:4 sender id:2 seq:21 primary:1 is recovery:0
E20260308 00:13:53.824054 165044 checkpoint_manager.cpp:495] get high prepared seq:20
E20260308 00:13:53.825595 165070 rdma_replica_communicator.cpp:75] [RDMA] send target id=4 ip=128.110.216.196 base_port=26004 rdma_port=26004 payload_bytes=51
E20260308 00:13:53.827718 165043 consensus_manager_pbft.cpp:208] recv impl type:4 sender id:4 seq:21 primary:1 is recovery:0
E20260308 00:13:53.831609 165069 consensus_manager_pbft.cpp:208] recv impl type:4 sender id:3 seq:21 primary:1 is recovery:0
E20260308 00:13:53.832970 165021 checkpoint_manager.cpp:500] set high prepared seq:21
E20260308 00:13:53.833765 164995 rdma_replica_communicator.cpp:75] [RDMA] send target id=1 ip=128.110.216.196 base_port=26001 rdma_port=26001 payload_bytes=53
E20260308 00:13:53.834657 165068 checkpoint_manager.cpp:495] get high prepared seq:20
E20260308 00:13:53.835868 165044 checkpoint_manager.cpp:500] set high prepared seq:21
E20260308 00:13:53.838732 165070 consensus_manager_pbft.cpp:208] recv impl type:4 sender id:4 seq:21 primary:1 is recovery:0
E20260308 00:13:53.840732 165021 rdma_replica_communicator.cpp:75] [RDMA] send target id=1 ip=128.110.216.196 base_port=26001 rdma_port=26001 payload_bytes=53
E20260308 00:13:53.841696 164995 rdma_replica_communicator.cpp:75] [RDMA] send target id=2 ip=128.110.216.196 base_port=26002 rdma_port=26002 payload_bytes=53
E20260308 00:13:53.844839 164998 consensus_manager_pbft.cpp:208] recv impl type:5 sender id:1 seq:21 primary:1 is recovery:0
E20260308 00:13:53.846091 165068 checkpoint_manager.cpp:500] set high prepared seq:21
E20260308 00:13:53.846889 165044 rdma_replica_communicator.cpp:75] [RDMA] send target id=1 ip=128.110.216.196 base_port=26001 rdma_port=26001 payload_bytes=53
E20260308 00:13:53.848507 165021 rdma_replica_communicator.cpp:75] [RDMA] send target id=2 ip=128.110.216.196 base_port=26002 rdma_port=26002 payload_bytes=53
E20260308 00:13:53.851029 164997 consensus_manager_pbft.cpp:208] recv impl type:5 sender id:2 seq:21 primary:1 is recovery:0
E20260308 00:13:53.851601 164995 rdma_replica_communicator.cpp:75] [RDMA] send target id=3 ip=128.110.216.196 base_port=26003 rdma_port=26003 payload_bytes=53
E20260308 00:13:53.854085 165022 consensus_manager_pbft.cpp:208] recv impl type:5 sender id:1 seq:21 primary:1 is recovery:0
E20260308 00:13:53.855419 165068 rdma_replica_communicator.cpp:75] [RDMA] send target id=1 ip=128.110.216.196 base_port=26001 rdma_port=26001 payload_bytes=53
E20260308 00:13:53.856472 165044 rdma_replica_communicator.cpp:75] [RDMA] send target id=2 ip=128.110.216.196 base_port=26002 rdma_port=26002 payload_bytes=53
E20260308 00:13:53.859032 164998 consensus_manager_pbft.cpp:208] recv impl type:5 sender id:3 seq:21 primary:1 is recovery:0
E20260308 00:13:53.859411 165021 rdma_replica_communicator.cpp:75] [RDMA] send target id=3 ip=128.110.216.196 base_port=26003 rdma_port=26003 payload_bytes=53
E20260308 00:13:53.861846 165020 consensus_manager_pbft.cpp:208] recv impl type:5 sender id:2 seq:21 primary:1 is recovery:0
E20260308 00:13:53.863119 164995 rdma_replica_communicator.cpp:75] [RDMA] send target id=4 ip=128.110.216.196 base_port=26004 rdma_port=26004 payload_bytes=53
E20260308 00:13:53.865628 165046 consensus_manager_pbft.cpp:208] recv impl type:5 sender id:1 seq:21 primary:1 is recovery:0
E20260308 00:13:53.867008 165068 rdma_replica_communicator.cpp:75] [RDMA] send target id=2 ip=128.110.216.196 base_port=26002 rdma_port=26002 payload_bytes=53
E20260308 00:13:53.869451 164997 consensus_manager_pbft.cpp:208] recv impl type:5 sender id:4 seq:21 primary:1 is recovery:0
E20260308 00:13:53.869864 165044 rdma_replica_communicator.cpp:75] [RDMA] send target id=3 ip=128.110.216.196 base_port=26003 rdma_port=26003 payload_bytes=53
E20260308 00:13:53.872243 165022 consensus_manager_pbft.cpp:208] recv impl type:5 sender id:3 seq:21 primary:1 is recovery:0
E20260308 00:13:53.872859 164998 checkpoint_manager.cpp:530]  add commited state:21
E20260308 00:13:53.888227 164924 transaction_manager.cpp:91]  execute batch seq:20
E20260308 00:13:53.873749 164898 transaction_manager.cpp:91]  execute batch seq:20
E20260308 00:13:53.873939 165021 rdma_replica_communicator.cpp:75] [RDMA] send target id=4 ip=128.110.216.196 base_port=26004 rdma_port=26004 payload_bytes=53
E20260308 00:13:53.876091 165045 consensus_manager_pbft.cpp:208] recv impl type:5 sender id:2 seq:21 primary:1 is recovery:0
E20260308 00:13:53.879726 165070 consensus_manager_pbft.cpp:208] recv impl type:5 sender id:1 seq:21 primary:1 is recovery:0
E20260308 00:13:53.880807 165068 rdma_replica_communicator.cpp:75] [RDMA] send target id=3 ip=128.110.216.196 base_port=26003 rdma_port=26003 payload_bytes=53
E20260308 00:13:53.883159 165019 consensus_manager_pbft.cpp:208] recv impl type:5 sender id:4 seq:21 primary:1 is recovery:0
E20260308 00:13:53.883553 164997 message_manager.cpp:204]  add request fail
E20260308 00:13:53.884363 165044 rdma_replica_communicator.cpp:75] [RDMA] send target id=4 ip=128.110.216.196 base_port=26004 rdma_port=26004 payload_bytes=53
E20260308 00:13:53.886654 165046 consensus_manager_pbft.cpp:208] recv impl type:5 sender id:3 seq:21 primary:1 is recovery:0
E20260308 00:13:53.887300 165022 checkpoint_manager.cpp:530]  add commited state:21
E20260308 00:13:53.902814 164943 transaction_manager.cpp:91]  execute batch seq:20
E20260308 00:13:53.873381 164892 lock_free_collector_pool.cpp:71]  update:277 seq:277 cap:256 update seq:21
E20260308 00:13:53.889582 164926 commitment.cpp:363] send back to proxy:1
E20260308 00:13:53.890808 164904 commitment.cpp:363] send back to proxy:1
E20260308 00:13:53.893501 165069 consensus_manager_pbft.cpp:208] recv impl type:5 sender id:2 seq:21 primary:1 is recovery:0
E20260308 00:13:53.895402 165068 rdma_replica_communicator.cpp:75] [RDMA] send target id=4 ip=128.110.216.196 base_port=26004 rdma_port=26004 payload_bytes=53
E20260308 00:13:53.897557 165045 consensus_manager_pbft.cpp:208] recv impl type:5 sender id:4 seq:21 primary:1 is recovery:0
E20260308 00:13:53.897958 165019 message_manager.cpp:204]  add request fail
E20260308 00:13:53.901582 165067 consensus_manager_pbft.cpp:208] recv impl type:5 sender id:3 seq:21 primary:1 is recovery:0
E20260308 00:13:53.902096 165046 checkpoint_manager.cpp:530]  add commited state:21
E20260308 00:13:53.913192 164964 transaction_manager.cpp:91]  execute batch seq:20
E20260308 00:13:53.887846 164914 lock_free_collector_pool.cpp:71]  update:277 seq:277 cap:256 update seq:21
E20260308 00:13:53.904307 164948 commitment.cpp:363] send back to proxy:1
E20260308 00:13:53.905668 164926 rdma_replica_communicator.cpp:75] [RDMA] send target id=1 ip=128.110.216.196 base_port=26001 rdma_port=26001 payload_bytes=53
E20260308 00:13:53.906544 164904 rdma_replica_communicator.cpp:75] [RDMA] send target id=1 ip=128.110.216.196 base_port=26001 rdma_port=26001 payload_bytes=53
E20260308 00:13:53.910260 165070 consensus_manager_pbft.cpp:208] recv impl type:5 sender id:4 seq:21 primary:1 is recovery:0
E20260308 00:13:53.910657 165045 message_manager.cpp:204]  add request fail
E20260308 00:13:53.912346 165067 checkpoint_manager.cpp:530]  add commited state:21
E20260308 00:13:53.912871 164958 lock_free_collector_pool.cpp:71]  update:277 seq:277 cap:256 update seq:21
E20260308 00:13:53.902441 164936 lock_free_collector_pool.cpp:71]  update:277 seq:277 cap:256 update seq:21
E20260308 00:13:53.914469 164970 commitment.cpp:363] send back to proxy:1
E20260308 00:13:53.915935 164948 rdma_replica_communicator.cpp:75] [RDMA] send target id=1 ip=128.110.216.196 base_port=26001 rdma_port=26001 payload_bytes=53
E20260308 00:13:53.919596 164998 consensus_manager_pbft.cpp:208] recv impl type:7 sender id:2 seq:21 primary:1 is recovery:0
E20260308 00:13:53.922660 164997 consensus_manager_pbft.cpp:208] recv impl type:7 sender id:1 seq:21 primary:1 is recovery:0
E20260308 00:13:53.923023 165070 message_manager.cpp:204]  add request fail
E20260308 00:13:53.927150 164970 rdma_replica_communicator.cpp:75] [RDMA] send target id=1 ip=128.110.216.196 base_port=26001 rdma_port=26001 payload_bytes=53
E20260308 00:13:53.930357 164996 consensus_manager_pbft.cpp:208] recv impl type:7 sender id:3 seq:21 primary:1 is recovery:0
E20260308 00:13:53.930754 164998 response_manager.cpp:187]  receive request seq:21 type:7 local id:21
E20260308 00:13:53.931918 164997 response_manager.cpp:187]  receive request seq:21 type:7 local id:21
E20260308 00:13:53.935909 164995 consensus_manager_pbft.cpp:208] recv impl type:7 sender id:4 seq:21 primary:1 is recovery:0
E20260308 00:13:53.936534 164996 response_manager.cpp:187]  receive request seq:21 type:7 local id:21
E20260308 00:13:53.937350 164998 response_manager.cpp:214]  get receive count:0 seq:21
E20260308 00:13:53.938190 164997 response_manager.cpp:214]  get receive count:1 seq:21
E20260308 00:13:53.939036 164995 response_manager.cpp:187]  receive request seq:21 type:7 local id:21
E20260308 00:13:53.941452 164997 lock_free_collector_pool.cpp:71]  update:277 seq:277 cap:256 update seq:21
E20260308 00:13:53.943069 164997 response_manager.cpp:227] SendResponseToClient local_id:21 seq:21 proxy_id:1
E20260308 00:13:53.943813 164997 lock_free_collector_pool.cpp:71]  update:277 seq:277 cap:256 update seq:21
E20260308 00:13:53.945252 164890 consensus_server.cpp:223] Selftest completed request i=19 ret=0 value=light_value
E20260308 00:13:53.945230 164997 response_manager.cpp:259] response sent to client local_id:21 seq:21
E20260308 00:13:54.826666 164891 stats.cpp:474]   req client latency:0.000184953
E20260308 00:13:54.949038 164890 consensus_server.cpp:291] Self-test passed mode=rdma (GET verified, last_value=light_value)
E20260308 00:13:54.949505 164890 consensus_server.cpp:294] RESULT mode=rdma num_requests=20 total_time_s=5.90386 throughput_rps=3.38761 avg_us=295189 p50_us=294622 p95_us=299127 p99_us=299127 min_us=292217 max_us=299159 status=OK
% time     seconds  usecs/call     calls    errors syscall
------ ----------- ----------- --------- --------- ------------------
 89.20  207.695361        3383     61392     19282 futex
  3.40    7.906563        1139      6938           clock_nanosleep
  2.36    5.497499      687187         8           epoll_pwait
  2.23    5.187364       13796       376           ppoll
  2.07    4.827900       91092        53        32 accept
  0.44    1.031107       12275        84           recvfrom
  0.13    0.299616          35      8532         4 write
  0.07    0.161566          20      7980           getpid
  0.06    0.149511          41      3581           gettid
  0.01    0.017681          18       940           mprotect
  0.01    0.014863          19       751           rt_sigprocmask
  0.01    0.013436          72       185           madvise
  0.01    0.011748          63       185           clone
  0.00    0.008000          18       441         1 ioctl
  0.00    0.005353          11       449           mmap
  0.00    0.005265          17       307           munmap
  0.00    0.004422          38       116           close
  0.00    0.003739           9       400           brk
  0.00    0.003143          16       186           rseq
  0.00    0.003134          16       186           set_robust_list
  0.00    0.000907          13        68         2 openat
  0.00    0.000521           5        88         1 newfstatat
  0.00    0.000374           4        92           sendto
  0.00    0.000278           6        40           shmat
  0.00    0.000270           4        55           read
  0.00    0.000219           7        28           recvmsg
  0.00    0.000217          13        16           epoll_ctl
  0.00    0.000202          67         3           symlinkat
  0.00    0.000173          57         3           unlinkat
  0.00    0.000171           8        20           shmget
  0.00    0.000146           3        40           setsockopt
  0.00    0.000139           3        37           socket
  0.00    0.000116           5        22         1 connect
  0.00    0.000083           5        15           rt_sigaction
  0.00    0.000064           3        20           shmctl
  0.00    0.000047           3        14           bind
  0.00    0.000041          13         3           sendmsg
  0.00    0.000033          16         2           getdents64
  0.00    0.000029           4         6           fcntl
  0.00    0.000023           3         6           getsockname
  0.00    0.000022           5         4           uname
  0.00    0.000020           2         8           listen
  0.00    0.000018           4         4           lseek
  0.00    0.000013           3         4           eventfd2
  0.00    0.000011          11         1           getrandom
  0.00    0.000008           8         1           prlimit64
  0.00    0.000007           2         3           geteuid
  0.00    0.000006           6         1           sched_getaffinity
  0.00    0.000005           1         4           epoll_create1
  0.00    0.000005           1         4           timerfd_create
  0.00    0.000005           2         2           getuid
  0.00    0.000000           0         1         1 faccessat
  0.00    0.000000           0         1           set_tid_address
  0.00    0.000000           0         1           execve
------ ----------- ----------- --------- --------- ------------------
100.00  232.851444        2484     93707     19324 total",
2026-03-08T00:15:25,basic_ring,128.110.216.196,26000,20,1,0,30.07782770400081,5.8649e-06,basic_ring,basic_ring,20,2.13493,9.368,106743.0,106781.0,107257.0,107257.0,105930.0,107417.0,OK,"NO shared receive
>>>>>>>> post recvs
connect request had data with it: 56 bytes
>>>>>>>> post recvs
[BasicServer] accepted client 2
NO shared receive
>>>>>>>> post recvs
connect request had data with it: 56 bytes
>>>>>>>> post recvs
[BasicServer] accepted client 2
NO shared receive
>>>>>>>> post recvs
connect request had data with it: 56 bytes
>>>>>>>> post recvs
[BasicServer] accepted client 2
NO shared receive
>>>>>>>> post recvs
connect request had data with it: 56 bytes
>>>>>>>> post recvs
[BasicServer] accepted client 2
NO shared receive
>>>>>>>> post recvs
connect request had data with it: 56 bytes
>>>>>>>> post recvs
[BasicServer] accepted client 3
NO shared receive
>>>>>>>> post recvs
connect request had data with it: 56 bytes
>>>>>>>> post recvs
[BasicServer] accepted client 3
NO shared receive
>>>>>>>> post recvs
connect request had data with it: 56 bytes
>>>>>>>> post recvs
[BasicServer] accepted client 3
NO shared receive
>>>>>>>> post recvs
connect request had data with it: 56 bytes
>>>>>>>> post recvs
[BasicServer] accepted client 3","E20260308 00:14:24.879758 165288 consensus_manager_pbft.cpp:208] recv impl type:5 sender id:3 seq:21 primary:1 is recovery:0
E20260308 00:14:24.880231 165231 consensus_manager_pbft.cpp:208] recv impl type:7 sender id:1 seq:21 primary:1 is recovery:0
E20260308 00:14:24.880271 165324 consensus_manager_pbft.cpp:208] recv impl type:5 sender id:2 seq:21 primary:1 is recovery:0
E20260308 00:14:24.879130 165250 consensus_manager_pbft.cpp:208] recv impl type:5 sender id:4 seq:21 primary:1 is recovery:0
E20260308 00:14:24.879822 165299 checkpoint_manager.cpp:530]  add commited state:21
E20260308 00:14:24.880375 165200 transaction_manager.cpp:91]  execute batch seq:20
E20260308 00:14:24.880429 165156 transaction_manager.cpp:91]  execute batch seq:20
E20260308 00:14:24.880059 165230 message_manager.cpp:188]  seq:21 type:5 has been committed
E20260308 00:14:24.879984 165189 commitment.cpp:363] send back to proxy:1
E20260308 00:14:24.880518 165211 commitment.cpp:363] send back to proxy:1
E20260308 00:14:24.879858 165315 consensus_manager_pbft.cpp:208] recv impl type:5 sender id:3 seq:21 primary:1 is recovery:0
E20260308 00:14:24.880336 165199 lock_free_collector_pool.cpp:71]  update:277 seq:277 cap:256 update seq:21
E20260308 00:14:24.880362 165250 checkpoint_manager.cpp:530]  add commited state:21
E20260308 00:14:24.880390 165155 lock_free_collector_pool.cpp:71]  update:277 seq:277 cap:256 update seq:21
E20260308 00:14:24.879400 165263 consensus_manager_pbft.cpp:208] recv impl type:5 sender id:3 seq:21 primary:1 is recovery:0
E20260308 00:14:24.880856 165263 message_manager.cpp:188]  seq:21 type:5 has been committed
E20260308 00:14:24.880285 165231 response_manager.cpp:187]  receive request seq:21 type:7 local id:21
E20260308 00:14:24.880534 165189 rdma_replica_communicator.cpp:75] [RDMA] send target id=1 ip=128.110.216.196 base_port=26001 rdma_port=26001 payload_bytes=53
E20260308 00:14:24.880251 165288 message_manager.cpp:204]  add request fail
E20260308 00:14:24.880314 165324 checkpoint_manager.cpp:530]  add commited state:21
E20260308 00:14:24.880568 165211 rdma_replica_communicator.cpp:75] [RDMA] send target id=1 ip=128.110.216.196 base_port=26001 rdma_port=26001 payload_bytes=53
E20260308 00:14:24.880642 165315 message_manager.cpp:204]  add request fail
E20260308 00:14:24.880498 165167 commitment.cpp:363] send back to proxy:1
E20260308 00:14:24.881181 165236 consensus_manager_pbft.cpp:208] recv impl type:7 sender id:4 seq:21 primary:1 is recovery:0
E20260308 00:14:24.881063 165233 consensus_manager_pbft.cpp:208] recv impl type:7 sender id:3 seq:21 primary:1 is recovery:0
E20260308 00:14:24.881197 165167 rdma_replica_communicator.cpp:75] [RDMA] send target id=1 ip=128.110.216.196 base_port=26001 rdma_port=26001 payload_bytes=53
E20260308 00:14:24.881232 165236 response_manager.cpp:187]  receive request seq:21 type:7 local id:21
E20260308 00:14:24.881364 165236 response_manager.cpp:214]  get receive count:1 seq:21
E20260308 00:14:24.881276 165233 response_manager.cpp:187]  receive request seq:21 type:7 local id:21
E20260308 00:14:24.881371 165226 consensus_manager_pbft.cpp:208] recv impl type:7 sender id:2 seq:21 primary:1 is recovery:0
E20260308 00:14:24.881402 165236 lock_free_collector_pool.cpp:71]  update:277 seq:277 cap:256 update seq:21
E20260308 00:14:24.880941 165231 response_manager.cpp:214]  get receive count:0 seq:21
E20260308 00:14:24.881487 165226 response_manager.cpp:187]  receive request seq:21 type:7 local id:21
E20260308 00:14:24.881544 165236 response_manager.cpp:227] SendResponseToClient local_id:21 seq:21 proxy_id:1
E20260308 00:14:24.881649 165236 lock_free_collector_pool.cpp:71]  update:277 seq:277 cap:256 update seq:21
E20260308 00:14:24.881784 165236 response_manager.cpp:259] response sent to client local_id:21 seq:21
E20260308 00:14:24.881790 165131 consensus_server.cpp:223] Selftest completed request i=19 ret=0 value=light_value
E20260308 00:14:24.916676 165132 stats.cpp:474]   req client latency:5.8649e-06
E20260308 00:14:25.882164 165131 consensus_server.cpp:291] Self-test passed mode=basic_ring (GET verified, last_value=light_value)
E20260308 00:14:25.882455 165131 consensus_server.cpp:294] RESULT mode=basic_ring num_requests=20 total_time_s=2.13493 throughput_rps=9.368 avg_us=106743 p50_us=106781 p95_us=107257 p99_us=107257 min_us=105930 max_us=107417 status=OK","E20260308 00:14:58.824479 165405 rdma_replica_communicator.cpp:75] [RDMA] send target id=1 ip=128.110.216.196 base_port=26001 rdma_port=26001 payload_bytes=53
E20260308 00:14:58.825491 165383 rdma_replica_communicator.cpp:75] [RDMA] send target id=1 ip=128.110.216.196 base_port=26001 rdma_port=26001 payload_bytes=53
E20260308 00:14:58.826274 165526 message_manager.cpp:204]  add request fail
E20260308 00:14:58.827893 165455 response_manager.cpp:187]  receive request seq:20 type:7 local id:20
E20260308 00:14:58.831249 165427 rdma_replica_communicator.cpp:75] [RDMA] send target id=1 ip=128.110.216.196 base_port=26001 rdma_port=26001 payload_bytes=53
E20260308 00:14:58.834758 165453 consensus_manager_pbft.cpp:208] recv impl type:7 sender id:3 seq:20 primary:1 is recovery:0
E20260308 00:14:58.837589 165454 consensus_manager_pbft.cpp:208] recv impl type:7 sender id:2 seq:20 primary:1 is recovery:0
E20260308 00:14:58.838762 165455 response_manager.cpp:214]  get receive count:0 seq:20
E20260308 00:14:58.841989 165452 consensus_manager_pbft.cpp:208] recv impl type:7 sender id:4 seq:20 primary:1 is recovery:0
E20260308 00:14:58.842444 165453 response_manager.cpp:187]  receive request seq:20 type:7 local id:20
E20260308 00:14:58.843240 165454 response_manager.cpp:187]  receive request seq:20 type:7 local id:20
E20260308 00:14:58.844837 165452 response_manager.cpp:187]  receive request seq:20 type:7 local id:20
E20260308 00:14:58.845630 165453 response_manager.cpp:214]  get receive count:1 seq:20
E20260308 00:14:58.847954 165453 lock_free_collector_pool.cpp:71]  update:276 seq:276 cap:256 update seq:20
E20260308 00:14:58.849434 165453 response_manager.cpp:227] SendResponseToClient local_id:20 seq:20 proxy_id:1
E20260308 00:14:58.850318 165453 lock_free_collector_pool.cpp:71]  update:276 seq:276 cap:256 update seq:20
E20260308 00:14:58.851488 165347 consensus_server.cpp:223] Selftest completed request i=18 ret=0 value=light_value
E20260308 00:14:58.851496 165453 response_manager.cpp:259] response sent to client local_id:20 seq:20
E20260308 00:14:58.852347 165347 consensus_server.cpp:221] Selftest sending request i=19
E20260308 00:14:58.857499 165455 consensus_manager_pbft.cpp:208] recv impl type:2 sender id:0 seq:0 primary:1 is recovery:0
E20260308 00:14:58.958776 165363 response_manager.cpp:327] add context list:0 list size:1 local_id:21
E20260308 00:14:58.959596 165363 rdma_replica_communicator.cpp:75] [RDMA] send target id=1 ip=128.110.216.196 base_port=26001 rdma_port=26001 payload_bytes=82
E20260308 00:14:58.962973 165455 consensus_manager_pbft.cpp:208] recv impl type:14 sender id:1 seq:0 primary:1 is recovery:0
E20260308 00:14:58.963864 165455 rdma_replica_communicator.cpp:75] [RDMA] send target id=1 ip=128.110.216.196 base_port=26001 rdma_port=26001 payload_bytes=89
E20260308 00:14:58.964713 165455 rdma_replica_communicator.cpp:75] [RDMA] send target id=2 ip=128.110.216.196 base_port=26002 rdma_port=26002 payload_bytes=89
E20260308 00:14:58.967355 165454 consensus_manager_pbft.cpp:208] recv impl type:3 sender id:1 seq:21 primary:1 is recovery:0
E20260308 00:14:58.968005 165455 rdma_replica_communicator.cpp:75] [RDMA] send target id=3 ip=128.110.216.196 base_port=26003 rdma_port=26003 payload_bytes=89
E20260308 00:14:58.970681 165479 consensus_manager_pbft.cpp:208] recv impl type:3 sender id:1 seq:21 primary:1 is recovery:0
E20260308 00:14:58.971153 165454 rdma_replica_communicator.cpp:75] [RDMA] send target id=1 ip=128.110.216.196 base_port=26001 rdma_port=26001 payload_bytes=51
E20260308 00:14:58.971966 165455 rdma_replica_communicator.cpp:75] [RDMA] send target id=4 ip=128.110.216.196 base_port=26004 rdma_port=26004 payload_bytes=89
E20260308 00:14:58.974589 165503 consensus_manager_pbft.cpp:208] recv impl type:3 sender id:1 seq:21 primary:1 is recovery:0
E20260308 00:14:58.975090 165479 rdma_replica_communicator.cpp:75] [RDMA] send target id=1 ip=128.110.216.196 base_port=26001 rdma_port=26001 payload_bytes=51
E20260308 00:14:58.975795 165454 rdma_replica_communicator.cpp:75] [RDMA] send target id=2 ip=128.110.216.196 base_port=26002 rdma_port=26002 payload_bytes=51
E20260308 00:14:58.978250 165453 consensus_manager_pbft.cpp:208] recv impl type:4 sender id:1 seq:21 primary:1 is recovery:0
E20260308 00:14:58.980897 165527 consensus_manager_pbft.cpp:208] recv impl type:3 sender id:1 seq:21 primary:1 is recovery:0
E20260308 00:14:58.981245 165503 rdma_replica_communicator.cpp:75] [RDMA] send target id=1 ip=128.110.216.196 base_port=26001 rdma_port=26001 payload_bytes=51
E20260308 00:14:58.982012 165479 rdma_replica_communicator.cpp:75] [RDMA] send target id=2 ip=128.110.216.196 base_port=26002 rdma_port=26002 payload_bytes=51
E20260308 00:14:58.984560 165455 consensus_manager_pbft.cpp:208] recv impl type:4 sender id:2 seq:21 primary:1 is recovery:0
E20260308 00:14:58.984915 165454 rdma_replica_communicator.cpp:75] [RDMA] send target id=3 ip=128.110.216.196 base_port=26003 rdma_port=26003 payload_bytes=51
E20260308 00:14:58.987624 165478 consensus_manager_pbft.cpp:208] recv impl type:4 sender id:1 seq:21 primary:1 is recovery:0
E20260308 00:14:58.988811 165527 rdma_replica_communicator.cpp:75] [RDMA] send target id=1 ip=128.110.216.196 base_port=26001 rdma_port=26001 payload_bytes=51
E20260308 00:14:58.989566 165503 rdma_replica_communicator.cpp:75] [RDMA] send target id=2 ip=128.110.216.196 base_port=26002 rdma_port=26002 payload_bytes=51
E20260308 00:14:58.992020 165453 consensus_manager_pbft.cpp:208] recv impl type:4 sender id:3 seq:21 primary:1 is recovery:0
E20260308 00:14:58.992424 165479 rdma_replica_communicator.cpp:75] [RDMA] send target id=3 ip=128.110.216.196 base_port=26003 rdma_port=26003 payload_bytes=51
E20260308 00:14:58.994753 165476 consensus_manager_pbft.cpp:208] recv impl type:4 sender id:2 seq:21 primary:1 is recovery:0
E20260308 00:14:58.995980 165454 rdma_replica_communicator.cpp:75] [RDMA] send target id=4 ip=128.110.216.196 base_port=26004 rdma_port=26004 payload_bytes=51
E20260308 00:14:58.998370 165502 consensus_manager_pbft.cpp:208] recv impl type:4 sender id:1 seq:21 primary:1 is recovery:0
E20260308 00:14:58.999940 165527 rdma_replica_communicator.cpp:75] [RDMA] send target id=2 ip=128.110.216.196 base_port=26002 rdma_port=26002 payload_bytes=51
E20260308 00:14:59.002390 165455 consensus_manager_pbft.cpp:208] recv impl type:4 sender id:4 seq:21 primary:1 is recovery:0
E20260308 00:14:59.002772 165503 rdma_replica_communicator.cpp:75] [RDMA] send target id=3 ip=128.110.216.196 base_port=26003 rdma_port=26003 payload_bytes=51
E20260308 00:14:59.005118 165477 consensus_manager_pbft.cpp:208] recv impl type:4 sender id:3 seq:21 primary:1 is recovery:0
E20260308 00:14:59.005539 165453 checkpoint_manager.cpp:495] get high prepared seq:20
E20260308 00:14:59.006364 165479 rdma_replica_communicator.cpp:75] [RDMA] send target id=4 ip=128.110.216.196 base_port=26004 rdma_port=26004 payload_bytes=51
E20260308 00:14:59.008884 165501 consensus_manager_pbft.cpp:208] recv impl type:4 sender id:2 seq:21 primary:1 is recovery:0
E20260308 00:14:59.012264 165526 consensus_manager_pbft.cpp:208] recv impl type:4 sender id:1 seq:21 primary:1 is recovery:0
E20260308 00:14:59.013520 165527 rdma_replica_communicator.cpp:75] [RDMA] send target id=3 ip=128.110.216.196 base_port=26003 rdma_port=26003 payload_bytes=51
E20260308 00:14:59.015827 165478 consensus_manager_pbft.cpp:208] recv impl type:4 sender id:4 seq:21 primary:1 is recovery:0
E20260308 00:14:59.017019 165503 rdma_replica_communicator.cpp:75] [RDMA] send target id=4 ip=128.110.216.196 base_port=26004 rdma_port=26004 payload_bytes=51
E20260308 00:14:59.019352 165502 consensus_manager_pbft.cpp:208] recv impl type:4 sender id:3 seq:21 primary:1 is recovery:0
E20260308 00:14:59.019851 165477 checkpoint_manager.cpp:495] get high prepared seq:20
E20260308 00:14:59.020862 165453 checkpoint_manager.cpp:500] set high prepared seq:21
E20260308 00:14:59.023347 165512 consensus_manager_pbft.cpp:208] recv impl type:4 sender id:2 seq:21 primary:1 is recovery:0
E20260308 00:14:59.024420 165501 checkpoint_manager.cpp:495] get high prepared seq:20
E20260308 00:14:59.026275 165527 rdma_replica_communicator.cpp:75] [RDMA] send target id=4 ip=128.110.216.196 base_port=26004 rdma_port=26004 payload_bytes=51
E20260308 00:14:59.028331 165500 consensus_manager_pbft.cpp:208] recv impl type:4 sender id:4 seq:21 primary:1 is recovery:0
E20260308 00:14:59.031867 165526 consensus_manager_pbft.cpp:208] recv impl type:4 sender id:3 seq:21 primary:1 is recovery:0
E20260308 00:14:59.033187 165477 checkpoint_manager.cpp:500] set high prepared seq:21
E20260308 00:14:59.033944 165453 rdma_replica_communicator.cpp:75] [RDMA] send target id=1 ip=128.110.216.196 base_port=26001 rdma_port=26001 payload_bytes=53
E20260308 00:14:59.034763 165512 checkpoint_manager.cpp:495] get high prepared seq:20
E20260308 00:14:59.035717 165501 checkpoint_manager.cpp:500] set high prepared seq:21
E20260308 00:14:59.036808 165527 consensus_manager_pbft.cpp:208] recv impl type:4 sender id:4 seq:21 primary:1 is recovery:0
E20260308 00:14:59.040546 165477 rdma_replica_communicator.cpp:75] [RDMA] send target id=1 ip=128.110.216.196 base_port=26001 rdma_port=26001 payload_bytes=53
E20260308 00:14:59.041400 165453 rdma_replica_communicator.cpp:75] [RDMA] send target id=2 ip=128.110.216.196 base_port=26002 rdma_port=26002 payload_bytes=53
E20260308 00:14:59.043601 165443 consensus_manager_pbft.cpp:208] recv impl type:5 sender id:1 seq:21 primary:1 is recovery:0
E20260308 00:14:59.044524 165512 checkpoint_manager.cpp:500] set high prepared seq:21
E20260308 00:14:59.045282 165501 rdma_replica_communicator.cpp:75] [RDMA] send target id=1 ip=128.110.216.196 base_port=26001 rdma_port=26001 payload_bytes=53
E20260308 00:14:59.046769 165477 rdma_replica_communicator.cpp:75] [RDMA] send target id=2 ip=128.110.216.196 base_port=26002 rdma_port=26002 payload_bytes=53
E20260308 00:14:59.049319 165455 consensus_manager_pbft.cpp:208] recv impl type:5 sender id:2 seq:21 primary:1 is recovery:0
E20260308 00:14:59.049692 165453 rdma_replica_communicator.cpp:75] [RDMA] send target id=3 ip=128.110.216.196 base_port=26003 rdma_port=26003 payload_bytes=53
E20260308 00:14:59.053310 165479 consensus_manager_pbft.cpp:208] recv impl type:5 sender id:1 seq:21 primary:1 is recovery:0
E20260308 00:14:59.054529 165512 rdma_replica_communicator.cpp:75] [RDMA] send target id=1 ip=128.110.216.196 base_port=26001 rdma_port=26001 payload_bytes=53
E20260308 00:14:59.055318 165501 rdma_replica_communicator.cpp:75] [RDMA] send target id=2 ip=128.110.216.196 base_port=26002 rdma_port=26002 payload_bytes=53
E20260308 00:14:59.058300 165454 consensus_manager_pbft.cpp:208] recv impl type:5 sender id:3 seq:21 primary:1 is recovery:0
E20260308 00:14:59.058670 165477 rdma_replica_communicator.cpp:75] [RDMA] send target id=3 ip=128.110.216.196 base_port=26003 rdma_port=26003 payload_bytes=53
E20260308 00:14:59.061004 165478 consensus_manager_pbft.cpp:208] recv impl type:5 sender id:2 seq:21 primary:1 is recovery:0
E20260308 00:14:59.062322 165453 rdma_replica_communicator.cpp:75] [RDMA] send target id=4 ip=128.110.216.196 base_port=26004 rdma_port=26004 payload_bytes=53
E20260308 00:14:59.064680 165503 consensus_manager_pbft.cpp:208] recv impl type:5 sender id:1 seq:21 primary:1 is recovery:0
E20260308 00:14:59.065860 165512 rdma_replica_communicator.cpp:75] [RDMA] send target id=2 ip=128.110.216.196 base_port=26002 rdma_port=26002 payload_bytes=53
E20260308 00:14:59.068310 165455 consensus_manager_pbft.cpp:208] recv impl type:5 sender id:4 seq:21 primary:1 is recovery:0
E20260308 00:14:59.068706 165501 rdma_replica_communicator.cpp:75] [RDMA] send target id=3 ip=128.110.216.196 base_port=26003 rdma_port=26003 payload_bytes=53
E20260308 00:14:59.071046 165479 consensus_manager_pbft.cpp:208] recv impl type:5 sender id:3 seq:21 primary:1 is recovery:0
E20260308 00:14:59.071637 165454 checkpoint_manager.cpp:530]  add commited state:21
E20260308 00:14:59.087064 165380 transaction_manager.cpp:91]  execute batch seq:20
E20260308 00:14:59.072559 165355 transaction_manager.cpp:91]  execute batch seq:20
E20260308 00:14:59.072736 165477 rdma_replica_communicator.cpp:75] [RDMA] send target id=4 ip=128.110.216.196 base_port=26004 rdma_port=26004 payload_bytes=53
E20260308 00:14:59.075042 165502 consensus_manager_pbft.cpp:208] recv impl type:5 sender id:2 seq:21 primary:1 is recovery:0
E20260308 00:14:59.078675 165527 consensus_manager_pbft.cpp:208] recv impl type:5 sender id:1 seq:21 primary:1 is recovery:0
E20260308 00:14:59.079789 165512 rdma_replica_communicator.cpp:75] [RDMA] send target id=3 ip=128.110.216.196 base_port=26003 rdma_port=26003 payload_bytes=53
E20260308 00:14:59.082113 165478 consensus_manager_pbft.cpp:208] recv impl type:5 sender id:4 seq:21 primary:1 is recovery:0
E20260308 00:14:59.082582 165455 message_manager.cpp:204]  add request fail
E20260308 00:14:59.083361 165501 rdma_replica_communicator.cpp:75] [RDMA] send target id=4 ip=128.110.216.196 base_port=26004 rdma_port=26004 payload_bytes=53
E20260308 00:14:59.085619 165503 consensus_manager_pbft.cpp:208] recv impl type:5 sender id:3 seq:21 primary:1 is recovery:0
E20260308 00:14:59.086189 165479 checkpoint_manager.cpp:530]  add commited state:21
E20260308 00:14:59.101673 165400 transaction_manager.cpp:91]  execute batch seq:20
E20260308 00:14:59.072153 165349 lock_free_collector_pool.cpp:71]  update:277 seq:277 cap:256 update seq:21
E20260308 00:14:59.088585 165383 commitment.cpp:363] send back to proxy:1
E20260308 00:14:59.089588 165361 commitment.cpp:363] send back to proxy:1
E20260308 00:14:59.092164 165526 consensus_manager_pbft.cpp:208] recv impl type:5 sender id:2 seq:21 primary:1 is recovery:0
E20260308 00:14:59.094096 165512 rdma_replica_communicator.cpp:75] [RDMA] send target id=4 ip=128.110.216.196 base_port=26004 rdma_port=26004 payload_bytes=53
E20260308 00:14:59.096239 165502 consensus_manager_pbft.cpp:208] recv impl type:5 sender id:4 seq:21 primary:1 is recovery:0
E20260308 00:14:59.096652 165478 message_manager.cpp:204]  add request fail
E20260308 00:14:59.100287 165527 consensus_manager_pbft.cpp:208] recv impl type:5 sender id:3 seq:21 primary:1 is recovery:0
E20260308 00:14:59.100795 165503 checkpoint_manager.cpp:530]  add commited state:21
E20260308 00:14:59.112344 165421 transaction_manager.cpp:91]  execute batch seq:20
E20260308 00:14:59.086704 165371 lock_free_collector_pool.cpp:71]  update:277 seq:277 cap:256 update seq:21
E20260308 00:14:59.103186 165405 commitment.cpp:363] send back to proxy:1
E20260308 00:14:59.104543 165383 rdma_replica_communicator.cpp:75] [RDMA] send target id=1 ip=128.110.216.196 base_port=26001 rdma_port=26001 payload_bytes=53
E20260308 00:14:59.105412 165361 rdma_replica_communicator.cpp:75] [RDMA] send target id=1 ip=128.110.216.196 base_port=26001 rdma_port=26001 payload_bytes=53
E20260308 00:14:59.109441 165526 consensus_manager_pbft.cpp:208] recv impl type:5 sender id:4 seq:21 primary:1 is recovery:0
E20260308 00:14:59.109961 165502 message_manager.cpp:204]  add request fail
E20260308 00:14:59.111675 165527 checkpoint_manager.cpp:530]  add commited state:21
E20260308 00:14:59.112005 165415 lock_free_collector_pool.cpp:71]  update:277 seq:277 cap:256 update seq:21
E20260308 00:14:59.101308 165393 lock_free_collector_pool.cpp:71]  update:277 seq:277 cap:256 update seq:21
E20260308 00:14:59.113976 165427 commitment.cpp:363] send back to proxy:1
E20260308 00:14:59.115368 165405 rdma_replica_communicator.cpp:75] [RDMA] send target id=1 ip=128.110.216.196 base_port=26001 rdma_port=26001 payload_bytes=53
E20260308 00:14:59.119050 165454 consensus_manager_pbft.cpp:208] recv impl type:7 sender id:2 seq:21 primary:1 is recovery:0
E20260308 00:14:59.122109 165455 consensus_manager_pbft.cpp:208] recv impl type:7 sender id:1 seq:21 primary:1 is recovery:0
E20260308 00:14:59.122573 165526 message_manager.cpp:204]  add request fail
E20260308 00:14:59.126951 165427 rdma_replica_communicator.cpp:75] [RDMA] send target id=1 ip=128.110.216.196 base_port=26001 rdma_port=26001 payload_bytes=53
E20260308 00:14:59.130398 165453 consensus_manager_pbft.cpp:208] recv impl type:7 sender id:3 seq:21 primary:1 is recovery:0
E20260308 00:14:59.130793 165454 response_manager.cpp:187]  receive request seq:21 type:7 local id:21
E20260308 00:14:59.131577 165455 response_manager.cpp:187]  receive request seq:21 type:7 local id:21
E20260308 00:14:59.135550 165452 consensus_manager_pbft.cpp:208] recv impl type:7 sender id:4 seq:21 primary:1 is recovery:0
E20260308 00:14:59.135921 165453 response_manager.cpp:187]  receive request seq:21 type:7 local id:21
E20260308 00:14:59.136736 165454 response_manager.cpp:214]  get receive count:0 seq:21
E20260308 00:14:59.137537 165455 response_manager.cpp:214]  get receive count:1 seq:21
E20260308 00:14:59.138377 165452 response_manager.cpp:187]  receive request seq:21 type:7 local id:21
E20260308 00:14:59.140723 165455 lock_free_collector_pool.cpp:71]  update:277 seq:277 cap:256 update seq:21
E20260308 00:14:59.142385 165455 response_manager.cpp:227] SendResponseToClient local_id:21 seq:21 proxy_id:1
E20260308 00:14:59.143159 165455 lock_free_collector_pool.cpp:71]  update:277 seq:277 cap:256 update seq:21
E20260308 00:14:59.144254 165347 consensus_server.cpp:223] Selftest completed request i=19 ret=0 value=light_value
E20260308 00:14:59.144263 165455 response_manager.cpp:259] response sent to client local_id:21 seq:21
E20260308 00:15:00.009227 165348 stats.cpp:474]   req client latency:0.000186583
E20260308 00:15:00.147416 165347 consensus_server.cpp:291] Self-test passed mode=basic_ring (GET verified, last_value=light_value)
E20260308 00:15:00.147858 165347 consensus_server.cpp:294] RESULT mode=basic_ring num_requests=20 total_time_s=5.9249 throughput_rps=3.37559 avg_us=296241 p50_us=295572 p95_us=298724 p99_us=298724 min_us=292767 max_us=299609 status=OK
% time     seconds  usecs/call     calls    errors syscall
------ ----------- ----------- --------- --------- ------------------
 89.19  203.813015        3317     61443     19288 futex
  3.38    7.731346        1117      6920           clock_nanosleep
  2.36    5.403246      675405         8           epoll_pwait
  2.22    5.080451       13511       376           ppoll
  2.07    4.735956       89357        53        32 accept
  0.46    1.040603       12388        84           recvfrom
  0.10    0.225748          26      8532         4 write
  0.09    0.209574          26      7980           getpid
  0.07    0.160492          44      3581           gettid
  0.01    0.014536          15       940           mprotect
  0.01    0.013500          17       751           rt_sigprocmask
  0.01    0.013361          46       287           munmap
  0.01    0.011859         128        92           sendto
  0.00    0.010345          55       185           clone
  0.00    0.009425          50       185           madvise
  0.00    0.007702         350        22         1 connect
  0.00    0.007683          66       116           close
  0.00    0.007674          18       425           mmap
  0.00    0.003933          98        40           setsockopt
  0.00    0.003615           8       408           brk
  0.00    0.003037           7       413         1 ioctl
  0.00    0.002382          12       186           rseq
  0.00    0.002223          11       186           set_robust_list
  0.00    0.000722          10        68         2 openat
  0.00    0.000467           5        88         1 newfstatat
  0.00    0.000255           9        28           recvmsg
  0.00    0.000246           4        55           read
  0.00    0.000239          79         3           symlinkat
  0.00    0.000212          70         3           unlinkat
  0.00    0.000150           4        37           socket
  0.00    0.000105           6        16           epoll_ctl
  0.00    0.000097           6        15           rt_sigaction
  0.00    0.000068           4        14           bind
  0.00    0.000039          13         3           sendmsg
  0.00    0.000038          19         2           getdents64
  0.00    0.000036           6         6           fcntl
  0.00    0.000029           3         8           listen
  0.00    0.000027           6         4           eventfd2
  0.00    0.000026           6         4           uname
  0.00    0.000021           5         4           lseek
  0.00    0.000017           4         4           epoll_create1
  0.00    0.000017           4         4           timerfd_create
  0.00    0.000014           2         6           getsockname
  0.00    0.000012           4         3           geteuid
  0.00    0.000010          10         1           getrandom
  0.00    0.000009           4         2           getuid
  0.00    0.000009           9         1           prlimit64
  0.00    0.000005           5         1           sched_getaffinity
  0.00    0.000000           0         1         1 faccessat
  0.00    0.000000           0         1           set_tid_address
  0.00    0.000000           0         1           execve
------ ----------- ----------- --------- --------- ------------------
100.00  228.514576        2441     93596     19330 total",
2026-03-08T00:16:30,basic_ring,128.110.216.196,26000,20,2,0,30.07758550899962,5.99367e-06,basic_ring,basic_ring,20,2.13765,9.35606,106879.0,106646.0,107633.0,107633.0,105985.0,110268.0,OK,"NO shared receive
>>>>>>>> post recvs
connect request had data with it: 56 bytes
>>>>>>>> post recvs
[BasicServer] accepted client 2
NO shared receive
>>>>>>>> post recvs
connect request had data with it: 56 bytes
>>>>>>>> post recvs
[BasicServer] accepted client 2
NO shared receive
>>>>>>>> post recvs
connect request had data with it: 56 bytes
>>>>>>>> post recvs
[BasicServer] accepted client 2
NO shared receive
>>>>>>>> post recvs
connect request had data with it: 56 bytes
>>>>>>>> post recvs
[BasicServer] accepted client 2
NO shared receive
>>>>>>>> post recvs
connect request had data with it: 56 bytes
>>>>>>>> post recvs
[BasicServer] accepted client 3
NO shared receive
>>>>>>>> post recvs
connect request had data with it: 56 bytes
>>>>>>>> post recvs
[BasicServer] accepted client 3
NO shared receive
>>>>>>>> post recvs
connect request had data with it: 56 bytes
>>>>>>>> post recvs
[BasicServer] accepted client 3
NO shared receive
>>>>>>>> post recvs
connect request had data with it: 56 bytes
>>>>>>>> post recvs
[BasicServer] accepted client 3","E20260308 00:15:30.059418 165603 lock_free_collector_pool.cpp:71]  update:277 seq:277 cap:256 update seq:21
E20260308 00:15:30.059108 165590 transaction_manager.cpp:91]  execute batch seq:20
E20260308 00:15:30.058154 165701 rdma_replica_communicator.cpp:75] [RDMA] send target id=1 ip=128.110.216.196 base_port=26001 rdma_port=26001 payload_bytes=53
E20260308 00:15:30.059401 165728 checkpoint_manager.cpp:530]  add commited state:21
E20260308 00:15:30.059057 165703 checkpoint_manager.cpp:530]  add commited state:21
E20260308 00:15:30.059649 165642 consensus_manager_pbft.cpp:208] recv impl type:5 sender id:3 seq:21 primary:1 is recovery:0
E20260308 00:15:30.058990 165549 commitment.cpp:363] send back to proxy:1
E20260308 00:15:30.059523 165613 transaction_manager.cpp:91]  execute batch seq:20
E20260308 00:15:30.059571 165593 commitment.cpp:363] send back to proxy:1
E20260308 00:15:30.059571 165701 rdma_replica_communicator.cpp:75] [RDMA] send target id=2 ip=128.110.216.196 base_port=26002 rdma_port=26002 payload_bytes=53
E20260308 00:15:30.059432 165629 response_manager.cpp:187]  receive request seq:21 type:7 local id:21
E20260308 00:15:30.060004 165629 response_manager.cpp:214]  get receive count:0 seq:21
E20260308 00:15:30.060036 165652 consensus_manager_pbft.cpp:208] recv impl type:5 sender id:3 seq:21 primary:1 is recovery:0
E20260308 00:15:30.060078 165652 message_manager.cpp:188]  seq:21 type:5 has been committed
E20260308 00:15:30.059789 165549 rdma_replica_communicator.cpp:75] [RDMA] send target id=1 ip=128.110.216.196 base_port=26001 rdma_port=26001 payload_bytes=53
E20260308 00:15:30.059859 165615 commitment.cpp:363] send back to proxy:1
E20260308 00:15:30.060207 165615 rdma_replica_communicator.cpp:75] [RDMA] send target id=1 ip=128.110.216.196 base_port=26001 rdma_port=26001 payload_bytes=53
E20260308 00:15:30.060233 165640 consensus_manager_pbft.cpp:208] recv impl type:7 sender id:1 seq:21 primary:1 is recovery:0
E20260308 00:15:30.059960 165701 rdma_replica_communicator.cpp:75] [RDMA] send target id=3 ip=128.110.216.196 base_port=26003 rdma_port=26003 payload_bytes=53
E20260308 00:15:30.059742 165642 message_manager.cpp:188]  seq:21 type:5 has been committed
E20260308 00:15:30.060355 165634 consensus_manager_pbft.cpp:208] recv impl type:7 sender id:4 seq:21 primary:1 is recovery:0
E20260308 00:15:30.060402 165634 response_manager.cpp:187]  receive request seq:21 type:7 local id:21
E20260308 00:15:30.060444 165634 response_manager.cpp:214]  get receive count:1 seq:21
E20260308 00:15:30.059911 165593 rdma_replica_communicator.cpp:75] [RDMA] send target id=1 ip=128.110.216.196 base_port=26001 rdma_port=26001 payload_bytes=53
E20260308 00:15:30.060405 165694 consensus_manager_pbft.cpp:208] recv impl type:5 sender id:3 seq:21 primary:1 is recovery:0
E20260308 00:15:30.060580 165694 message_manager.cpp:188]  seq:21 type:5 has been committed
E20260308 00:15:30.060482 165634 lock_free_collector_pool.cpp:71]  update:277 seq:277 cap:256 update seq:21
E20260308 00:15:30.060278 165640 response_manager.cpp:187]  receive request seq:21 type:7 local id:21
E20260308 00:15:30.060598 165632 consensus_manager_pbft.cpp:208] recv impl type:7 sender id:3 seq:21 primary:1 is recovery:0
E20260308 00:15:30.060741 165632 response_manager.cpp:187]  receive request seq:21 type:7 local id:21
E20260308 00:15:30.060669 165634 response_manager.cpp:227] SendResponseToClient local_id:21 seq:21 proxy_id:1
E20260308 00:15:30.060334 165701 rdma_replica_communicator.cpp:75] [RDMA] send target id=4 ip=128.110.216.196 base_port=26004 rdma_port=26004 payload_bytes=53
E20260308 00:15:30.060827 165634 lock_free_collector_pool.cpp:71]  update:277 seq:277 cap:256 update seq:21
E20260308 00:15:30.060952 165716 consensus_manager_pbft.cpp:208] recv impl type:5 sender id:3 seq:21 primary:1 is recovery:0
E20260308 00:15:30.060992 165716 message_manager.cpp:188]  seq:21 type:5 has been committed
E20260308 00:15:30.061043 165535 consensus_server.cpp:223] Selftest completed request i=19 ret=0 value=light_value
E20260308 00:15:30.061007 165634 response_manager.cpp:259] response sent to client local_id:21 seq:21
E20260308 00:15:30.093672 165536 stats.cpp:474]   req client latency:5.99367e-06
E20260308 00:15:31.061677 165535 consensus_server.cpp:291] Self-test passed mode=basic_ring (GET verified, last_value=light_value)
E20260308 00:15:31.062029 165535 consensus_server.cpp:294] RESULT mode=basic_ring num_requests=20 total_time_s=2.13765 throughput_rps=9.35606 avg_us=106879 p50_us=106646 p95_us=107633 p99_us=107633 min_us=105985 max_us=110268 status=OK","E20260308 00:16:03.964097 165834 rdma_replica_communicator.cpp:75] [RDMA] send target id=1 ip=128.110.216.196 base_port=26001 rdma_port=26001 payload_bytes=53
E20260308 00:16:03.967696 165862 consensus_manager_pbft.cpp:208] recv impl type:7 sender id:1 seq:20 primary:1 is recovery:0
E20260308 00:16:03.970780 165861 consensus_manager_pbft.cpp:208] recv impl type:7 sender id:2 seq:20 primary:1 is recovery:0
E20260308 00:16:03.971184 165932 message_manager.cpp:188]  seq:20 type:5 has been committed
E20260308 00:16:03.974620 165812 rdma_replica_communicator.cpp:75] [RDMA] send target id=1 ip=128.110.216.196 base_port=26001 rdma_port=26001 payload_bytes=53
E20260308 00:16:03.978881 165860 consensus_manager_pbft.cpp:208] recv impl type:7 sender id:4 seq:20 primary:1 is recovery:0
E20260308 00:16:03.979339 165862 response_manager.cpp:187]  receive request seq:20 type:7 local id:20
E20260308 00:16:03.980254 165861 response_manager.cpp:187]  receive request seq:20 type:7 local id:20
E20260308 00:16:03.984306 165859 consensus_manager_pbft.cpp:208] recv impl type:7 sender id:3 seq:20 primary:1 is recovery:0
E20260308 00:16:03.984738 165860 response_manager.cpp:187]  receive request seq:20 type:7 local id:20
E20260308 00:16:03.985651 165862 response_manager.cpp:214]  get receive count:0 seq:20
E20260308 00:16:03.986583 165861 response_manager.cpp:214]  get receive count:1 seq:20
E20260308 00:16:03.987442 165859 response_manager.cpp:187]  receive request seq:20 type:7 local id:20
E20260308 00:16:03.989997 165861 lock_free_collector_pool.cpp:71]  update:276 seq:276 cap:256 update seq:20
E20260308 00:16:03.991663 165861 response_manager.cpp:227] SendResponseToClient local_id:20 seq:20 proxy_id:1
E20260308 00:16:03.992548 165861 lock_free_collector_pool.cpp:71]  update:276 seq:276 cap:256 update seq:20
E20260308 00:16:03.993785 165861 response_manager.cpp:259] response sent to client local_id:20 seq:20
E20260308 00:16:03.993785 165754 consensus_server.cpp:223] Selftest completed request i=18 ret=0 value=light_value
E20260308 00:16:03.995672 165754 consensus_server.cpp:221] Selftest sending request i=19
E20260308 00:16:04.000334 165862 consensus_manager_pbft.cpp:208] recv impl type:2 sender id:0 seq:0 primary:1 is recovery:0
E20260308 00:16:04.101652 165770 response_manager.cpp:327] add context list:0 list size:1 local_id:21
E20260308 00:16:04.102526 165770 rdma_replica_communicator.cpp:75] [RDMA] send target id=1 ip=128.110.216.196 base_port=26001 rdma_port=26001 payload_bytes=82
E20260308 00:16:04.106135 165862 consensus_manager_pbft.cpp:208] recv impl type:14 sender id:1 seq:0 primary:1 is recovery:0
E20260308 00:16:04.106909 165862 rdma_replica_communicator.cpp:75] [RDMA] send target id=1 ip=128.110.216.196 base_port=26001 rdma_port=26001 payload_bytes=89
E20260308 00:16:04.107816 165862 rdma_replica_communicator.cpp:75] [RDMA] send target id=2 ip=128.110.216.196 base_port=26002 rdma_port=26002 payload_bytes=89
E20260308 00:16:04.110428 165861 consensus_manager_pbft.cpp:208] recv impl type:3 sender id:1 seq:21 primary:1 is recovery:0
E20260308 00:16:04.110929 165862 rdma_replica_communicator.cpp:75] [RDMA] send target id=3 ip=128.110.216.196 base_port=26003 rdma_port=26003 payload_bytes=89
E20260308 00:16:04.113513 165886 consensus_manager_pbft.cpp:208] recv impl type:3 sender id:1 seq:21 primary:1 is recovery:0
E20260308 00:16:04.113947 165861 rdma_replica_communicator.cpp:75] [RDMA] send target id=1 ip=128.110.216.196 base_port=26001 rdma_port=26001 payload_bytes=51
E20260308 00:16:04.114753 165862 rdma_replica_communicator.cpp:75] [RDMA] send target id=4 ip=128.110.216.196 base_port=26004 rdma_port=26004 payload_bytes=89
E20260308 00:16:04.117257 165910 consensus_manager_pbft.cpp:208] recv impl type:3 sender id:1 seq:21 primary:1 is recovery:0
E20260308 00:16:04.117817 165886 rdma_replica_communicator.cpp:75] [RDMA] send target id=1 ip=128.110.216.196 base_port=26001 rdma_port=26001 payload_bytes=51
E20260308 00:16:04.118633 165861 rdma_replica_communicator.cpp:75] [RDMA] send target id=2 ip=128.110.216.196 base_port=26002 rdma_port=26002 payload_bytes=51
E20260308 00:16:04.122388 165860 consensus_manager_pbft.cpp:208] recv impl type:4 sender id:1 seq:21 primary:1 is recovery:0
E20260308 00:16:04.125319 165933 consensus_manager_pbft.cpp:208] recv impl type:3 sender id:1 seq:21 primary:1 is recovery:0
E20260308 00:16:04.125689 165910 rdma_replica_communicator.cpp:75] [RDMA] send target id=1 ip=128.110.216.196 base_port=26001 rdma_port=26001 payload_bytes=51
E20260308 00:16:04.126526 165886 rdma_replica_communicator.cpp:75] [RDMA] send target id=2 ip=128.110.216.196 base_port=26002 rdma_port=26002 payload_bytes=51
E20260308 00:16:04.129113 165862 consensus_manager_pbft.cpp:208] recv impl type:4 sender id:2 seq:21 primary:1 is recovery:0
E20260308 00:16:04.129556 165861 rdma_replica_communicator.cpp:75] [RDMA] send target id=3 ip=128.110.216.196 base_port=26003 rdma_port=26003 payload_bytes=51
E20260308 00:16:04.132025 165885 consensus_manager_pbft.cpp:208] recv impl type:4 sender id:1 seq:21 primary:1 is recovery:0
E20260308 00:16:04.133261 165933 rdma_replica_communicator.cpp:75] [RDMA] send target id=1 ip=128.110.216.196 base_port=26001 rdma_port=26001 payload_bytes=51
E20260308 00:16:04.134014 165910 rdma_replica_communicator.cpp:75] [RDMA] send target id=2 ip=128.110.216.196 base_port=26002 rdma_port=26002 payload_bytes=51
E20260308 00:16:04.136576 165860 consensus_manager_pbft.cpp:208] recv impl type:4 sender id:3 seq:21 primary:1 is recovery:0
E20260308 00:16:04.137050 165886 rdma_replica_communicator.cpp:75] [RDMA] send target id=3 ip=128.110.216.196 base_port=26003 rdma_port=26003 payload_bytes=51
E20260308 00:16:04.139482 165884 consensus_manager_pbft.cpp:208] recv impl type:4 sender id:2 seq:21 primary:1 is recovery:0
E20260308 00:16:04.140743 165861 rdma_replica_communicator.cpp:75] [RDMA] send target id=4 ip=128.110.216.196 base_port=26004 rdma_port=26004 payload_bytes=51
E20260308 00:16:04.143051 165909 consensus_manager_pbft.cpp:208] recv impl type:4 sender id:1 seq:21 primary:1 is recovery:0
E20260308 00:16:04.144259 165933 rdma_replica_communicator.cpp:75] [RDMA] send target id=2 ip=128.110.216.196 base_port=26002 rdma_port=26002 payload_bytes=51
E20260308 00:16:04.146862 165862 consensus_manager_pbft.cpp:208] recv impl type:4 sender id:4 seq:21 primary:1 is recovery:0
E20260308 00:16:04.147265 165910 rdma_replica_communicator.cpp:75] [RDMA] send target id=3 ip=128.110.216.196 base_port=26003 rdma_port=26003 payload_bytes=51
E20260308 00:16:04.149797 165885 consensus_manager_pbft.cpp:208] recv impl type:4 sender id:3 seq:21 primary:1 is recovery:0
E20260308 00:16:04.150238 165860 checkpoint_manager.cpp:495] get high prepared seq:20
E20260308 00:16:04.151054 165886 rdma_replica_communicator.cpp:75] [RDMA] send target id=4 ip=128.110.216.196 base_port=26004 rdma_port=26004 payload_bytes=51
E20260308 00:16:04.153472 165908 consensus_manager_pbft.cpp:208] recv impl type:4 sender id:2 seq:21 primary:1 is recovery:0
E20260308 00:16:04.156899 165934 consensus_manager_pbft.cpp:208] recv impl type:4 sender id:1 seq:21 primary:1 is recovery:0
E20260308 00:16:04.158084 165933 rdma_replica_communicator.cpp:75] [RDMA] send target id=3 ip=128.110.216.196 base_port=26003 rdma_port=26003 payload_bytes=51
E20260308 00:16:04.160432 165884 consensus_manager_pbft.cpp:208] recv impl type:4 sender id:4 seq:21 primary:1 is recovery:0
E20260308 00:16:04.161698 165910 rdma_replica_communicator.cpp:75] [RDMA] send target id=4 ip=128.110.216.196 base_port=26004 rdma_port=26004 payload_bytes=51
E20260308 00:16:04.163971 165909 consensus_manager_pbft.cpp:208] recv impl type:4 sender id:3 seq:21 primary:1 is recovery:0
E20260308 00:16:04.164429 165885 checkpoint_manager.cpp:495] get high prepared seq:20
E20260308 00:16:04.165446 165860 checkpoint_manager.cpp:500] set high prepared seq:21
E20260308 00:16:04.168423 165932 consensus_manager_pbft.cpp:208] recv impl type:4 sender id:2 seq:21 primary:1 is recovery:0
E20260308 00:16:04.168917 165908 checkpoint_manager.cpp:495] get high prepared seq:20
E20260308 00:16:04.170557 165933 rdma_replica_communicator.cpp:75] [RDMA] send target id=4 ip=128.110.216.196 base_port=26004 rdma_port=26004 payload_bytes=51
E20260308 00:16:04.172582 165907 consensus_manager_pbft.cpp:208] recv impl type:4 sender id:4 seq:21 primary:1 is recovery:0
E20260308 00:16:04.175916 165934 consensus_manager_pbft.cpp:208] recv impl type:4 sender id:3 seq:21 primary:1 is recovery:0
E20260308 00:16:04.177167 165885 checkpoint_manager.cpp:500] set high prepared seq:21
E20260308 00:16:04.177946 165860 rdma_replica_communicator.cpp:75] [RDMA] send target id=1 ip=128.110.216.196 base_port=26001 rdma_port=26001 payload_bytes=53
E20260308 00:16:04.178936 165932 checkpoint_manager.cpp:495] get high prepared seq:20
E20260308 00:16:04.179860 165908 checkpoint_manager.cpp:500] set high prepared seq:21
E20260308 00:16:04.182649 165933 consensus_manager_pbft.cpp:208] recv impl type:4 sender id:4 seq:21 primary:1 is recovery:0
E20260308 00:16:04.184594 165885 rdma_replica_communicator.cpp:75] [RDMA] send target id=1 ip=128.110.216.196 base_port=26001 rdma_port=26001 payload_bytes=53
E20260308 00:16:04.185477 165860 rdma_replica_communicator.cpp:75] [RDMA] send target id=2 ip=128.110.216.196 base_port=26002 rdma_port=26002 payload_bytes=53
E20260308 00:16:04.188047 165862 consensus_manager_pbft.cpp:208] recv impl type:5 sender id:1 seq:21 primary:1 is recovery:0
E20260308 00:16:04.188536 165932 checkpoint_manager.cpp:500] set high prepared seq:21
E20260308 00:16:04.189265 165908 rdma_replica_communicator.cpp:75] [RDMA] send target id=1 ip=128.110.216.196 base_port=26001 rdma_port=26001 payload_bytes=53
E20260308 00:16:04.190831 165885 rdma_replica_communicator.cpp:75] [RDMA] send target id=2 ip=128.110.216.196 base_port=26002 rdma_port=26002 payload_bytes=53
E20260308 00:16:04.193348 165861 consensus_manager_pbft.cpp:208] recv impl type:5 sender id:2 seq:21 primary:1 is recovery:0
E20260308 00:16:04.193745 165860 rdma_replica_communicator.cpp:75] [RDMA] send target id=3 ip=128.110.216.196 base_port=26003 rdma_port=26003 payload_bytes=53
E20260308 00:16:04.196305 165886 consensus_manager_pbft.cpp:208] recv impl type:5 sender id:1 seq:21 primary:1 is recovery:0
E20260308 00:16:04.197552 165932 rdma_replica_communicator.cpp:75] [RDMA] send target id=1 ip=128.110.216.196 base_port=26001 rdma_port=26001 payload_bytes=53
E20260308 00:16:04.198334 165908 rdma_replica_communicator.cpp:75] [RDMA] send target id=2 ip=128.110.216.196 base_port=26002 rdma_port=26002 payload_bytes=53
E20260308 00:16:04.201382 165862 consensus_manager_pbft.cpp:208] recv impl type:5 sender id:3 seq:21 primary:1 is recovery:0
E20260308 00:16:04.201788 165885 rdma_replica_communicator.cpp:75] [RDMA] send target id=3 ip=128.110.216.196 base_port=26003 rdma_port=26003 payload_bytes=53
E20260308 00:16:04.215678 165765 transaction_manager.cpp:91]  execute batch seq:20
E20260308 00:16:04.205490 165860 rdma_replica_communicator.cpp:75] [RDMA] send target id=4 ip=128.110.216.196 base_port=26004 rdma_port=26004 payload_bytes=53
E20260308 00:16:04.207813 165910 consensus_manager_pbft.cpp:208] recv impl type:5 sender id:1 seq:21 primary:1 is recovery:0
E20260308 00:16:04.208982 165932 rdma_replica_communicator.cpp:75] [RDMA] send target id=2 ip=128.110.216.196 base_port=26002 rdma_port=26002 payload_bytes=53
E20260308 00:16:04.211472 165861 consensus_manager_pbft.cpp:208] recv impl type:5 sender id:4 seq:21 primary:1 is recovery:0
E20260308 00:16:04.211865 165908 rdma_replica_communicator.cpp:75] [RDMA] send target id=3 ip=128.110.216.196 base_port=26003 rdma_port=26003 payload_bytes=53
E20260308 00:16:04.214184 165886 consensus_manager_pbft.cpp:208] recv impl type:5 sender id:3 seq:21 primary:1 is recovery:0
E20260308 00:16:04.214780 165862 checkpoint_manager.cpp:530]  add commited state:21
E20260308 00:16:04.215307 165756 lock_free_collector_pool.cpp:71]  update:277 seq:277 cap:256 update seq:21
E20260308 00:16:04.204190 165884 consensus_manager_pbft.cpp:208] recv impl type:5 sender id:2 seq:21 primary:1 is recovery:0
E20260308 00:16:04.215847 165885 rdma_replica_communicator.cpp:75] [RDMA] send target id=4 ip=128.110.216.196 base_port=26004 rdma_port=26004 payload_bytes=53
E20260308 00:16:04.218171 165909 consensus_manager_pbft.cpp:208] recv impl type:5 sender id:2 seq:21 primary:1 is recovery:0
E20260308 00:16:04.219164 165768 commitment.cpp:363] send back to proxy:1
E20260308 00:16:04.223090 165934 consensus_manager_pbft.cpp:208] recv impl type:5 sender id:1 seq:21 primary:1 is recovery:0
E20260308 00:16:04.224337 165932 rdma_replica_communicator.cpp:75] [RDMA] send target id=3 ip=128.110.216.196 base_port=26003 rdma_port=26003 payload_bytes=53
E20260308 00:16:04.226522 165883 consensus_manager_pbft.cpp:208] recv impl type:5 sender id:4 seq:21 primary:1 is recovery:0
E20260308 00:16:04.226938 165861 message_manager.cpp:204]  add request fail
E20260308 00:16:04.227738 165908 rdma_replica_communicator.cpp:75] [RDMA] send target id=4 ip=128.110.216.196 base_port=26004 rdma_port=26004 payload_bytes=53
E20260308 00:16:04.230020 165910 consensus_manager_pbft.cpp:208] recv impl type:5 sender id:3 seq:21 primary:1 is recovery:0
E20260308 00:16:04.245631 165934 consensus_manager_pbft.cpp:208] recv impl type:5 sender id:3 seq:21 primary:1 is recovery:0
E20260308 00:16:04.246892 165808 transaction_manager.cpp:91]  execute batch seq:20
E20260308 00:16:04.234144 165784 transaction_manager.cpp:91]  execute batch seq:20
E20260308 00:16:04.236418 165933 consensus_manager_pbft.cpp:208] recv impl type:5 sender id:2 seq:21 primary:1 is recovery:0
E20260308 00:16:04.237726 165768 rdma_replica_communicator.cpp:75] [RDMA] send target id=1 ip=128.110.216.196 base_port=26001 rdma_port=26001 payload_bytes=53
E20260308 00:16:04.251281 165829 transaction_manager.cpp:91]  execute batch seq:20
E20260308 00:16:04.241585 165909 consensus_manager_pbft.cpp:208] recv impl type:5 sender id:4 seq:21 primary:1 is recovery:0
E20260308 00:16:04.241989 165883 message_manager.cpp:204]  add request fail
E20260308 00:16:04.233187 165884 checkpoint_manager.cpp:530]  add commited state:21
E20260308 00:16:04.246201 165910 checkpoint_manager.cpp:530]  add commited state:21
E20260308 00:16:04.246515 165800 lock_free_collector_pool.cpp:71]  update:277 seq:277 cap:256 update seq:21
E20260308 00:16:04.233716 165778 lock_free_collector_pool.cpp:71]  update:277 seq:277 cap:256 update seq:21
E20260308 00:16:04.248471 165812 commitment.cpp:363] send back to proxy:1
E20260308 00:16:04.249625 165790 commitment.cpp:363] send back to proxy:1
E20260308 00:16:04.250407 165933 checkpoint_manager.cpp:530]  add commited state:21
E20260308 00:16:04.250941 165822 lock_free_collector_pool.cpp:71]  update:277 seq:277 cap:256 update seq:21
E20260308 00:16:04.239396 165932 rdma_replica_communicator.cpp:75] [RDMA] send target id=4 ip=128.110.216.196 base_port=26004 rdma_port=26004 payload_bytes=53
E20260308 00:16:04.254289 165862 consensus_manager_pbft.cpp:208] recv impl type:7 sender id:1 seq:21 primary:1 is recovery:0
E20260308 00:16:04.255199 165834 commitment.cpp:363] send back to proxy:1
E20260308 00:16:04.255671 165909 message_manager.cpp:204]  add request fail
E20260308 00:16:04.260581 165812 rdma_replica_communicator.cpp:75] [RDMA] send target id=1 ip=128.110.216.196 base_port=26001 rdma_port=26001 payload_bytes=53
E20260308 00:16:04.261399 165790 rdma_replica_communicator.cpp:75] [RDMA] send target id=1 ip=128.110.216.196 base_port=26001 rdma_port=26001 payload_bytes=53
E20260308 00:16:04.264204 165932 consensus_manager_pbft.cpp:208] recv impl type:5 sender id:4 seq:21 primary:1 is recovery:0
E20260308 00:16:04.266583 165862 response_manager.cpp:187]  receive request seq:21 type:7 local id:21
E20260308 00:16:04.267411 165834 rdma_replica_communicator.cpp:75] [RDMA] send target id=1 ip=128.110.216.196 base_port=26001 rdma_port=26001 payload_bytes=53
E20260308 00:16:04.271801 165861 consensus_manager_pbft.cpp:208] recv impl type:7 sender id:3 seq:21 primary:1 is recovery:0
E20260308 00:16:04.274690 165860 consensus_manager_pbft.cpp:208] recv impl type:7 sender id:2 seq:21 primary:1 is recovery:0
E20260308 00:16:04.275065 165932 message_manager.cpp:188]  seq:21 type:5 has been committed
E20260308 00:16:04.275877 165862 response_manager.cpp:214]  get receive count:0 seq:21
E20260308 00:16:04.279202 165859 consensus_manager_pbft.cpp:208] recv impl type:7 sender id:4 seq:21 primary:1 is recovery:0
E20260308 00:16:04.279619 165861 response_manager.cpp:187]  receive request seq:21 type:7 local id:21
E20260308 00:16:04.280447 165860 response_manager.cpp:187]  receive request seq:21 type:7 local id:21
E20260308 00:16:04.282823 165859 response_manager.cpp:187]  receive request seq:21 type:7 local id:21
E20260308 00:16:04.283607 165861 response_manager.cpp:214]  get receive count:1 seq:21
E20260308 00:16:04.285986 165861 lock_free_collector_pool.cpp:71]  update:277 seq:277 cap:256 update seq:21
E20260308 00:16:04.286716 165861 response_manager.cpp:227] SendResponseToClient local_id:21 seq:21 proxy_id:1
E20260308 00:16:04.287431 165861 lock_free_collector_pool.cpp:71]  update:277 seq:277 cap:256 update seq:21
E20260308 00:16:04.288432 165754 consensus_server.cpp:223] Selftest completed request i=19 ret=0 value=light_value
E20260308 00:16:04.288430 165861 response_manager.cpp:259] response sent to client local_id:21 seq:21
E20260308 00:16:05.186579 165755 stats.cpp:474]   req client latency:0.000185181
E20260308 00:16:05.291638 165754 consensus_server.cpp:291] Self-test passed mode=basic_ring (GET verified, last_value=light_value)
E20260308 00:16:05.292449 165754 consensus_server.cpp:294] RESULT mode=basic_ring num_requests=20 total_time_s=5.90109 throughput_rps=3.38921 avg_us=295050 p50_us=294487 p95_us=297526 p99_us=297526 min_us=292761 max_us=298677 status=OK
% time     seconds  usecs/call     calls    errors syscall
------ ----------- ----------- --------- --------- ------------------
 89.20  217.381500        3550     61230     19205 futex
  3.34    8.148866        1177      6921           clock_nanosleep
  2.35    5.731741      716467         8           epoll_pwait
  2.25    5.494928       14771       372           ppoll
  2.09    5.104280       96307        53        32 accept
  0.46    1.130358       13456        84           recvfrom
  0.13    0.313077          36      8532         4 write
  0.07    0.169373          21      7980           getpid
  0.07    0.165696          46      3581           gettid
  0.01    0.013274          14       940           mprotect
  0.00    0.011676         126        92           sendto
  0.00    0.009931          53       185           clone
  0.00    0.007880          10       751           rt_sigprocmask
  0.00    0.007169          17       413         1 ioctl
  0.00    0.004153          10       408           brk
  0.00    0.003960          34       116           close
  0.00    0.003923           9       425           mmap
  0.00    0.002382          12       186           rseq
  0.00    0.002374           8       287           munmap
  0.00    0.002173          11       186           set_robust_list
  0.00    0.001804           9       185           madvise
  0.00    0.000584           8        68         2 openat
  0.00    0.000297          99         3           symlinkat
  0.00    0.000264          88         3           unlinkat
  0.00    0.000184           2        88         1 newfstatat
  0.00    0.000155           9        16           epoll_ctl
  0.00    0.000115           3        37           socket
  0.00    0.000103           3        28           recvmsg
  0.00    0.000093           2        40           setsockopt
  0.00    0.000091           4        22         1 connect
  0.00    0.000053           0        55           read
  0.00    0.000042           7         6           fcntl
  0.00    0.000032           8         4           uname
  0.00    0.000023           1        14           bind
  0.00    0.000022           5         4           lseek
  0.00    0.000017          17         1           sched_getaffinity
  0.00    0.000010           1         8           listen
  0.00    0.000008           0        15           rt_sigaction
  0.00    0.000007           1         4           eventfd2
  0.00    0.000006           1         6           getsockname
  0.00    0.000005           1         4           epoll_create1
  0.00    0.000004           1         4           timerfd_create
  0.00    0.000000           0         1         1 faccessat
  0.00    0.000000           0         2           getdents64
  0.00    0.000000           0         1           set_tid_address
  0.00    0.000000           0         2           getuid
  0.00    0.000000           0         3           geteuid
  0.00    0.000000           0         3           sendmsg
  0.00    0.000000           0         1           execve
  0.00    0.000000           0         1           prlimit64
  0.00    0.000000           0         1           getrandom
------ ----------- ----------- --------- --------- ------------------
100.00  243.712633        2609     93380     19247 total",
2026-03-08T00:17:35,basic_ring,128.110.216.196,26000,20,3,0,30.077819144000387,5.89457e-06,basic_ring,basic_ring,20,2.13503,9.36754,106748.0,106634.0,107652.0,107652.0,105927.0,108366.0,OK,"NO shared receive
>>>>>>>> post recvs
connect request had data with it: 56 bytes
>>>>>>>> post recvs
[BasicServer] accepted client 2
NO shared receive
>>>>>>>> post recvs
connect request had data with it: 56 bytes
>>>>>>>> post recvs
[BasicServer] accepted client 2
NO shared receive
>>>>>>>> post recvs
connect request had data with it: 56 bytes
>>>>>>>> post recvs
[BasicServer] accepted client 2
NO shared receive
>>>>>>>> post recvs
connect request had data with it: 56 bytes
>>>>>>>> post recvs
[BasicServer] accepted client 2
NO shared receive
>>>>>>>> post recvs
connect request had data with it: 56 bytes
>>>>>>>> post recvs
[BasicServer] accepted client 3
NO shared receive
>>>>>>>> post recvs
connect request had data with it: 56 bytes
>>>>>>>> post recvs
[BasicServer] accepted client 3
NO shared receive
>>>>>>>> post recvs
connect request had data with it: 56 bytes
>>>>>>>> post recvs
[BasicServer] accepted client 3
NO shared receive
>>>>>>>> post recvs
connect request had data with it: 56 bytes
>>>>>>>> post recvs
[BasicServer] accepted client 3","E20260308 00:16:35.236099 166130 consensus_manager_pbft.cpp:208] recv impl type:4 sender id:3 seq:21 primary:1 is recovery:0
E20260308 00:16:35.237751 166010 lock_free_collector_pool.cpp:71]  update:277 seq:277 cap:256 update seq:21
E20260308 00:16:35.237365 166039 message_manager.cpp:188]  seq:21 type:5 has been committed
E20260308 00:16:35.237553 166104 checkpoint_manager.cpp:530]  add commited state:21
E20260308 00:16:35.237257 166131 rdma_replica_communicator.cpp:75] [RDMA] send target id=2 ip=128.110.216.196 base_port=26002 rdma_port=26002 payload_bytes=53
E20260308 00:16:35.237346 165956 commitment.cpp:363] send back to proxy:1
E20260308 00:16:35.237993 165956 rdma_replica_communicator.cpp:75] [RDMA] send target id=1 ip=128.110.216.196 base_port=26001 rdma_port=26001 payload_bytes=53
E20260308 00:16:35.237717 166126 checkpoint_manager.cpp:530]  add commited state:21
E20260308 00:16:35.237766 166130 message_manager.cpp:204]  add request fail
E20260308 00:16:35.237773 166011 transaction_manager.cpp:91]  execute batch seq:20
E20260308 00:16:35.237537 165978 commitment.cpp:363] send back to proxy:1
E20260308 00:16:35.238227 166022 commitment.cpp:363] send back to proxy:1
E20260308 00:16:35.237998 166067 consensus_manager_pbft.cpp:208] recv impl type:5 sender id:4 seq:21 primary:1 is recovery:0
E20260308 00:16:35.237710 166000 commitment.cpp:363] send back to proxy:1
E20260308 00:16:35.238137 166040 consensus_manager_pbft.cpp:208] recv impl type:7 sender id:1 seq:21 primary:1 is recovery:0
E20260308 00:16:35.237936 166131 rdma_replica_communicator.cpp:75] [RDMA] send target id=3 ip=128.110.216.196 base_port=26003 rdma_port=26003 payload_bytes=53
E20260308 00:16:35.238247 165978 rdma_replica_communicator.cpp:75] [RDMA] send target id=1 ip=128.110.216.196 base_port=26001 rdma_port=26001 payload_bytes=53
E20260308 00:16:35.238569 166101 consensus_manager_pbft.cpp:208] recv impl type:5 sender id:4 seq:21 primary:1 is recovery:0
E20260308 00:16:35.238618 166101 message_manager.cpp:188]  seq:21 type:5 has been committed
E20260308 00:16:35.238647 166046 consensus_manager_pbft.cpp:208] recv impl type:7 sender id:2 seq:21 primary:1 is recovery:0
E20260308 00:16:35.238691 166046 response_manager.cpp:187]  receive request seq:21 type:7 local id:21
E20260308 00:16:35.238724 166046 response_manager.cpp:214]  get receive count:0 seq:21
E20260308 00:16:35.238358 166000 rdma_replica_communicator.cpp:75] [RDMA] send target id=1 ip=128.110.216.196 base_port=26001 rdma_port=26001 payload_bytes=53
E20260308 00:16:35.238447 166040 response_manager.cpp:187]  receive request seq:21 type:7 local id:21
E20260308 00:16:35.238844 166040 response_manager.cpp:214]  get receive count:1 seq:21
E20260308 00:16:35.238888 166040 lock_free_collector_pool.cpp:71]  update:277 seq:277 cap:256 update seq:21
E20260308 00:16:35.238925 166040 response_manager.cpp:227] SendResponseToClient local_id:21 seq:21 proxy_id:1
E20260308 00:16:35.238953 166040 lock_free_collector_pool.cpp:71]  update:277 seq:277 cap:256 update seq:21
E20260308 00:16:35.239087 166040 response_manager.cpp:259] response sent to client local_id:21 seq:21
E20260308 00:16:35.238319 166067 message_manager.cpp:188]  seq:21 type:5 has been committed
E20260308 00:16:35.238873 166044 consensus_manager_pbft.cpp:208] recv impl type:7 sender id:3 seq:21 primary:1 is recovery:0
E20260308 00:16:35.239089 165942 consensus_server.cpp:223] Selftest completed request i=19 ret=0 value=light_value
E20260308 00:16:35.238502 166131 rdma_replica_communicator.cpp:75] [RDMA] send target id=4 ip=128.110.216.196 base_port=26004 rdma_port=26004 payload_bytes=53
E20260308 00:16:35.238268 166022 rdma_replica_communicator.cpp:75] [RDMA] send target id=1 ip=128.110.216.196 base_port=26001 rdma_port=26001 payload_bytes=53
E20260308 00:16:35.239245 166044 response_manager.cpp:187]  receive request seq:21 type:7 local id:21
E20260308 00:16:35.239353 166131 consensus_manager_pbft.cpp:208] recv impl type:5 sender id:4 seq:21 primary:1 is recovery:0
E20260308 00:16:35.239480 166131 message_manager.cpp:188]  seq:21 type:5 has been committed
E20260308 00:16:35.270836 165943 stats.cpp:474]   req client latency:5.89457e-06
E20260308 00:16:36.240098 165942 consensus_server.cpp:291] Self-test passed mode=basic_ring (GET verified, last_value=light_value)
E20260308 00:16:36.240322 165942 consensus_server.cpp:294] RESULT mode=basic_ring num_requests=20 total_time_s=2.13503 throughput_rps=9.36754 avg_us=106748 p50_us=106634 p95_us=107652 p99_us=107652 min_us=105927 max_us=108366 status=OK","E20260308 00:17:09.217118 166219 rdma_replica_communicator.cpp:75] [RDMA] send target id=1 ip=128.110.216.196 base_port=26001 rdma_port=26001 payload_bytes=53
E20260308 00:17:09.220854 166269 consensus_manager_pbft.cpp:208] recv impl type:7 sender id:2 seq:20 primary:1 is recovery:0
E20260308 00:17:09.224067 166268 consensus_manager_pbft.cpp:208] recv impl type:7 sender id:1 seq:20 primary:1 is recovery:0
E20260308 00:17:09.224462 166344 message_manager.cpp:204]  add request fail
E20260308 00:17:09.228518 166241 rdma_replica_communicator.cpp:75] [RDMA] send target id=1 ip=128.110.216.196 base_port=26001 rdma_port=26001 payload_bytes=53
E20260308 00:17:09.231824 166267 consensus_manager_pbft.cpp:208] recv impl type:7 sender id:3 seq:20 primary:1 is recovery:0
E20260308 00:17:09.232227 166269 response_manager.cpp:187]  receive request seq:20 type:7 local id:20
E20260308 00:17:09.233135 166268 response_manager.cpp:187]  receive request seq:20 type:7 local id:20
E20260308 00:17:09.237327 166266 consensus_manager_pbft.cpp:208] recv impl type:7 sender id:4 seq:20 primary:1 is recovery:0
E20260308 00:17:09.237846 166267 response_manager.cpp:187]  receive request seq:20 type:7 local id:20
E20260308 00:17:09.238642 166269 response_manager.cpp:214]  get receive count:0 seq:20
E20260308 00:17:09.239481 166268 response_manager.cpp:214]  get receive count:1 seq:20
E20260308 00:17:09.240191 166266 response_manager.cpp:187]  receive request seq:20 type:7 local id:20
E20260308 00:17:09.242532 166268 lock_free_collector_pool.cpp:71]  update:276 seq:276 cap:256 update seq:20
E20260308 00:17:09.244060 166268 response_manager.cpp:227] SendResponseToClient local_id:20 seq:20 proxy_id:1
E20260308 00:17:09.244840 166268 lock_free_collector_pool.cpp:71]  update:276 seq:276 cap:256 update seq:20
E20260308 00:17:09.245927 166161 consensus_server.cpp:223] Selftest completed request i=18 ret=0 value=light_value
E20260308 00:17:09.245926 166268 response_manager.cpp:259] response sent to client local_id:20 seq:20
E20260308 00:17:09.246848 166161 consensus_server.cpp:221] Selftest sending request i=19
E20260308 00:17:09.252122 166269 consensus_manager_pbft.cpp:208] recv impl type:2 sender id:0 seq:0 primary:1 is recovery:0
E20260308 00:17:09.353318 166177 response_manager.cpp:327] add context list:0 list size:1 local_id:21
E20260308 00:17:09.354149 166177 rdma_replica_communicator.cpp:75] [RDMA] send target id=1 ip=128.110.216.196 base_port=26001 rdma_port=26001 payload_bytes=82
E20260308 00:17:09.357672 166268 consensus_manager_pbft.cpp:208] recv impl type:14 sender id:1 seq:0 primary:1 is recovery:0
E20260308 00:17:09.358565 166268 rdma_replica_communicator.cpp:75] [RDMA] send target id=1 ip=128.110.216.196 base_port=26001 rdma_port=26001 payload_bytes=89
E20260308 00:17:09.359333 166268 rdma_replica_communicator.cpp:75] [RDMA] send target id=2 ip=128.110.216.196 base_port=26002 rdma_port=26002 payload_bytes=89
E20260308 00:17:09.361855 166269 consensus_manager_pbft.cpp:208] recv impl type:3 sender id:1 seq:21 primary:1 is recovery:0
E20260308 00:17:09.362543 166268 rdma_replica_communicator.cpp:75] [RDMA] send target id=3 ip=128.110.216.196 base_port=26003 rdma_port=26003 payload_bytes=89
E20260308 00:17:09.365295 166292 consensus_manager_pbft.cpp:208] recv impl type:3 sender id:1 seq:21 primary:1 is recovery:0
E20260308 00:17:09.365861 166269 rdma_replica_communicator.cpp:75] [RDMA] send target id=1 ip=128.110.216.196 base_port=26001 rdma_port=26001 payload_bytes=51
E20260308 00:17:09.366935 166268 rdma_replica_communicator.cpp:75] [RDMA] send target id=4 ip=128.110.216.196 base_port=26004 rdma_port=26004 payload_bytes=89
E20260308 00:17:09.369464 166317 consensus_manager_pbft.cpp:208] recv impl type:3 sender id:1 seq:21 primary:1 is recovery:0
E20260308 00:17:09.369899 166292 rdma_replica_communicator.cpp:75] [RDMA] send target id=1 ip=128.110.216.196 base_port=26001 rdma_port=26001 payload_bytes=51
E20260308 00:17:09.370775 166269 rdma_replica_communicator.cpp:75] [RDMA] send target id=2 ip=128.110.216.196 base_port=26002 rdma_port=26002 payload_bytes=51
E20260308 00:17:09.373337 166267 consensus_manager_pbft.cpp:208] recv impl type:4 sender id:1 seq:21 primary:1 is recovery:0
E20260308 00:17:09.376334 166344 consensus_manager_pbft.cpp:208] recv impl type:3 sender id:1 seq:21 primary:1 is recovery:0
E20260308 00:17:09.376739 166317 rdma_replica_communicator.cpp:75] [RDMA] send target id=1 ip=128.110.216.196 base_port=26001 rdma_port=26001 payload_bytes=51
E20260308 00:17:09.377532 166292 rdma_replica_communicator.cpp:75] [RDMA] send target id=2 ip=128.110.216.196 base_port=26002 rdma_port=26002 payload_bytes=51
E20260308 00:17:09.379993 166268 consensus_manager_pbft.cpp:208] recv impl type:4 sender id:2 seq:21 primary:1 is recovery:0
E20260308 00:17:09.380368 166269 rdma_replica_communicator.cpp:75] [RDMA] send target id=3 ip=128.110.216.196 base_port=26003 rdma_port=26003 payload_bytes=51
E20260308 00:17:09.382930 166293 consensus_manager_pbft.cpp:208] recv impl type:4 sender id:1 seq:21 primary:1 is recovery:0
E20260308 00:17:09.384104 166344 rdma_replica_communicator.cpp:75] [RDMA] send target id=1 ip=128.110.216.196 base_port=26001 rdma_port=26001 payload_bytes=51
E20260308 00:17:09.384860 166317 rdma_replica_communicator.cpp:75] [RDMA] send target id=2 ip=128.110.216.196 base_port=26002 rdma_port=26002 payload_bytes=51
E20260308 00:17:09.387329 166267 consensus_manager_pbft.cpp:208] recv impl type:4 sender id:3 seq:21 primary:1 is recovery:0
E20260308 00:17:09.387713 166292 rdma_replica_communicator.cpp:75] [RDMA] send target id=3 ip=128.110.216.196 base_port=26003 rdma_port=26003 payload_bytes=51
E20260308 00:17:09.390358 166291 consensus_manager_pbft.cpp:208] recv impl type:4 sender id:2 seq:21 primary:1 is recovery:0
E20260308 00:17:09.391549 166269 rdma_replica_communicator.cpp:75] [RDMA] send target id=4 ip=128.110.216.196 base_port=26004 rdma_port=26004 payload_bytes=51
E20260308 00:17:09.394320 166316 consensus_manager_pbft.cpp:208] recv impl type:4 sender id:1 seq:21 primary:1 is recovery:0
E20260308 00:17:09.395512 166344 rdma_replica_communicator.cpp:75] [RDMA] send target id=2 ip=128.110.216.196 base_port=26002 rdma_port=26002 payload_bytes=51
E20260308 00:17:09.398054 166268 consensus_manager_pbft.cpp:208] recv impl type:4 sender id:4 seq:21 primary:1 is recovery:0
E20260308 00:17:09.398478 166317 rdma_replica_communicator.cpp:75] [RDMA] send target id=3 ip=128.110.216.196 base_port=26003 rdma_port=26003 payload_bytes=51
E20260308 00:17:09.400856 166293 consensus_manager_pbft.cpp:208] recv impl type:4 sender id:3 seq:21 primary:1 is recovery:0
E20260308 00:17:09.401352 166267 checkpoint_manager.cpp:495] get high prepared seq:20
E20260308 00:17:09.402222 166292 rdma_replica_communicator.cpp:75] [RDMA] send target id=4 ip=128.110.216.196 base_port=26004 rdma_port=26004 payload_bytes=51
E20260308 00:17:09.404639 166315 consensus_manager_pbft.cpp:208] recv impl type:4 sender id:2 seq:21 primary:1 is recovery:0
E20260308 00:17:09.408061 166343 consensus_manager_pbft.cpp:208] recv impl type:4 sender id:1 seq:21 primary:1 is recovery:0
E20260308 00:17:09.409190 166344 rdma_replica_communicator.cpp:75] [RDMA] send target id=3 ip=128.110.216.196 base_port=26003 rdma_port=26003 payload_bytes=51
E20260308 00:17:09.411626 166291 consensus_manager_pbft.cpp:208] recv impl type:4 sender id:4 seq:21 primary:1 is recovery:0
E20260308 00:17:09.413601 166317 rdma_replica_communicator.cpp:75] [RDMA] send target id=4 ip=128.110.216.196 base_port=26004 rdma_port=26004 payload_bytes=51
E20260308 00:17:09.415946 166316 consensus_manager_pbft.cpp:208] recv impl type:4 sender id:3 seq:21 primary:1 is recovery:0
E20260308 00:17:09.416378 166293 checkpoint_manager.cpp:495] get high prepared seq:20
E20260308 00:17:09.417433 166267 checkpoint_manager.cpp:500] set high prepared seq:21
E20260308 00:17:09.420384 166342 consensus_manager_pbft.cpp:208] recv impl type:4 sender id:2 seq:21 primary:1 is recovery:0
E20260308 00:17:09.420934 166315 checkpoint_manager.cpp:495] get high prepared seq:20
E20260308 00:17:09.422538 166344 rdma_replica_communicator.cpp:75] [RDMA] send target id=4 ip=128.110.216.196 base_port=26004 rdma_port=26004 payload_bytes=51
E20260308 00:17:09.424607 166314 consensus_manager_pbft.cpp:208] recv impl type:4 sender id:4 seq:21 primary:1 is recovery:0
E20260308 00:17:09.427938 166343 consensus_manager_pbft.cpp:208] recv impl type:4 sender id:3 seq:21 primary:1 is recovery:0
E20260308 00:17:09.429297 166293 checkpoint_manager.cpp:500] set high prepared seq:21
E20260308 00:17:09.430195 166267 rdma_replica_communicator.cpp:75] [RDMA] send target id=1 ip=128.110.216.196 base_port=26001 rdma_port=26001 payload_bytes=53
E20260308 00:17:09.430995 166342 checkpoint_manager.cpp:495] get high prepared seq:20
E20260308 00:17:09.431934 166315 checkpoint_manager.cpp:500] set high prepared seq:21
E20260308 00:17:09.434729 166344 consensus_manager_pbft.cpp:208] recv impl type:4 sender id:4 seq:21 primary:1 is recovery:0
E20260308 00:17:09.436810 166293 rdma_replica_communicator.cpp:75] [RDMA] send target id=1 ip=128.110.216.196 base_port=26001 rdma_port=26001 payload_bytes=53
E20260308 00:17:09.437800 166267 rdma_replica_communicator.cpp:75] [RDMA] send target id=2 ip=128.110.216.196 base_port=26002 rdma_port=26002 payload_bytes=53
E20260308 00:17:09.440591 166269 consensus_manager_pbft.cpp:208] recv impl type:5 sender id:1 seq:21 primary:1 is recovery:0
E20260308 00:17:09.441177 166342 checkpoint_manager.cpp:500] set high prepared seq:21
E20260308 00:17:09.441967 166315 rdma_replica_communicator.cpp:75] [RDMA] send target id=1 ip=128.110.216.196 base_port=26001 rdma_port=26001 payload_bytes=53
E20260308 00:17:09.443558 166293 rdma_replica_communicator.cpp:75] [RDMA] send target id=2 ip=128.110.216.196 base_port=26002 rdma_port=26002 payload_bytes=53
E20260308 00:17:09.446074 166268 consensus_manager_pbft.cpp:208] recv impl type:5 sender id:2 seq:21 primary:1 is recovery:0
E20260308 00:17:09.446548 166267 rdma_replica_communicator.cpp:75] [RDMA] send target id=3 ip=128.110.216.196 base_port=26003 rdma_port=26003 payload_bytes=53
E20260308 00:17:09.448987 166292 consensus_manager_pbft.cpp:208] recv impl type:5 sender id:1 seq:21 primary:1 is recovery:0
E20260308 00:17:09.450183 166342 rdma_replica_communicator.cpp:75] [RDMA] send target id=1 ip=128.110.216.196 base_port=26001 rdma_port=26001 payload_bytes=53
E20260308 00:17:09.451324 166315 rdma_replica_communicator.cpp:75] [RDMA] send target id=2 ip=128.110.216.196 base_port=26002 rdma_port=26002 payload_bytes=53
E20260308 00:17:09.453855 166269 consensus_manager_pbft.cpp:208] recv impl type:5 sender id:3 seq:21 primary:1 is recovery:0
E20260308 00:17:09.454262 166293 rdma_replica_communicator.cpp:75] [RDMA] send target id=3 ip=128.110.216.196 base_port=26003 rdma_port=26003 payload_bytes=53
E20260308 00:17:09.468667 166172 transaction_manager.cpp:91]  execute batch seq:20
E20260308 00:17:09.471226 166316 consensus_manager_pbft.cpp:208] recv impl type:5 sender id:2 seq:21 primary:1 is recovery:0
E20260308 00:17:09.460462 166317 consensus_manager_pbft.cpp:208] recv impl type:5 sender id:1 seq:21 primary:1 is recovery:0
E20260308 00:17:09.461635 166342 rdma_replica_communicator.cpp:75] [RDMA] send target id=2 ip=128.110.216.196 base_port=26002 rdma_port=26002 payload_bytes=53
E20260308 00:17:09.464113 166268 consensus_manager_pbft.cpp:208] recv impl type:5 sender id:4 seq:21 primary:1 is recovery:0
E20260308 00:17:09.464495 166315 rdma_replica_communicator.cpp:75] [RDMA] send target id=3 ip=128.110.216.196 base_port=26003 rdma_port=26003 payload_bytes=53
E20260308 00:17:09.467185 166292 consensus_manager_pbft.cpp:208] recv impl type:5 sender id:3 seq:21 primary:1 is recovery:0
E20260308 00:17:09.467763 166269 checkpoint_manager.cpp:530]  add commited state:21
E20260308 00:17:09.468302 166163 lock_free_collector_pool.cpp:71]  update:277 seq:277 cap:256 update seq:21
E20260308 00:17:09.456758 166290 consensus_manager_pbft.cpp:208] recv impl type:5 sender id:2 seq:21 primary:1 is recovery:0
E20260308 00:17:09.468919 166293 rdma_replica_communicator.cpp:75] [RDMA] send target id=4 ip=128.110.216.196 base_port=26004 rdma_port=26004 payload_bytes=53
E20260308 00:17:09.458041 166267 rdma_replica_communicator.cpp:75] [RDMA] send target id=4 ip=128.110.216.196 base_port=26004 rdma_port=26004 payload_bytes=53
E20260308 00:17:09.472240 166175 commitment.cpp:363] send back to proxy:1
E20260308 00:17:09.474553 166342 rdma_replica_communicator.cpp:75] [RDMA] send target id=3 ip=128.110.216.196 base_port=26003 rdma_port=26003 payload_bytes=53
E20260308 00:17:09.476756 166291 consensus_manager_pbft.cpp:208] recv impl type:5 sender id:4 seq:21 primary:1 is recovery:0
E20260308 00:17:09.477142 166268 message_manager.cpp:204]  add request fail
E20260308 00:17:09.477964 166315 rdma_replica_communicator.cpp:75] [RDMA] send target id=4 ip=128.110.216.196 base_port=26004 rdma_port=26004 payload_bytes=53
E20260308 00:17:09.480319 166317 consensus_manager_pbft.cpp:208] recv impl type:5 sender id:3 seq:21 primary:1 is recovery:0
E20260308 00:17:09.483546 166290 checkpoint_manager.cpp:530]  add commited state:21
E20260308 00:17:09.498914 166213 transaction_manager.cpp:91]  execute batch seq:20
E20260308 00:17:09.484493 166194 transaction_manager.cpp:91]  execute batch seq:20
E20260308 00:17:09.486949 166344 consensus_manager_pbft.cpp:208] recv impl type:5 sender id:2 seq:21 primary:1 is recovery:0
E20260308 00:17:09.489583 166341 consensus_manager_pbft.cpp:208] recv impl type:5 sender id:1 seq:21 primary:1 is recovery:0
E20260308 00:17:09.490083 166175 rdma_replica_communicator.cpp:75] [RDMA] send target id=1 ip=128.110.216.196 base_port=26001 rdma_port=26001 payload_bytes=53
E20260308 00:17:09.490913 166342 rdma_replica_communicator.cpp:75] [RDMA] send target id=4 ip=128.110.216.196 base_port=26004 rdma_port=26004 payload_bytes=53
E20260308 00:17:09.493180 166316 consensus_manager_pbft.cpp:208] recv impl type:5 sender id:4 seq:21 primary:1 is recovery:0
E20260308 00:17:09.493572 166291 message_manager.cpp:204]  add request fail
E20260308 00:17:09.497519 166343 consensus_manager_pbft.cpp:208] recv impl type:5 sender id:3 seq:21 primary:1 is recovery:0
E20260308 00:17:09.498183 166317 checkpoint_manager.cpp:530]  add commited state:21
E20260308 00:17:09.511761 166238 transaction_manager.cpp:91]  execute batch seq:20
E20260308 00:17:09.484091 166185 lock_free_collector_pool.cpp:71]  update:277 seq:277 cap:256 update seq:21
E20260308 00:17:09.500391 166219 commitment.cpp:363] send back to proxy:1
E20260308 00:17:09.501417 166197 commitment.cpp:363] send back to proxy:1
E20260308 00:17:09.506283 166269 consensus_manager_pbft.cpp:208] recv impl type:7 sender id:1 seq:21 primary:1 is recovery:0
E20260308 00:17:09.507212 166342 consensus_manager_pbft.cpp:208] recv impl type:5 sender id:4 seq:21 primary:1 is recovery:0
E20260308 00:17:09.509169 166316 message_manager.cpp:204]  add request fail
E20260308 00:17:09.510914 166343 checkpoint_manager.cpp:530]  add commited state:21
E20260308 00:17:09.511411 166229 lock_free_collector_pool.cpp:71]  update:277 seq:277 cap:256 update seq:21
E20260308 00:17:09.498521 166207 lock_free_collector_pool.cpp:71]  update:277 seq:277 cap:256 update seq:21
E20260308 00:17:09.514297 166241 commitment.cpp:363] send back to proxy:1
E20260308 00:17:09.515637 166219 rdma_replica_communicator.cpp:75] [RDMA] send target id=1 ip=128.110.216.196 base_port=26001 rdma_port=26001 payload_bytes=53
E20260308 00:17:09.516486 166197 rdma_replica_communicator.cpp:75] [RDMA] send target id=1 ip=128.110.216.196 base_port=26001 rdma_port=26001 payload_bytes=53
E20260308 00:17:09.517360 166269 response_manager.cpp:187]  receive request seq:21 type:7 local id:21
E20260308 00:17:09.518221 166342 message_manager.cpp:204]  add request fail
E20260308 00:17:09.522375 166241 rdma_replica_communicator.cpp:75] [RDMA] send target id=1 ip=128.110.216.196 base_port=26001 rdma_port=26001 payload_bytes=53
E20260308 00:17:09.525851 166268 consensus_manager_pbft.cpp:208] recv impl type:7 sender id:3 seq:21 primary:1 is recovery:0
E20260308 00:17:09.528735 166267 consensus_manager_pbft.cpp:208] recv impl type:7 sender id:2 seq:21 primary:1 is recovery:0
E20260308 00:17:09.529121 166269 response_manager.cpp:214]  get receive count:0 seq:21
E20260308 00:17:09.533062 166266 consensus_manager_pbft.cpp:208] recv impl type:7 sender id:4 seq:21 primary:1 is recovery:0
E20260308 00:17:09.533448 166268 response_manager.cpp:187]  receive request seq:21 type:7 local id:21
E20260308 00:17:09.534296 166267 response_manager.cpp:187]  receive request seq:21 type:7 local id:21
E20260308 00:17:09.535907 166266 response_manager.cpp:187]  receive request seq:21 type:7 local id:21
E20260308 00:17:09.536654 166268 response_manager.cpp:214]  get receive count:1 seq:21
E20260308 00:17:09.539228 166268 lock_free_collector_pool.cpp:71]  update:277 seq:277 cap:256 update seq:21
E20260308 00:17:09.539974 166268 response_manager.cpp:227] SendResponseToClient local_id:21 seq:21 proxy_id:1
E20260308 00:17:09.540748 166268 lock_free_collector_pool.cpp:71]  update:277 seq:277 cap:256 update seq:21
E20260308 00:17:09.541857 166161 consensus_server.cpp:223] Selftest completed request i=19 ret=0 value=light_value
E20260308 00:17:09.541901 166268 response_manager.cpp:259] response sent to client local_id:21 seq:21
E20260308 00:17:10.364007 166162 stats.cpp:474]   req client latency:0.000188097
E20260308 00:17:10.545332 166161 consensus_server.cpp:291] Self-test passed mode=basic_ring (GET verified, last_value=light_value)
E20260308 00:17:10.545850 166161 consensus_server.cpp:294] RESULT mode=basic_ring num_requests=20 total_time_s=5.96103 throughput_rps=3.35512 avg_us=298047 p50_us=297014 p95_us=301387 p99_us=301387 min_us=293266 max_us=309896 status=OK
% time     seconds  usecs/call     calls    errors syscall
------ ----------- ----------- --------- --------- ------------------
 89.17  200.443002        3265     61383     19270 futex
  3.43    7.719611        1106      6977           clock_nanosleep
  2.36    5.295545      661943         8           epoll_pwait
  2.24    5.026871       13369       376           ppoll
  2.08    4.666154       88040        53        32 accept
  0.45    1.008579       12006        84           recvfrom
  0.10    0.217873          27      7980           getpid
  0.08    0.189060          22      8532         4 write
  0.06    0.128888          35      3581           gettid
  0.01    0.017695          18       940           mprotect
  0.01    0.012115          28       425           mmap
  0.01    0.012112          65       185           clone
  0.01    0.011755          28       413         1 ioctl
  0.01    0.011749          15       751           rt_sigprocmask
  0.00    0.005345          28       185           madvise
  0.00    0.004355          37       116           close
  0.00    0.004016          43        92           sendto
  0.00    0.003964           9       408           brk
  0.00    0.003904         105        37           socket
  0.00    0.003437          11       287           munmap
  0.00    0.002792          15       186           rseq
  0.00    0.002759          14       186           set_robust_list
  0.00    0.000597           8        68         2 openat
  0.00    0.000318           3        88         1 newfstatat
  0.00    0.000223           4        55           read
  0.00    0.000155           5        28           recvmsg
  0.00    0.000138           3        40           setsockopt
  0.00    0.000100         100         1           sched_getaffinity
  0.00    0.000095           4        22         1 connect
  0.00    0.000063           3        16           epoll_ctl
  0.00    0.000033           2        14           bind
  0.00    0.000014           2         6           getsockname
  0.00    0.000010          10         1           getrandom
  0.00    0.000008           2         4           eventfd2
  0.00    0.000008           8         1           prlimit64
  0.00    0.000007           0         8           listen
  0.00    0.000006           6         1           set_tid_address
  0.00    0.000005           0        15           rt_sigaction
  0.00    0.000004           1         4           epoll_create1
  0.00    0.000004           1         4           timerfd_create
  0.00    0.000002           1         2           getdents64
  0.00    0.000002           1         2           getuid
  0.00    0.000002           0         3           geteuid
  0.00    0.000000           0         6           fcntl
  0.00    0.000000           0         3           unlinkat
  0.00    0.000000           0         3           symlinkat
  0.00    0.000000           0         1         1 faccessat
  0.00    0.000000           0         4           lseek
  0.00    0.000000           0         4           uname
  0.00    0.000000           0         3           sendmsg
  0.00    0.000000           0         1           execve
------ ----------- ----------- --------- --------- ------------------
100.00  224.793375        2401     93593     19312 total",
